ST	mrkA	mrkB	mrkC	mrkD	mrkF	mrkH	mrkI	mrkJ
1	1	1	1	1	1	1	2	1
2	3	3	3	1	3	1	4	3
3	2	2	2	12	8	7	15	12
4	2	2	2	2	2	2	3	2
5	14	27	72	58	45	17	41	15
6	2	4	74	12	8	491	15	12
7	2	1	266	131	132	1	17	152
8	6	3	2	12	8	7	15	12
9	2	1	58	6	38	29	7	8
10	2	82	135	8	4	7	15	12
11	2	4	74	12	8	7	15	12
12	2	4	4	3	4	3	1	2
13	5	6	5	5	6	4	6	2
14	6	7	6	6	7	5	1	1
15	7	3	1	7	8	1	4	5
16	2	8	7	8	8	6	7	6
17	8	3	8	1	8	1	1	1
18	2	3	9	8	8	7	7	6
19	2	9	10	8	2	16	3	6
20	5	6	11	9	6	4	6	2
21	1	1	1	1	1	1	8	1
22	167	260	639	1	151	1	4	177
23	2	16	162	108	11	54	3	8
24	2	15	18	12	13	10	4	2
25	2	1	58	6	38	281	7	8
26	22	147	352	231	71	129	143	140
27	6	4	564	191	134	103	28	31
28	2	60	110	91	70	1	214	1
29	2	45	565	477	1	125	266	8
30	42	84	170	78	98	65	56	15
31	20	172	129	8	8	7	84	108
32	46	61	1244	806	9	395	229	58
33	6	11	12	11	10	1	1	1
34	2	12	13	12	11	1	10	8
35	4	5	14	4	5	1	5	4
36	9	13	15	13	12	9	11	9
37	6	11	16	15	10	1	1	1
38	10	5	17	4	5	1	12	4
39	6	14	12	11	10	1	1	10
40	11	2	19	1	14	10	13	11
41	6	11	12	11	15	1	1	1
42	2	16	20	16	11	11	14	8
43	9	17	21	17	16	9	16	13
44	12	3	23	19	10	1	1	1
45	13	18	24	20	18	12	4	6
46	2	4	25	12	8	7	15	12
47	2	16	20	21	19	13	4	14
48	2	12	13	22	11	1	10	8
49	2	2	2	23	8	7	15	12
50	2	2	2	23	8	14	15	12
51	14	19	26	24	20	17	19	15
52	15	20	27	25	21	18	20	16
53	16	21	28	26	22	19	21	17
54	4	4	29	27	4	20	4	18
55	17	22	12	28	8	21	7	6
56	4	23	30	29	8	22	7	19
57	12	1	31	8	2	10	17	1
58	18	1	32	29	8	1	7	19
59	9	13	33	30	16	9	22	20
60	9	13	34	30	23	9	23	21
61	9	24	35	31	23	9	24	22
62	14	25	36	32	24	23	25	23
63	19	1	37	12	8	1	4	24
64	9	26	33	33	16	24	22	20
65	14	27	38	34	25	17	26	25
66	2	28	39	12	26	25	3	26
67	2	29	40	1	5	1	27	27
68	12	30	41	35	27	10	28	28
69	2	7	1	36	11	26	14	8
70	20	3	42	37	28	1	29	1
71	13	31	43	38	8	10	4	6
72	21	32	44	39	29	27	4	24
73	6	33	45	1	1	15	28	8
74	22	3	46	40	11	10	4	8
75	23	9	47	41	30	1	4	29
76	2	22	48	42	31	28	30	6
77	13	34	49	12	32	10	4	2
78	6	35	50	43	1	10	4	30
79	17	22	12	28	8	10	7	6
80	2	2	51	44	1	10	4	2
81	24	1	53	1	34	1	28	31
82	6	35	54	43	1	10	4	30
83	20	3	55	46	1	1	32	5
84	9	36	56	30	35	9	23	32
85	9	37	57	47	36	9	33	33
86	2	1	58	6	38	29	35	8
87	25	39	59	49	1	10	4	1
88	9	40	60	50	23	9	36	34
89	9	13	61	31	16	9	37	35
90	2	2	2	23	39	14	15	12
91	2	2	62	23	8	7	15	12
92	2	2	63	23	39	14	15	12
93	2	41	63	23	39	14	15	12
94	2	42	63	23	39	14	15	12
95	12	3	64	19	10	1	1	1
96	12	3	65	19	40	1	1	1
97	26	13	66	51	23	9	38	36
98	27	44	68	53	42	17	39	15
99	1	1	1	54	1	1	2	1
100	2	2	2	55	8	7	15	12
101	12	2	70	56	43	30	4	1
102	29	3	71	57	44	31	40	38
103	9	13	73	59	16	9	42	20
104	3	3	3	60	3	1	4	3
105	6	3	129	100	83	1	1	66
106	2	28	87	12	8	38	10	46
107	2	16	566	1	184	1	4	14
108	6	79	154	1	8	1	162	5
109	6	4	10	2	4	2	3	2
110	111	77	376	306	46	1	1	2
111	2	16	20	1	11	64	14	8
112	2	45	129	12	3	10	5	139
113	148	128	567	1	164	231	210	202
114	9	37	57	47	36	9	33	36
115	2	82	135	440	4	12	4	2
116	149	28	87	12	8	38	10	46
117	9	37	1245	30	56	492	134	246
118	14	99	1246	808	489	23	418	90
119	129	210	568	264	217	1	4	24
120	9	37	1247	259	23	493	24	195
121	15	116	371	227	181	127	72	154
122	3	3	3	1	188	171	4	3
123	20	4	37	3	4	10	4	62
124	2	16	573	18	8	1	7	19
125	2	2	2	27	77	31	122	2
126	6	3	1248	12	8	7	15	12
127	12	2	135	8	4	2	4	2
128	9	263	1249	809	56	494	141	408
129	22	147	569	231	71	10	143	140
130	100	16	570	1	8	1	28	8
131	3	146	3	1	3	1	4	3
132	22	147	352	231	71	10	143	140
133	22	147	1250	231	71	10	143	140
134	56	1	177	137	100	1	81	85
135	4	5	76	4	5	1	5	4
136	4	5	14	61	5	1	5	4
137	2	9	83	8	8	7	47	409
138	2	9	83	8	8	7	47	6
139	4	23	37	29	8	22	7	19
140	2	82	135	8	4	495	4	2
141	2	127	335	8	2	2	419	125
142	3	3	3	810	3	1	4	3
143	310	2	2	55	8	7	15	12
144	12	30	41	35	71	1	28	28
145	3	3	3	811	3	496	4	3
146	2	1	58	6	38	164	7	8
147	311	421	343	812	163	125	40	206
148	99	147	353	1	71	1	140	139
149	178	272	503	409	273	18	230	243
150	2	33	655	1	1	1	17	68
151	6	7	269	6	7	5	1	1
152	2	65	204	12	8	77	4	2
153	2	3	696	131	8	1	10	8
154	2	2	2	278	8	136	15	12
155	2	2	2	299	8	7	15	12
156	2	180	2	12	8	7	15	12
157	2	2	2	281	8	7	15	12
158	56	5	12	11	10	101	1	1
159	312	77	38	24	92	502	39	410
160	99	422	353	1	71	1	140	139
161	4	2	665	235	28	504	271	153
162	8	3	1252	1	8	1	1	1
163	4	9	310	12	8	505	4	2
164	9	13	349	237	23	506	23	22
165	17	22	12	28	8	507	7	6
166	2	1	1253	6	38	29	7	8
167	4	1	37	29	8	22	7	19
168	49	7	155	223	71	1	4	74
169	2	188	688	43	490	10	100	30
170	9	53	166	65	23	9	46	78
171	9	17	200	76	16	9	16	32
172	2	2	2	12	183	7	15	12
173	6	48	1159	240	469	508	17	2
174	17	22	12	28	8	509	130	6
175	21	5	296	241	4	3	4	2
176	14	27	1254	149	24	98	421	90
177	22	3	46	1	11	10	4	8
178	6	35	317	8	2	115	128	1
179	314	13	1255	30	324	9	250	143
180	12	2	660	131	8	1	7	107
181	2	81	1180	242	11	280	7	8
182	2	424	2	12	8	7	15	12
183	56	5	1225	11	10	1	1	1
184	56	5	275	11	11	1	40	65
185	8	3	1256	1	492	1	1	1
186	2	139	204	12	8	10	4	2
187	2	4	110	243	180	1	4	1
188	13	31	112	12	31	1	30	6
189	4	89	244	12	8	10	4	2
190	3	3	3	1	3	1	422	413
191	9	13	365	244	23	9	22	100
192	6	3	20	131	486	510	271	19
193	1	1	1257	1	1	1	2	1
194	13	31	360	246	8	138	7	6
195	14	90	181	24	92	17	39	15
196	54	86	173	24	123	17	39	15
197	6	131	308	43	8	1	127	126
198	4	2	140	248	44	72	17	68
199	5	143	1259	229	1	1	147	1
200	14	44	1260	250	493	70	86	90
201	2	78	151	8	2	7	7	73
202	2	28	87	12	8	38	10	102
203	2	9	631	12	4	10	4	6
204	316	27	1261	78	178	17	39	123
205	7	3	878	253	1	1	4	128
206	6	246	642	1	252	1	61	1
207	317	3	75	8	494	511	59	6
208	14	27	367	254	178	17	39	15
209	303	35	50	43	495	10	4	30
210	14	27	1263	78	104	96	423	113
211	2	4	281	8	8	7	7	6
212	2	9	1265	8	2	1	3	6
213	6	3	123	100	79	1	424	63
214	42	27	553	121	92	17	39	15
215	9	13	126	102	81	9	38	20
216	2	3	603	219	38	120	4	1
217	2	4	394	12	8	1	1	1
218	2	82	135	8	4	12	4	411
219	6	79	354	1	8	1	28	5
220	6	3	20	131	1	1	271	19
221	9	13	78	62	48	9	23	39
222	9	24	1266	31	16	512	46	196
223	4	4	752	28	11	107	118	415
224	26	13	200	76	16	9	105	32
225	2	9	600	204	11	1	10	8
226	6	4	324	8	2	7	84	2
227	2	127	10	8	2	40	4	2
228	6	3	123	100	79	1	1	63
229	4	4	1267	219	38	15	4	1
230	2	4	110	204	11	1	426	2
231	2	16	1268	256	71	424	4	24
232	21	5	1269	241	4	3	4	2
233	2	2	169	131	11	1	407	2
234	4	9	310	12	8	10	4	2
235	2	127	10	8	2	40	121	125
236	26	13	1270	257	497	9	23	416
237	12	3	23	19	10	1	427	1
238	2	2	1271	258	11	1	407	2
239	9	13	283	88	68	9	428	57
240	26	13	1272	260	23	514	429	417
241	20	162	1273	1	145	515	124	1
242	6	4	10	262	498	2	3	2
243	2	33	708	263	17	158	1	1
244	130	210	568	264	217	1	4	24
245	9	36	1275	30	72	9	96	22
246	6	35	1278	8	2	115	128	1
247	2	245	190	148	105	69	3	6
248	13	31	739	57	44	146	4	148
249	12	428	70	161	1	1	4	133
250	2	82	110	91	70	1	63	1
251	22	147	1063	1	71	437	140	139
252	2	1	721	131	71	31	194	2
253	13	18	1279	271	18	12	4	6
254	319	429	191	149	24	70	86	90
255	42	27	553	121	92	17	432	15
256	15	296	259	409	129	263	106	116
257	1	1	1	1	8	1	1	1
258	13	31	1281	246	499	324	433	6
259	101	34	49	12	172	10	4	2
260	14	342	1282	154	92	339	311	15
261	320	5	14	4	5	1	5	4
262	2	1	58	6	501	29	7	8
263	2	16	267	35	71	1	1	114
264	2	28	1284	12	8	38	10	421
265	298	3	75	8	471	466	59	6
266	4	1	889	420	8	1	28	8
267	321	284	530	521	312	100	72	340
268	9	37	1285	482	269	9	22	22
269	3	3	3	1	3	137	4	3
270	2	2	2	12	8	136	15	12
271	2	2	2	372	8	7	15	12
272	2	2	2	814	8	7	15	12
273	2	2	2	815	8	7	15	12
274	2	2	2	816	8	7	15	12
275	2	2	2	12	8	518	15	422
276	2	2	2	12	8	7	434	12
277	2	2	2	301	8	7	15	12
278	9	431	283	88	68	9	53	57
279	97	13	346	13	167	9	142	138
280	146	240	433	101	249	18	70	117
281	47	76	145	117	90	55	72	81
282	14	72	159	421	110	17	39	15
283	14	44	1287	818	20	17	39	423
284	322	2	135	8	4	2	4	2
285	239	1	58	6	38	29	7	8
286	5	143	659	229	1	1	147	1
287	2	45	573	131	8	1	7	19
288	9	37	420	66	23	9	46	20
289	178	76	496	501	295	18	70	230
290	78	16	573	131	8	1	7	19
291	2	303	129	8	8	7	84	108
292	4	89	574	12	8	10	225	2
293	2	45	575	6	38	29	7	273
294	26	58	107	88	68	9	53	57
295	17	22	282	12	4	114	5	127
296	2	82	135	8	4	12	4	2
297	42	27	1289	78	489	43	436	424
298	6	4	10	2	53	2	3	2
299	21	5	296	205	4	111	123	2
300	6	128	297	36	11	1	1	65
301	204	129	298	206	145	1	124	1
302	12	16	299	1	44	1	125	53
303	2	22	48	42	31	104	30	6
304	12	3	300	131	146	38	10	1
305	9	13	915	660	56	375	341	349
306	13	31	301	12	31	1	30	6
307	6	130	826	207	8	15	126	107
308	56	5	303	131	146	38	10	83
309	9	13	1290	65	23	34	45	22
310	2	4	304	8	8	1	44	108
311	56	1	37	12	8	10	4	2
312	2	127	305	8	2	40	4	2
313	6	35	50	43	1	40	4	83
314	12	1	306	208	162	26	4	134
315	4	1	307	209	38	1	10	107
316	88	128	309	210	147	1	1	65
317	6	4	10	2	4	112	3	2
318	2	22	48	42	148	104	30	6
319	15	432	1291	25	21	520	20	244
320	4	102	311	211	8	1	1	1
321	89	132	312	225	8	1	1	1
322	6	7	313	6	7	5	1	1
323	2	2	314	1	149	10	4	11
324	12	3	284	200	140	1	4	1
325	2	45	129	8	11	29	7	8
326	6	3	129	100	83	113	1	66
327	17	22	315	12	4	114	5	127
328	90	1	316	131	1	1	4	128
329	2	2	2	12	8	7	15	129
330	6	35	317	8	2	115	128	130
331	6	79	154	1	8	116	4	5
332	56	1	177	137	150	1	81	85
333	2	22	319	42	31	28	30	6
334	2	33	320	212	8	117	4	131
335	4	133	321	213	151	1	124	1
336	13	141	322	3	4	10	1	62
337	2	28	87	12	8	2	3	54
338	2	65	204	12	8	10	129	2
339	4	134	323	214	11	1	4	8
340	6	3	129	215	83	1	1	66
341	2	135	135	8	4	12	4	2
342	9	13	1292	69	169	9	145	143
343	15	433	1293	820	181	263	72	425
344	49	7	46	1	11	10	4	8
345	2	82	110	131	8	10	7	19
346	2	2	2	12	8	118	15	12
347	12	30	41	216	71	1	28	28
348	91	70	325	108	11	38	10	8
349	17	22	12	28	8	119	130	6
350	2	4	326	8	8	1	44	108
351	4	82	327	217	8	7	15	2
352	2	136	328	8	4	12	4	2
353	92	127	10	8	2	40	121	125
354	2	82	263	8	4	1	4	2
355	6	16	329	218	149	1	40	11
356	2	2	330	12	8	7	15	12
357	6	65	331	12	8	1	4	2
358	6	35	50	8	2	54	3	2
359	2	2	51	226	1	1	4	132
360	2	2	51	226	1	1	4	2
361	12	2	70	161	8	1	4	133
362	2	7	333	12	31	1	30	6
363	93	3	7	8	8	10	7	6
364	2	34	2	12	8	7	15	12
365	22	3	46	220	11	10	4	8
366	76	112	247	1	38	1	40	1
367	13	3	75	8	8	40	59	6
368	2	2	241	8	8	1	1	108
369	2	4	74	12	8	121	15	12
370	26	58	107	821	68	9	53	57
371	2	16	221	12	116	10	7	19
372	4	1	156	221	44	31	40	38
373	9	24	1294	122	23	9	131	34
374	1	1	334	1	502	125	40	68
375	12	3	342	222	153	1	1	1
376	2	127	335	8	2	2	121	125
377	20	4	37	3	154	10	4	62
378	9	13	82	30	23	9	46	42
379	2	4	295	204	11	10	4	8
380	2	137	110	91	70	1	63	1
381	2	4	74	12	155	7	15	12
382	94	2	336	208	7	122	132	1
383	6	65	331	12	156	1	4	2
384	30	46	226	43	50	91	44	40
385	56	1	2	12	8	103	28	2
386	2	7	294	1	8	1	28	8
387	6	79	154	1	8	1	28	5
388	4	2	338	112	44	123	17	68
389	2	82	289	203	144	195	3	6
390	13	138	112	1	157	124	17	68
391	2	7	339	1	158	125	4	8
392	2	45	340	27	1	7	84	108
393	17	22	230	6	38	29	7	8
394	2	140	154	1	8	116	133	5
395	49	7	155	1	159	1	2	1
396	13	31	322	3	4	3	1	2
397	6	128	309	225	160	46	135	1
398	4	82	341	224	161	117	4	131
399	95	45	343	1	163	126	136	53
400	9	434	1295	65	23	521	23	22
401	2	2	2	12	8	518	15	12
402	2	2	2	823	8	7	15	12
403	4	1	572	345	38	15	18	1
404	12	2	135	824	4	2	4	2
405	2	2	2	825	8	7	15	12
406	7	218	576	131	100	1	4	142
407	4	1	572	228	38	15	18	1
408	15	435	1297	227	236	127	243	426
409	21	9	577	41	8	1	4	274
410	13	5	12	8	2	10	155	2
411	4	1	572	228	38	522	18	1
412	6	4	10	2	2	2	3	2
413	191	7	155	209	38	1	10	107
414	6	4	578	100	83	1	1	66
415	9	88	176	136	16	9	23	84
416	9	13	79	63	49	33	24	34
417	30	46	80	64	50	1	44	40
418	9	13	81	65	51	34	45	41
419	9	13	82	66	23	9	46	42
420	2	9	83	8	8	35	47	6
421	6	47	75	67	2	32	4	1
422	6	48	84	68	8	36	17	2
423	9	13	85	69	23	9	24	43
424	31	49	86	70	52	37	48	44
425	6	4	10	2	53	2	3	45
426	2	1	88	12	54	39	4	1
427	14	113	248	144	124	97	101	427
428	9	50	89	71	55	9	49	22
429	21	4	92	8	8	40	51	47
430	32	13	93	74	58	9	52	48
431	26	13	94	75	23	9	53	34
432	17	51	12	28	8	42	54	6
433	9	37	96	77	60	9	23	49
434	14	52	97	78	61	17	55	50
435	2	2	2	12	8	282	15	12
436	9	53	98	79	23	9	23	21
437	34	54	99	82	2	10	57	51
438	9	55	100	83	23	33	58	52
439	7	31	101	84	44	1	40	53
440	13	31	102	8	8	7	7	54
441	13	56	103	8	62	40	59	6
442	35	57	104	85	63	17	60	15
443	36	1	58	6	38	29	7	8
444	5	3	105	86	7	1	61	55
445	12	30	41	35	64	1	28	28
446	14	27	106	87	65	43	56	56
447	17	22	12	28	67	10	7	6
448	6	59	579	89	46	10	7	58
449	2	4	109	3	4	3	62	2
450	2	60	110	91	70	1	63	1
451	16	21	111	92	22	19	64	17
452	38	61	113	35	71	1	28	28
453	9	62	114	30	72	9	66	59
454	9	13	115	93	73	9	16	60
455	9	13	116	76	16	9	67	32
456	16	21	117	92	74	19	64	61
457	2	3	7	8	8	7	7	6
458	20	4	37	97	4	10	4	62
459	9	13	499	93	66	9	437	32
460	4	1	156	57	44	31	40	38
461	13	31	580	12	76	45	3	2
462	2	2	2	27	77	10	68	2
463	16	21	117	92	74	19	64	69
464	17	22	12	28	8	46	4	6
465	2	366	74	12	8	7	15	12
466	14	27	183	826	61	17	94	429
467	13	28	120	99	78	2	3	1
468	13	67	122	20	8	47	4	6
469	6	3	123	100	79	1	69	63
470	13	68	124	8	8	40	59	6
471	6	35	77	8	2	10	4	2
472	15	69	125	101	80	18	70	64
473	6	47	127	8	2	48	4	58
474	41	70	84	103	82	1	4	65
475	26	13	128	30	23	9	71	42
476	17	71	12	104	8	49	7	6
477	9	37	130	107	23	9	23	22
478	2	35	131	108	84	1	1	1
479	2	16	132	2	85	50	3	54
480	12	30	133	35	27	10	28	28
481	9	13	134	93	66	51	16	67
482	6	47	137	67	2	32	4	1
483	2	15	138	12	13	10	4	2
484	14	27	139	111	25	17	39	15
485	4	2	140	112	44	1	17	68
486	6	35	50	8	88	10	3	2
487	16	21	141	92	74	19	64	69
488	46	75	144	116	89	10	57	51
489	47	76	145	117	90	55	72	70
490	9	13	146	30	23	9	23	32
491	14	27	147	119	91	17	39	71
492	48	2	148	120	46	10	4	72
493	26	13	150	122	93	9	16	32
494	9	13	57	65	23	56	73	20
495	31	3	152	123	78	57	74	1
496	49	7	155	125	71	1	4	74
497	6	35	158	8	2	32	4	1
498	14	72	159	113	95	17	76	15
499	6	35	1298	8	96	10	7	76
500	17	22	160	28	8	21	7	6
501	9	13	82	30	23	9	78	42
502	51	80	161	126	97	17	39	15
503	2	16	162	108	11	54	3	77
504	1	81	163	127	11	58	10	8
505	46	2	164	128	46	283	17	58
506	13	83	168	130	17	59	3	2
507	6	35	10	43	1	10	4	30
508	2	2	169	131	11	1	1	2
509	42	84	170	78	98	60	56	15
510	2	3	152	132	31	61	30	5
511	53	85	171	133	52	62	79	80
512	54	86	173	24	42	17	39	15
513	13	31	174	8	50	1	44	40
514	6	47	175	8	2	32	4	82
515	6	4	10	2	2	2	80	2
516	22	147	352	231	71	284	143	140
517	323	81	163	127	11	38	10	8
518	2	153	2	12	8	7	15	12
519	2	153	2	299	8	7	15	12
520	2	2	1299	12	8	7	15	12
521	2	436	58	6	38	29	7	8
522	4	1	581	7	32	10	4	2
523	2	2	2	12	8	7	15	430
524	2	2	2	12	8	7	15	155
525	2	1	58	827	38	29	7	8
526	2	2	167	27	3	69	3	6
527	22	147	352	828	71	284	143	140
528	20	3	70	161	1	2	4	19
529	2	4	74	12	8	141	15	12
530	6	3	129	100	83	2	438	66
531	2	28	87	12	8	523	10	46
532	2	1	177	137	100	1	81	85
533	2	16	178	138	2	1	4	86
534	14	27	179	139	86	17	56	87
535	4	89	180	140	10	10	4	2
536	3	3	3	1	3	63	4	3
537	14	91	182	143	101	23	82	88
538	14	92	183	144	102	17	83	15
539	2	93	184	128	69	7	84	1
540	46	3	185	145	55	40	59	6
541	56	1	177	137	100	1	1	85
542	42	94	186	146	103	66	39	71
543	57	27	179	147	86	67	56	87
544	14	77	187	78	104	68	76	89
545	2	4	110	12	8	2	4	6
546	2	82	188	91	70	1	63	1
547	46	61	189	128	69	17	85	15
548	2	2	190	148	105	69	3	6
549	14	27	191	149	24	70	86	90
550	6	95	192	150	89	71	1	91
551	56	3	193	151	8	15	3	8
552	36	1	194	6	38	29	7	8
553	58	2	140	112	44	72	17	68
554	14	27	195	152	24	73	82	92
555	59	96	196	12	8	10	4	2
556	14	97	197	153	61	74	39	15
557	13	31	112	12	31	1	87	6
558	2	98	198	2	8	7	15	12
559	14	99	199	78	106	68	56	93
560	9	13	200	76	23	75	24	20
561	60	77	201	154	107	17	56	25
562	61	61	202	155	108	5	1	1
563	5	3	203	86	7	76	61	55
564	63	101	181	156	109	78	88	50
565	13	68	75	8	8	79	59	6
566	6	102	10	12	8	1	1	1
567	64	92	206	144	110	17	89	95
568	12	39	59	157	1	80	4	1
569	4	2	207	8	47	7	90	96
570	65	1	208	158	71	54	3	77
571	66	103	169	131	11	1	1	2
572	2	104	87	12	8	38	10	46
573	42	84	170	160	98	81	56	15
574	20	3	211	161	1	2	4	19
575	12	3	23	19	10	82	1	1
576	36	1	212	6	504	29	7	8
577	64	92	183	144	110	17	83	90
578	14	105	213	162	112	83	56	15
579	14	25	214	78	42	84	82	90
580	67	3	215	131	8	85	1	6
581	17	22	12	94	11	305	51	1
582	14	106	216	163	114	23	92	90
583	68	5	217	12	8	7	15	12
584	6	107	218	164	38	77	28	8
585	2	3	219	89	57	1	93	97
586	14	80	234	78	120	17	39	15
587	2	328	20	711	11	1	4	1
588	2	159	109	3	4	3	1	2
589	4	75	1300	131	214	1	4	128
590	2	82	135	829	4	7	15	12
591	26	13	945	30	412	9	23	352
592	7	376	41	35	71	1	4	139
593	6	3	1301	12	8	7	15	12
594	20	75	238	8	2	353	17	51
595	14	114	843	24	380	17	94	15
596	223	1	58	6	38	29	7	8
597	324	61	1302	830	17	283	17	2
598	3	3	3	1	3	524	4	3
599	2	28	39	12	26	240	3	26
600	17	437	12	28	8	10	7	432
601	56	162	1199	96	175	1	4	216
602	12	1	1303	649	1	1	1	1
603	12	1	41	649	1	1	1	1
604	2	1	388	332	132	1	17	58
605	76	112	247	1	38	1	439	1
606	6	1	388	332	132	1	17	58
607	6	2	749	8	138	103	28	2
608	46	45	75	389	46	40	348	1
609	2	4	252	12	127	99	4	6
610	7	145	898	1	10	1	1	1
611	3	3	3	1	3	525	4	3
612	12	3	23	19	10	1	440	1
613	4	75	398	131	214	1	4	128
614	2	82	364	108	11	54	3	8
615	2	9	1304	8	8	7	47	6
616	13	3	75	8	448	40	59	6
617	9	13	349	65	505	526	441	433
618	271	7	1060	1	159	1	2	1
619	22	147	1305	831	71	336	143	140
620	2	438	83	8	8	7	47	6
621	1	81	163	127	11	38	10	8
622	12	3	23	19	10	1	172	1
623	6	7	671	323	17	5	1	58
624	2	82	411	8	4	12	4	2
625	2	22	395	42	31	28	30	6
626	12	2	135	8	4	527	4	2
627	2	1	58	366	38	29	7	8
628	325	45	1306	832	46	7	15	12
629	17	22	1307	28	8	119	130	434
630	2	2	1308	833	8	7	15	12
631	2	4	1065	12	8	1	343	8
632	6	3	1309	100	83	2	4	66
633	5	143	659	229	1	1	116	1
634	12	70	84	103	82	1	4	65
635	30	46	1185	43	50	1	44	40
636	56	5	12	11	10	1	1	1
637	4	23	37	834	8	22	7	19
638	6	102	10	235	70	1	1	6
639	15	148	1311	409	296	263	72	436
640	2	16	20	360	11	64	179	8
641	117	1	388	131	132	132	17	152
642	2	1	58	6	38	529	7	8
643	2	439	1312	281	506	38	10	46
644	2	439	87	12	506	38	10	46
645	2	22	48	835	31	28	30	6
646	2	22	48	836	31	28	30	6
647	2	439	1312	12	506	38	10	46
648	327	3	1313	8	8	40	59	6
649	2	241	2	12	8	7	15	12
650	9	13	225	93	66	9	16	32
651	14	440	234	78	120	17	39	15
652	2	2	584	1	149	10	4	11
653	13	31	585	12	8	285	4	54
654	2	12	1314	12	11	1	10	8
655	2	9	236	542	46	29	7	8
656	26	13	94	75	23	9	442	437
657	2	2	586	228	327	1	29	1
658	8	3	587	131	8	1	28	8
659	12	2	70	161	1	1	4	133
660	20	3	1	12	119	332	7	104
661	2	2	1315	12	8	7	15	12
662	1	1	1	1	1	1	1	1
663	12	30	588	35	71	286	267	28
664	2	45	658	1	8	1	28	8
665	13	141	43	38	8	287	268	6
666	26	13	589	1	11	125	40	2
667	56	1	37	12	8	3	1	2
668	2	16	221	131	8	10	7	19
669	9	13	1316	69	23	9	23	195
670	13	2	1317	838	46	127	232	58
671	178	442	503	409	273	127	241	231
672	82	27	480	192	135	98	112	90
673	328	124	1319	628	136	530	443	121
674	2	7	590	1	44	125	40	38
675	2	22	1320	42	31	28	30	6
676	2	22	379	42	31	28	30	6
677	2	82	227	108	11	54	3	8
678	6	63	37	94	11	38	10	8
679	2	82	865	349	265	1	4	128
680	4	222	88	406	8	1	4	8
681	3	3	1324	1	3	1	4	3
682	21	9	47	41	208	1	4	29
683	2	12	13	12	11	1	10	438
684	9	13	1325	842	23	9	38	20
685	2	444	169	131	507	1	1	2
686	12	30	1018	1	431	1	28	1
687	13	3	75	843	8	40	59	6
688	49	380	155	1	159	1	2	1
689	12	211	341	228	54	1	183	1
690	56	5	1225	844	10	1	1	1
691	2	2	2	12	8	531	15	12
692	2	2	2	12	8	532	15	12
693	9	88	1326	30	23	9	445	21
694	9	445	1327	845	508	9	96	22
695	9	13	1328	846	509	9	16	32
696	9	37	1329	847	288	9	145	143
697	6	4	110	12	8	2	4	6
698	2	65	204	12	71	1	1	1
699	2	131	944	246	166	155	157	72
700	2	15	129	848	2	399	3	2
701	2	2	617	1	1	1	28	1
702	2	1	1330	6	38	29	7	8
703	14	80	1331	48	110	70	82	439
704	5	143	659	229	199	1	116	1
705	2	9	83	849	8	35	47	6
706	2	16	774	43	11	327	4	128
707	329	446	243	76	23	9	23	39
708	2	447	623	1	71	1	2	1
709	330	448	1333	850	9	395	354	7
710	6	35	1334	43	1	10	4	30
711	4	23	1335	29	8	22	7	19
712	14	2	1336	851	20	17	39	440
713	6	35	246	1	46	1	4	11
714	9	13	1337	852	23	9	250	441
715	20	4	37	3	71	31	194	2
716	42	80	161	853	110	533	39	15
717	2	9	786	600	2	2	305	2
718	330	338	1338	854	510	395	354	316
719	2	4	591	8	8	7	15	108
720	2	2	2	285	8	7	15	12
721	21	449	47	41	8	1	4	29
722	30	46	135	8	138	103	28	2
723	3	3	3	855	3	137	4	3
724	22	3	1017	1	11	10	4	8
725	46	45	67	389	46	9	22	1
726	4	82	327	217	1	1	3	1
727	2	2	2	543	8	288	15	2
728	13	31	129	8	8	289	7	6
729	331	450	1339	65	23	9	36	259
730	9	236	427	30	72	9	446	22
731	9	36	1340	856	72	9	96	22
732	9	24	963	630	23	9	447	22
733	9	451	1341	857	16	9	446	256
734	9	13	836	65	23	9	448	259
735	9	13	1342	858	511	9	449	442
736	15	116	1343	859	512	127	242	443
737	42	27	1287	860	92	17	82	245
738	9	13	1344	30	66	9	22	349
739	42	27	1287	860	513	17	82	444
740	14	27	220	165	92	534	94	15
741	9	13	82	66	115	9	46	42
742	2	15	592	8	2	86	3	2
743	20	75	144	8	2	10	57	51
744	4	2	140	112	117	87	17	68
745	14	80	222	166	110	88	56	98
746	13	3	223	123	26	2	3	99
747	9	108	224	65	23	89	95	100
748	9	13	33	30	72	9	96	101
749	2	28	87	12	8	90	4	46
750	69	3	152	83	23	33	23	1
751	2	28	223	12	26	2	3	26
752	136	452	1345	409	130	535	72	244
753	3	3	3	1	3	238	4	3
754	2	82	227	108	11	92	3	8
755	14	27	228	167	118	23	97	103
756	70	1	229	12	8	93	4	24
757	2	4	110	27	1	10	98	2
758	6	16	231	3	4	3	1	2
759	20	3	1	12	119	7	7	104
760	9	109	232	30	56	9	24	22
761	13	3	233	78	78	17	99	1
762	21	3	235	170	1	1	100	31
763	2	9	236	12	38	29	7	8
764	72	110	237	172	121	95	23	105
765	20	75	238	8	2	10	17	51
766	73	77	239	173	110	96	101	106
767	14	72	159	174	110	17	39	15
768	2	3	240	175	1	1	100	107
769	14	80	242	176	92	17	102	109
770	9	13	243	76	23	9	23	39
771	13	3	235	27	1	10	4	2
772	74	89	244	12	8	10	4	2
773	75	111	75	8	122	1	3	6
774	13	3	245	43	1	1	100	110
775	2	2	246	177	4	1	4	24
776	14	113	248	144	124	97	101	111
777	21	4	92	8	8	40	51	112
778	14	27	249	178	125	98	41	113
779	14	27	250	146	103	98	103	71
780	2	5	253	12	11	1	10	8
781	8	3	254	131	8	1	28	8
782	12	30	255	35	27	10	28	114
783	14	27	256	180	92	17	104	15
784	26	13	200	76	16	9	105	115
785	14	114	257	24	128	17	94	15
786	6	7	260	182	7	5	1	1
787	15	116	261	25	130	100	107	117
788	77	5	262	11	10	38	10	8
789	14	27	170	146	131	17	41	15
790	22	147	352	231	71	336	143	140
791	38	2	264	183	46	1	7	107
792	12	117	265	35	27	10	28	28
793	6	7	185	861	75	5	1	2
794	22	3	46	1	11	102	108	8
795	6	47	75	8	2	32	4	1
796	2	119	267	35	71	1	109	114
797	2	120	10	185	2	1	110	2
798	6	7	269	6	7	71	1	1
799	20	45	270	187	46	1	4	58
800	78	121	271	188	133	7	15	119
801	79	122	272	189	8	7	15	12
802	80	15	129	190	2	86	111	2
803	81	4	273	191	134	103	28	31
804	82	27	274	192	135	98	112	90
805	14	27	170	48	25	17	39	15
806	6	4	273	191	134	103	113	31
807	84	123	67	193	46	536	39	15
808	14	80	276	144	110	17	83	15
809	2	188	688	43	1	10	100	30
810	85	22	277	42	31	104	30	6
811	86	124	278	194	136	105	114	121
812	6	4	110	12	137	2	4	6
813	14	27	279	195	118	106	115	23
814	4	199	396	131	8	1	63	1
815	13	2	280	196	17	1	116	122
816	2	4	281	8	8	1	4	6
817	2	9	282	197	8	1	47	6
818	2	2	63	12	8	7	15	12
819	9	13	283	88	68	9	53	57
820	17	22	12	198	8	1	4	6
821	4	1	288	1	143	109	120	24
822	14	27	170	487	110	74	39	15
823	9	13	872	641	392	9	23	100
824	6	35	287	202	8	1	7	19
825	2	2	290	1	8	7	15	124
826	2	1	291	6	38	29	7	8
827	2	4	293	12	8	7	15	12
828	4	89	244	12	8	154	4	2
829	15	149	348	274	406	380	72	351
830	13	448	152	123	9	395	354	1
831	13	3	152	123	9	395	354	7
832	9	13	883	647	23	9	23	22
833	9	13	1346	30	23	9	46	445
834	14	27	257	24	128	17	94	15
835	332	82	135	8	4	12	4	2
836	330	338	1347	10	9	537	354	7
837	26	13	1348	76	514	9	16	105
838	13	31	112	12	515	1	30	6
839	2	4	326	8	8	7	15	108
840	2	195	685	339	7	538	61	171
841	2	453	20	21	1	1	93	1
842	2	1	53	1	34	1	28	31
843	9	13	349	237	23	9	23	22
844	16	85	1349	863	516	62	450	446
845	13	3	152	123	9	395	354	1
846	30	46	226	43	50	420	234	40
847	42	80	1350	24	92	17	39	15
848	9	236	427	30	72	9	96	22
849	2	16	777	8	8	196	4	2
850	240	4	10	2	4	2	3	2
851	3	454	3	1	518	1	4	3
852	6	35	680	43	1	403	4	30
853	14	455	251	864	519	540	452	2
854	20	3	42	292	78	1	29	1
855	20	3	42	292	520	1	29	1
856	20	3	42	292	521	1	29	1
857	333	36	1353	865	23	9	453	22
858	2	3	1354	290	8	7	7	6
859	6	3	123	100	79	259	1	63
860	334	28	87	12	8	541	10	46
861	12	70	84	103	82	542	4	65
862	17	22	12	28	8	543	454	6
863	9	37	1355	65	23	9	23	21
864	31	456	1356	866	523	544	455	447
865	26	13	1357	76	524	9	23	448
866	9	13	856	259	23	9	23	195
867	13	5	167	131	7	15	4	1
868	2	35	769	8	4	152	4	2
869	17	151	12	28	8	10	7	6
870	20	75	677	8	2	10	17	51
871	9	88	1360	868	16	9	23	20
872	2	4	109	3	4	3	1	2
873	6	4	273	191	134	103	28	31
874	4	293	323	8	4	545	4	264
875	2	93	1361	12	8	7	84	2
876	9	13	536	523	23	9	36	259
877	2	3	7	8	8	7	7	450
878	2	4	1362	8	8	7	15	108
879	13	458	1363	20	525	47	4	6
880	31	49	1364	869	526	57	457	451
881	2	9	1365	12	8	546	7	19
882	17	22	1366	28	8	21	7	6
883	9	24	1367	31	23	9	24	34
884	2	3	7	290	8	7	7	6
885	17	151	12	28	198	10	7	6
886	2	127	1368	8	527	85	93	6
887	26	37	420	66	23	9	46	20
888	13	31	49	12	174	10	4	54
889	17	3	1369	408	69	21	7	6
890	3	3	3	870	3	1	4	3
891	56	3	362	131	8	85	1	6
892	20	3	1370	292	528	1	29	1
893	14	27	170	487	110	74	458	15
894	216	338	801	606	368	337	309	316
895	330	338	1371	10	529	547	9	7
896	6	35	593	1	71	1	4	24
897	17	22	12	28	8	10	7	174
898	21	5	594	241	4	3	4	2
899	9	55	1372	871	530	9	459	452
900	2	28	223	12	26	548	3	26
901	337	27	181	245	531	17	39	453
902	9	13	200	76	299	9	53	247
903	14	27	179	139	532	52	56	87
904	14	101	493	24	92	17	56	15
905	9	13	126	102	81	9	16	20
906	12	2	1373	161	1	1	4	163
907	2	33	1374	1	71	10	7	19
908	33	460	1375	80	315	17	56	25
909	338	13	82	66	299	549	53	36
910	9	13	61	31	16	9	37	75
911	15	76	1376	227	533	550	460	454
912	4	4	752	28	11	107	118	83
913	14	27	1377	506	25	78	461	50
914	9	37	1378	76	23	95	23	254
915	3	3	598	544	8	10	7	19
916	339	2	2	12	8	531	15	12
917	6	3	1379	12	8	7	15	12
918	2	2	1380	12	8	7	15	12
919	2	22	48	42	31	94	30	6
920	2	28	87	12	287	38	10	46
921	1	1	1381	1	1	1	2	1
922	70	1	229	12	8	93	4	233
923	5	143	1382	229	199	1	116	1
924	54	86	1383	489	42	17	39	15
925	82	27	480	192	135	68	112	90
926	2	461	7	12	232	186	17	68
927	2	3	976	219	38	1	182	1
928	9	53	562	65	23	9	46	272
929	4	2	77	8	47	7	7	6
930	2	4	295	204	11	110	4	8
931	14	72	68	199	139	17	117	123
932	12	3	284	200	140	15	40	1
933	2	65	204	12	8	12	4	2
934	42	84	170	160	98	65	56	15
935	2	2	285	28	8	10	7	6
936	42	125	286	201	142	108	119	93
937	20	3	1384	228	7	1	28	8
938	61	4	599	1	8	109	120	24
939	2	9	600	8	8	40	3	6
940	20	3	738	39	8	10	7	6
941	4	1	572	228	250	15	18	1
942	3	3	1385	1	3	1	4	3
943	2	28	39	12	26	2	3	26
944	2	1	58	6	38	29	462	8
945	42	27	1386	873	534	17	39	455
946	9	13	1387	76	23	9	463	22
947	2	65	204	28	8	10	4	2
948	20	3	42	292	28	1	29	276
949	340	3	2	12	238	7	15	12
950	340	3	2	12	234	7	15	12
951	3	3	3	1	3	551	4	3
952	3	3	3	1	3	552	4	3
953	13	2	1390	392	75	1	4	58
954	2	2	2	12	8	226	15	12
955	2	4	1391	12	8	7	15	12
956	26	13	200	877	16	9	105	32
957	2	2	241	8	8	186	1	108
958	61	3	1392	277	100	553	4	142
959	6	2	740	1	1	10	4	8
960	2	9	282	12	8	7	47	6
961	6	5	14	878	5	1	5	457
962	2	303	129	748	8	7	84	108
963	12	2	135	880	4	2	4	2
964	95	45	343	1	163	125	40	206
965	4	1	572	228	38	554	18	1
966	4	1	1393	228	38	15	18	1
967	12	2	1394	881	4	2	4	2
968	6	102	1395	235	70	1	1	6
969	4	197	572	882	38	15	18	1
970	12	462	23	19	10	1	1	1
971	2	3	40	361	1	1	61	1
972	14	301	183	506	536	555	41	15
973	225	37	519	626	386	9	325	49
974	2	2	1003	131	4	117	1	128
975	14	27	1397	111	110	98	41	113
976	17	22	12	12	8	21	7	6
977	22	147	353	1	71	1	140	139
978	178	463	1398	883	295	556	198	458
979	14	77	187	78	104	43	56	346
980	14	2	97	78	46	17	464	50
981	2	4	601	8	8	7	47	6
982	14	464	461	24	92	557	39	15
983	12	39	602	49	1	10	4	1
984	146	240	535	884	537	263	260	205
985	42	27	1399	121	92	558	39	15
986	342	13	1400	30	23	9	96	22
987	14	27	279	195	118	106	465	23
988	9	13	1401	885	538	95	23	246
989	9	13	1402	886	23	9	265	459
990	343	9	282	8	8	559	47	6
991	14	27	72	887	20	98	39	15
992	9	13	1403	888	539	9	23	22
993	136	432	1404	409	540	560	20	244
994	9	13	1255	30	324	9	250	460
995	344	13	1405	122	23	9	23	461
996	82	27	480	192	135	98	41	90
997	2	3	603	219	263	1	4	1
998	6	35	50	8	2	40	3	2
999	12	2	604	251	27	10	28	28
1000	12	30	41	35	71	561	28	28
1001	4	1	572	882	38	15	18	1
1002	4	1	572	228	541	15	18	1
1003	9	13	1407	65	23	9	466	22
1004	9	13	116	62	543	9	53	36
1005	12	2	1	203	70	2	4	2
1006	56	82	1	235	70	1	1	6
1007	56	82	1	235	8	1	1	6
1008	15	142	344	227	129	127	72	135
1009	9	13	345	65	23	9	71	34
1010	97	13	346	13	167	9	23	138
1011	96	128	1409	1	164	128	125	136
1012	20	47	129	8	8	54	7	6
1013	4	1	971	230	165	10	137	137
1014	7	145	1410	1	10	1	1	1
1015	13	3	12	28	166	10	138	72
1016	2	7	1209	1	158	15	139	24
1017	2	15	605	246	166	155	4	72
1018	9	13	1412	65	23	9	71	449
1019	6	304	606	1	252	82	61	1
1020	12	30	1413	7	100	1	4	1
1021	14	80	1414	165	544	17	39	15
1022	2	2	2	12	545	531	15	12
1023	6	63	607	94	11	38	10	8
1024	346	465	1415	48	546	17	41	15
1025	42	27	170	78	98	562	56	15
1026	13	3	75	8	329	40	59	277
1027	136	432	1416	890	230	563	243	117
1028	9	450	1417	13	72	9	468	48
1029	136	432	1418	891	130	346	72	462
1030	13	305	129	8	2	32	4	1
1031	22	147	609	1	71	1	140	139
1032	9	13	1420	122	23	9	24	34
1033	14	140	154	1	8	15	4	1
1034	4	89	244	12	8	10	4	278
1035	13	31	210	12	31	1	30	6
1036	9	13	1421	47	36	9	53	36
1037	31	49	1422	133	526	564	79	463
1038	6	5	12	11	10	1	1	1
1039	2	2	2	2	365	2	3	2
1040	17	22	12	28	8	10	7	146
1041	9	13	460	30	56	492	134	246
1042	9	13	1423	65	395	9	24	341
1043	30	82	548	8	50	1	44	40
1044	4	138	20	21	1	1	93	1
1045	9	466	1424	892	16	9	322	20
1046	2	127	112	211	71	1	4	19
1047	13	16	20	43	50	1	4	19
1048	6	3	12	8	2	2	3	2
1049	6	4	1425	12	8	565	1	6
1050	9	13	1426	888	288	393	250	143
1051	26	58	107	88	68	566	469	57
1052	2	4	74	12	8	567	15	12
1053	14	467	1427	156	109	78	461	50
1054	9	13	926	30	23	9	16	32
1055	6	7	269	182	7	5	1	1
1056	14	468	1428	48	548	568	83	15
1057	20	3	610	339	330	1	132	279
1058	12	202	397	1	151	1	4	177
1059	12	202	397	1	151	1	4	464
1060	9	24	1431	894	16	569	24	465
1061	2	2	642	1	159	1	2	1
1062	2	2	623	1	71	1	2	1
1063	2	2	623	1	71	1	2	466
1064	4	2	207	8	47	7	7	467
1065	4	2	207	8	47	7	7	6
1066	9	55	100	895	549	9	53	36
1067	136	432	1432	896	130	127	72	462
1068	9	13	1433	641	23	9	23	100
1069	12	2	1434	228	348	570	283	1
1070	9	13	1435	897	23	9	470	22
1071	9	469	872	641	392	9	23	100
1072	12	3	1006	706	159	571	2	1
1073	5	143	1436	229	1	1	116	1
1074	14	77	1437	34	550	84	56	468
1075	347	45	794	6	38	572	28	8
1076	14	92	183	898	110	17	39	469
1077	270	15	1058	210	8	1	383	323
1078	3	3	3	1	3	360	4	3
1079	61	16	20	21	19	1	4	14
1080	2	126	292	131	11	1	1	2
1081	96	128	850	1	382	231	125	202
1082	9	13	1438	30	384	9	24	57
1083	4	210	437	443	4	40	3	2
1084	9	13	1439	899	23	9	24	470
1085	14	97	1440	153	61	17	94	429
1086	9	109	232	30	56	573	24	22
1087	6	35	1061	43	449	436	384	30
1088	89	132	1055	732	11	125	382	1
1089	61	328	747	1	1	323	299	1
1090	14	310	656	207	8	15	126	107
1091	9	13	563	541	240	574	23	471
1092	14	80	891	121	110	98	251	109
1093	14	470	1441	900	551	43	56	103
1094	9	13	1442	888	288	393	250	143
1095	56	82	646	901	335	1	4	14
1096	20	11	1443	902	8	1	28	8
1097	179	471	1444	903	288	9	471	143
1098	42	27	1445	121	552	17	39	15
1099	15	116	1446	904	296	575	472	472
1100	9	13	1447	30	23	9	473	36
1101	26	37	420	30	389	9	265	473
1102	4	1	1448	209	553	196	4	107
1103	2	1	58	6	38	576	7	8
1104	2	127	335	8	2	40	121	125
1105	9	13	460	30	56	9	239	57
1106	14	472	170	146	131	17	474	15
1107	9	275	520	30	56	9	254	255
1108	9	13	1449	905	23	9	23	22
1109	9	13	1450	30	384	9	332	474
1110	26	13	552	122	23	9	24	34
1111	9	13	1451	30	16	9	46	42
1112	26	13	1452	906	240	9	475	22
1113	2	1	88	12	54	1	4	1
1114	6	419	10	12	8	577	1	1
1115	2	16	659	131	8	1	7	19
1116	15	116	1453	904	554	578	472	475
1117	9	13	1454	75	66	9	16	32
1118	195	7	1054	730	54	117	381	1
1119	2	16	20	131	8	1	7	19
1120	15	116	1455	907	130	535	20	476
1121	6	35	718	28	354	1	4	6
1122	9	13	1387	76	23	9	23	22
1123	9	13	1456	30	555	95	23	477
1124	2	382	1457	40	8	579	30	145
1125	9	13	1458	908	81	9	38	20
1126	6	35	1095	750	28	1	156	29
1127	14	473	1460	250	556	580	86	90
1128	4	1	52	45	33	1	31	8
1129	117	2	388	131	132	132	17	152
1130	117	1	1461	609	132	132	17	152
1131	2	82	135	8	4	581	4	2
1132	9	53	166	909	23	9	46	78
1133	2	400	1117	228	460	1	2	1
1134	15	116	1462	910	129	127	72	81
1135	348	22	379	911	31	28	30	6
1136	12	323	20	580	8	1	4	6
1137	2	2	2	12	8	1	476	6
1138	6	4	1464	753	8	7	84	108
1139	15	474	1465	25	21	535	20	478
1140	15	475	1466	503	297	263	72	135
1141	350	3	823	1	8	107	118	83
1142	9	24	1467	31	23	9	24	22
1143	15	148	529	520	311	275	243	252
1144	2	47	75	8	2	10	4	125
1145	9	13	78	913	48	9	23	39
1146	9	36	115	93	73	9	16	60
1147	2	4	410	8	8	7	47	6
1148	15	230	1468	409	273	582	232	231
1149	17	22	1469	28	8	10	7	6
1150	9	13	1470	244	23	9	22	100
1151	351	13	1444	914	288	9	471	143
1152	9	13	1471	122	23	9	477	479
1153	136	432	1472	915	230	100	478	81
1154	14	476	1473	900	557	23	56	103
1155	9	13	1474	30	56	9	239	57
1156	2	477	876	209	38	1	28	387
1157	9	13	1420	122	23	9	23	100
1158	9	36	1475	916	23	34	96	480
1159	56	1	1476	12	8	1	479	2
1160	352	13	146	30	23	9	480	32
1161	353	13	116	62	558	9	53	36
1162	12	2	1062	161	1	1	4	163
1163	9	13	1444	903	559	583	471	143
1164	9	13	1444	903	559	9	471	481
1165	9	13	1444	903	559	9	471	143
1166	9	13	1477	47	36	9	53	36
1167	9	13	1478	641	23	9	96	482
1168	2	478	48	42	31	28	30	6
1169	26	13	1479	75	23	9	53	34
1170	14	80	1480	146	92	17	144	15
1171	20	4	88	73	8	40	3	2
1172	2	82	135	734	4	7	15	12
1173	30	46	1226	11	10	1	1	1
1174	9	479	499	93	23	9	24	20
1175	9	37	57	917	395	9	24	483
1176	56	201	1481	1	5	584	40	68
1177	14	27	1482	918	544	17	39	484
1178	14	77	493	80	25	17	56	15
1179	22	147	67	919	41	10	143	485
1180	14	27	463	121	272	17	231	15
1181	173	27	1483	920	42	17	481	486
1182	204	321	20	131	8	1	7	19
1183	2	16	1219	477	1	1	1	1
1184	2	2	1167	235	28	1	271	29
1185	14	80	1485	487	110	17	39	71
1186	15	116	1486	921	130	585	482	462
1187	354	263	1487	30	288	9	471	143
1188	2	259	1488	208	7	122	483	1
1189	178	442	1489	274	129	586	230	227
1190	9	13	82	30	23	9	340	20
1191	9	13	1490	66	16	9	16	105
1192	9	282	1491	922	560	9	23	48
1193	26	13	1357	76	23	9	23	448
1194	178	442	503	409	273	127	232	231
1195	9	13	421	923	561	9	204	198
1196	9	13	1492	903	288	9	471	143
1197	9	13	1493	924	23	9	23	21
1198	9	37	1494	682	288	9	250	487
1199	15	480	1495	409	130	127	72	462
1200	49	15	1496	45	38	15	4	1
1201	14	27	1497	78	562	17	26	488
1202	26	13	1498	75	23	9	24	34
1203	15	116	1499	25	563	100	243	205
1204	6	33	1053	212	8	1	28	343
1205	9	13	1500	30	564	9	484	32
1206	272	1	1071	375	44	1	1	68
1207	4	11	1084	1	203	1	1	1
1208	2	195	685	339	7	587	61	171
1209	2	195	734	339	7	1	61	171
1210	95	128	661	926	565	15	4	1
1211	14	44	1501	24	128	17	485	15
1212	42	94	1502	927	566	588	86	90
1213	2	2	2	12	54	1	4	1
1214	2	2	2	928	2	2	3	2
1215	9	13	351	69	169	9	145	143
1216	42	482	1503	929	42	43	56	489
1217	9	13	82	30	23	9	46	342
1218	9	13	82	30	567	9	46	42
1219	13	18	129	29	8	22	7	19
1220	9	483	1505	930	23	526	429	34
1221	2	12	1506	131	568	1	5	104
1222	21	45	1507	325	8	28	7	19
1223	72	110	1508	931	570	591	204	143
1224	356	13	1509	932	23	9	23	100
1225	9	36	505	647	16	9	488	20
1226	9	13	243	933	23	9	23	39
1227	9	13	421	934	240	9	489	42
1228	5	3	456	228	38	15	40	1
1229	14	101	1510	156	290	17	82	235
1230	82	27	480	192	571	592	112	90
1231	2	1	88	12	54	1	4	490
1232	9	13	1511	640	23	9	24	34
1233	9	13	1512	935	23	9	23	22
1234	9	13	499	30	56	494	490	408
1235	9	37	678	342	75	9	250	329
1236	6	35	50	558	338	10	15	2
1237	9	263	1514	62	288	593	250	143
1238	246	386	190	148	105	434	3	6
1239	1	1	1	1	572	1	2	1
1240	9	13	1516	122	561	9	24	34
1241	357	13	1517	259	23	594	24	22
1242	72	484	1518	936	16	9	253	493
1243	358	13	82	30	23	9	493	42
1244	2	1	1057	18	17	1	17	152
1245	9	55	1519	937	23	33	23	52
1246	2	82	135	8	4	2	4	494
1247	12	30	822	21	1	2	4	1
1248	9	13	33	938	23	9	23	20
1249	4	1	1520	545	11	125	40	2
1250	9	13	1521	79	16	9	23	495
1251	42	80	1350	853	321	65	56	232
1252	15	148	152	123	78	595	494	1
1253	2	2	631	939	333	1	495	24
1254	14	80	276	24	574	17	89	15
1255	99	147	353	1	575	1	140	139
1256	9	13	82	940	23	9	46	42
1257	99	147	353	391	71	1	140	139
1258	99	147	353	1	71	596	140	139
1259	99	147	353	941	71	1	140	139
1260	13	34	1	8	4	152	4	2
1261	133	216	1523	35	149	1	40	11
1262	56	2	1525	942	576	107	118	122
1263	2	127	337	8	2	10	215	2
1264	3	485	3	1	3	1	4	3
1265	13	31	49	12	8	10	4	54
1266	54	86	1383	24	42	17	39	15
1267	14	77	1526	943	86	98	103	87
1268	2	2	2	12	255	7	15	12
1269	2	82	188	312	70	1	63	1
1270	20	4	37	3	4	7	164	62
1271	22	3	1001	1	578	403	4	8
1272	2	3	976	311	11	10	4	8
1273	15	363	916	663	579	18	245	231
1274	2	82	129	8	8	7	169	6
1275	2	22	387	329	192	28	30	6
1276	9	37	1530	65	51	9	23	41
1277	13	141	1531	12	31	1	498	6
1278	14	301	183	506	92	17	39	15
1279	2	82	135	8	4	2	4	2
1280	26	58	107	88	68	597	53	57
1281	9	13	1532	122	23	9	16	32
1282	9	13	1444	903	288	9	46	498
1283	6	4	1533	12	137	2	4	6
1284	61	2	288	6	32	109	4	2
1285	2	1	88	73	54	1	4	1
1286	121	3	611	1	8	107	118	83
1287	95	489	1534	1	340	10	1	1
1288	191	7	46	1	11	10	4	8
1289	2	45	129	12	11	29	7	8
1290	13	490	112	12	31	1	30	6
1291	2	3	812	615	371	1	312	1
1292	30	46	1535	946	8	10	129	2
1293	6	4	14	4	5	40	4	53
1294	129	210	1536	3	4	1	4	2
1295	4	1	798	1	343	38	10	1
1296	2	3	1537	477	11	15	28	8
1297	12	30	41	35	71	162	28	28
1298	4	1	1538	7	32	598	4	2
1299	6	7	269	6	7	5	1	499
1300	21	9	47	41	8	1	4	381
1301	9	13	1539	259	23	9	53	22
1302	2	82	135	209	38	1	10	107
1303	2	9	953	8	2	10	4	2
1304	4	75	398	214	383	2	326	8
1305	56	336	789	68	8	10	307	2
1306	56	1	177	137	100	448	81	85
1307	4	3	1540	210	580	1	4	285
1308	121	3	630	131	205	186	125	175
1309	359	2	288	1	8	109	120	24
1310	2	9	10	8	2	1	3	6
1311	6	3	2	947	8	7	15	12
1312	2	2	2	12	8	599	15	12
1313	6	3	612	12	8	1	1	2
1314	6	35	54	43	1	290	4	30
1315	42	491	181	948	581	17	203	15
1316	14	289	1541	949	290	17	499	235
1317	4	89	1542	12	8	600	4	2
1318	330	338	1338	854	510	601	354	316
1319	42	86	181	24	20	17	19	15
1320	4	306	613	477	1	1	1	1
1321	2	1	88	12	54	1	4	280
1322	2	1	388	332	132	1	17	500
1323	20	3	1543	46	1	1	32	5
1324	117	1	1005	131	132	132	17	152
1325	9	236	427	30	72	9	500	22
1326	2	1	1546	6	38	29	7	8
1327	12	2	684	228	348	10	283	1
1328	9	13	1547	93	66	350	16	32
1329	2	1	58	6	38	602	7	8
1330	2	1	58	6	582	29	7	8
1331	2	16	20	1	11	603	14	8
1332	12	2	70	161	1	1	4	163
1333	209	1	754	18	17	1	270	83
1334	4	1	307	209	38	1	28	107
1335	2	16	573	131	8	1	7	19
1336	26	13	1548	122	93	9	16	32
1337	2	16	1549	131	8	1	7	19
1338	2	2	1052	228	8	1	28	8
1339	146	240	1550	101	249	18	501	117
1340	9	40	1551	50	23	9	36	34
1341	4	1	889	653	8	1	28	8
1342	2	1	802	607	360	1	270	83
1343	9	275	520	30	413	9	201	254
1344	9	13	838	623	36	9	322	325
1345	2	3	754	18	17	7	15	58
1346	2	1	864	607	360	1	270	83
1347	9	37	57	47	36	9	53	36
1348	2	60	907	91	70	1	320	1
1349	56	3	362	131	71	1	4	68
1350	9	13	1552	952	16	9	46	196
1351	13	68	75	300	8	40	59	6
1352	9	13	460	30	56	9	22	246
1353	26	13	1553	672	23	378	23	34
1354	2	1	1554	6	582	29	7	8
1355	6	35	50	731	1	10	4	30
1356	361	27	179	139	86	17	56	87
1357	4	96	244	12	8	10	4	2
1358	2	1	1555	6	38	29	7	8
1359	2	1	58	671	38	29	7	8
1360	2	60	110	91	70	1	502	1
1361	61	219	1143	131	11	1	4	187
1362	9	40	472	50	23	9	36	34
1363	4	222	167	406	8	1	4	8
1364	2	2	637	1	8	1	4	5
1365	9	13	452	66	23	9	23	100
1366	14	25	36	32	24	23	154	23
1367	2	4	109	3	4	372	1	2
1368	20	11	391	1	203	1	174	1
1369	362	3	2	12	8	7	15	12
1370	17	22	1556	28	8	10	7	6
1371	4	492	37	29	8	22	7	19
1372	2	9	83	8	8	606	47	6
1373	9	37	921	65	405	378	23	34
1374	15	493	1559	409	319	127	241	252
1375	22	3	46	1	11	607	4	8
1376	9	40	60	50	584	9	36	34
1377	9	37	1562	76	23	9	23	254
1378	6	140	154	1	8	116	4	5
1379	2	16	378	1	44	125	165	68
1380	9	37	844	244	324	9	250	329
1381	269	22	12	28	8	10	7	6
1382	2	195	685	339	7	1	61	171
1383	9	37	1247	259	585	493	503	195
1384	9	36	754	18	17	9	96	22
1385	202	3	75	954	1	40	59	6
1386	26	494	107	88	68	9	504	57
1387	4	1	665	235	38	1	156	153
1388	9	13	562	630	23	9	53	22
1389	9	13	82	66	23	9	46	502
1390	6	3	129	100	83	435	1	66
1391	9	13	134	93	66	51	16	503
1392	4	81	745	84	202	608	173	8
1393	12	2	993	28	8	10	7	6
1394	4	1	156	57	44	609	40	38
1395	117	1	743	131	132	132	17	152
1396	4	1	889	341	1	1	28	8
1397	2	22	1564	42	31	28	30	6
1398	9	13	134	93	66	51	16	32
1399	14	342	809	154	92	610	311	15
1400	2	9	77	8	8	1	4	6
1401	9	13	875	65	23	9	24	22
1402	21	9	47	41	8	1	4	29
1403	222	350	841	625	23	9	323	328
1404	9	13	1567	30	93	9	16	32
1405	14	27	1568	80	574	17	39	15
1406	6	332	50	43	1	10	4	30
1407	26	13	200	672	23	378	23	34
1408	2	28	910	12	26	2	3	26
1409	139	9	47	423	1	1	4	29
1410	4	1	889	341	8	1	28	8
1411	129	16	1059	594	361	1	2	1
1412	6	33	893	212	8	1	28	343
1413	364	1	388	131	132	132	17	152
1414	314	13	619	18	201	9	250	58
1415	26	13	552	634	23	9	24	34
1416	2	1	1573	957	17	1	17	58
1417	22	3	1574	1	11	10	4	8
1418	9	13	1576	959	23	9	239	22
1419	9	13	1577	338	17	9	239	57
1420	9	13	200	76	23	9	24	20
1421	20	75	633	702	8	10	278	2
1422	12	2	70	56	587	30	4	1
1423	9	40	60	50	23	376	36	34
1424	9	497	1578	65	23	9	36	259
1425	2	12	1579	12	11	1	10	8
1426	14	27	183	111	110	611	39	504
1427	9	13	855	630	23	9	24	332
1428	9	13	1581	62	48	9	23	505
1429	12	498	41	35	27	10	28	28
1430	21	9	635	334	197	10	4	125
1431	26	58	107	960	68	9	53	57
1432	12	1	31	8	2	10	17	506
1433	9	13	1582	88	68	9	53	57
1434	4	3	1583	1	375	1	1	323
1435	9	13	460	30	56	9	22	507
1436	365	82	135	8	4	12	4	2
1437	12	499	23	19	10	1	1	1
1438	26	13	1584	630	23	9	53	22
1439	366	39	59	961	1	10	4	1
1440	4	96	244	12	589	10	4	2
1441	3	3	598	1	8	10	7	19
1442	4	35	355	279	133	1	28	8
1443	9	13	1585	903	586	9	471	143
1444	178	76	1586	962	590	612	505	508
1445	13	179	285	323	17	12	4	162
1446	9	13	1587	30	56	9	22	246
1447	244	1	58	6	38	29	7	8
1448	9	13	499	93	66	9	16	32
1449	2	1	1589	6	38	29	7	8
1450	17	22	230	963	55	10	7	174
1451	9	13	817	903	586	9	471	143
1452	9	13	962	102	81	9	38	20
1453	17	71	12	28	8	10	7	6
1454	220	5	745	622	378	15	4	1
1455	7	145	828	1	10	1	1	1
1456	17	22	12	28	8	10	7	509
1457	368	2	336	208	7	122	132	1
1458	2	16	573	131	8	1	7	510
1459	9	13	1591	966	48	9	23	511
1460	33	27	1592	80	315	17	56	25
1461	6	2	639	1	151	1	4	2
1462	14	249	441	58	92	17	39	15
1463	15	230	458	274	129	614	230	227
1464	136	226	1594	496	130	615	243	231
1465	1	1	1	1	1	1	161	1
1466	9	13	522	619	23	9	255	256
1467	6	332	1595	43	1	10	4	30
1468	9	500	841	625	23	9	323	328
1469	12	2	70	56	43	616	4	1
1470	55	501	421	31	16	9	46	58
1471	326	116	1310	967	181	528	243	435
1472	17	22	12	28	8	119	130	434
1473	146	240	486	492	291	617	72	236
1474	2	11	614	1	8	1	4	281
1475	9	13	1596	62	543	9	53	36
1476	6	3	2	12	8	618	15	12
1477	6	3	2	968	8	7	15	12
1478	6	3	2	278	8	7	15	12
1479	6	3	1597	12	8	7	15	12
1480	6	169	1598	12	8	7	15	12
1481	340	3	2	12	8	7	15	12
1482	6	3	1599	12	8	7	15	12
1483	6	212	2	12	8	200	15	12
1484	6	3	2	12	207	7	15	12
1485	6	3	2	463	8	7	15	12
1486	161	3	2	12	8	7	15	12
1487	6	3	2	350	8	7	15	12
1488	6	170	2	12	8	7	15	12
1489	6	171	2	12	8	7	15	12
1490	6	3	2	12	8	7	168	12
1491	15	269	1600	969	591	100	506	252
1492	3	3	3	1	3	1	4	282
1493	9	13	1601	970	56	619	429	512
1494	13	3	615	43	1	1	100	31
1495	2	30	616	1	5	1	28	1
1496	133	216	1013	1	592	10	507	11
1497	13	31	112	12	31	1	508	6
1498	22	307	46	1	11	10	4	8
1499	2	2	618	1	100	1	269	8
1500	13	34	1	8	4	10	4	2
1501	14	27	181	971	110	620	39	15
1502	26	37	420	66	23	9	509	20
1503	9	13	1603	30	23	9	46	513
1504	369	502	1604	65	23	9	510	48
1505	15	269	1605	493	292	263	511	476
1506	30	46	135	12	8	10	129	2
1507	14	27	1606	972	593	68	56	15
1508	14	44	1296	48	594	17	153	50
1509	370	80	493	165	544	17	512	15
1510	9	13	499	973	595	9	16	32
1511	15	116	1607	944	130	100	20	497
1512	371	503	1608	974	181	127	262	514
1513	146	240	1609	101	249	18	70	117
1514	26	13	35	76	16	9	16	32
1515	2	1	620	545	7	291	7	8
1516	14	504	1610	975	25	78	56	515
1517	2	16	621	131	8	15	28	8
1518	6	505	10	12	8	28	7	19
1519	9	13	421	31	16	9	46	196
1520	2	2	2	12	8	7	15	2
1521	9	13	1611	30	596	9	239	516
1522	2	4	110	546	331	1	4	1
1523	2	9	10	8	2	219	3	199
1524	9	13	1612	65	23	9	513	449
1525	15	503	1613	532	316	127	262	64
1526	9	13	283	88	68	621	428	57
1527	15	116	1614	976	181	127	514	517
1528	15	116	1615	891	130	18	20	518
1529	14	105	1616	977	597	622	56	103
1530	9	13	817	617	72	9	23	195
1531	178	76	1617	978	273	18	70	231
1532	2	2	1618	379	8	1	28	8
1533	46	61	89	547	46	292	7	1
1534	13	31	129	8	8	7	272	6
1535	9	13	419	65	56	9	515	519
1536	2	3	603	219	460	1	122	1
1537	6	2	37	12	8	12	4	2
1538	136	432	1619	25	21	100	243	205
1539	14	301	1620	24	92	17	39	15
1540	15	432	1621	25	598	100	516	462
1541	136	452	1345	409	130	535	20	244
1542	15	433	1466	503	297	263	72	135
1543	59	1	622	1	8	1	10	283
1544	15	116	27	25	21	623	20	16
1545	26	13	1622	30	66	9	517	75
1546	9	13	1623	30	56	9	239	57
1547	192	3	624	548	5	10	273	19
1548	372	506	1624	896	130	535	518	81
1549	331	13	1625	979	23	624	519	259
1550	9	13	33	30	16	9	255	256
1551	15	116	412	980	21	18	20	244
1552	14	44	1287	981	20	17	39	423
1553	4	9	625	8	4	152	4	2
1554	93	3	7	8	8	1	63	6
1555	15	148	1626	982	599	127	72	135
1556	9	13	1627	65	23	9	24	43
1557	9	13	1628	122	56	9	22	520
1558	9	13	82	30	23	9	23	521
1559	56	33	70	161	1	1	4	163
1560	218	3	1	12	119	7	7	104
1561	13	155	643	131	71	1	1	6
1562	6	3	20	725	252	1	61	1
1563	2	3	814	131	372	341	314	31
1564	6	3	20	131	252	1	61	1
1565	2	82	930	8	4	1	4	2
1566	2	3	814	131	372	341	314	522
1567	2	16	20	131	8	1	313	19
1568	2	65	1629	161	1	1	4	163
1569	2	16	834	4	5	1	40	53
1570	13	34	1	12	8	10	4	2
1571	2	3	731	27	3	69	3	6
1572	4	5	14	12	8	28	7	19
1573	4	9	1630	12	600	196	4	2
1574	6	35	709	131	1	1	4	5
1575	26	13	1631	122	23	625	46	34
1576	373	507	1632	65	23	626	36	259
1577	2	1	74	12	8	7	15	12
1578	9	24	1633	31	23	627	520	22
1579	6	7	269	6	7	344	1	1
1580	4	138	1634	21	1	1	93	1
1581	3	214	3	1	3	205	4	3
1582	3	146	3	391	3	1	4	3
1583	3	3	382	1	3	1	4	3
1584	3	3	3	432	3	1	4	3
1585	345	3	3	1	3	1	4	3
1586	3	3	3	1	225	1	4	3
1587	3	3	3	1	3	237	4	3
1588	3	220	3	1	3	1	4	3
1589	3	3	3	381	3	1	4	3
1590	3	3	3	16	3	1	4	3
1591	3	3	3	346	3	1	4	3
1592	3	3	3	476	3	1	4	3
1593	3	3	3	1	3	177	4	3
1594	3	3	3	1	3	180	4	3
1595	3	3	3	344	3	1	4	3
1596	3	3	3	1	3	628	4	3
1597	3	3	1636	1	3	1	4	3
1598	3	3	3	1	3	197	4	3
1599	3	2	3	1	3	1	4	3
1600	3	3	3	1	3	629	4	3
1601	3	3	3	983	3	1	4	3
1602	3	3	1637	1	3	166	4	3
1603	3	3	3	381	3	1	207	3
1604	3	3	3	1	3	163	4	3
1605	3	3	3	1	185	1	4	3
1606	3	3	3	1	3	630	4	3
1607	3	3	3	1	3	156	4	3
1608	374	3	3	1	3	1	4	3
1609	3	3	3	1	3	631	4	3
1610	3	3	3	413	3	1	4	3
1611	3	3	3	391	3	1	4	3
1612	3	3	3	1	3	166	4	3
1613	6	3	2	12	119	7	15	12
1614	56	2	728	349	71	1	294	68
1615	12	145	666	228	38	15	40	1
1616	375	82	1640	27	602	1	1	523
1617	4	2	88	12	8	1	4	8
1618	376	2	1641	148	105	69	3	6
1619	2	82	135	986	4	12	4	2
1620	20	3	673	228	7	1	127	1
1621	377	508	1642	521	312	100	72	340
1622	13	1	1644	351	46	132	17	1
1623	12	3	1645	19	10	1	521	1
1624	14	27	1646	178	125	98	41	113
1625	14	92	1647	987	110	17	261	245
1626	2	4	326	43	1	40	4	83
1627	330	448	1333	10	9	8	9	7
1628	2	4	998	137	71	632	4	68
1629	4	82	1648	228	161	117	4	131
1630	6	510	129	100	83	1	1	66
1631	117	67	1649	131	46	132	17	1
1632	13	1	755	266	11	132	17	152
1633	56	4	991	8	8	7	7	6
1634	14	27	1650	113	103	17	522	15
1635	375	82	135	27	602	1	1	523
1636	6	3	129	100	83	293	274	66
1637	9	511	1492	903	288	9	471	143
1638	15	363	1651	663	273	633	245	231
1639	15	148	1652	988	273	18	245	231
1640	22	3	46	1	179	10	4	8
1641	9	13	1653	903	288	9	471	524
1642	42	27	1654	989	110	98	523	93
1643	4	9	310	12	8	2	3	2
1644	182	148	1655	990	603	595	524	525
1645	14	512	1656	111	534	17	39	455
1646	14	113	1657	192	135	68	112	90
1647	9	24	1658	31	16	9	23	526
1648	378	76	145	117	90	634	72	527
1649	15	513	1659	991	181	127	72	252
1650	14	25	1660	992	604	98	525	528
1651	15	514	1661	993	605	263	72	529
1652	15	268	487	409	181	263	241	237
1653	13	31	627	12	166	155	4	27
1654	14	27	250	853	566	17	83	15
1655	26	13	552	30	56	9	471	530
1656	14	465	1526	943	86	98	103	87
1657	15	148	1662	976	606	263	526	135
1658	193	11	628	550	332	294	275	6
1659	14	80	1663	822	61	17	94	531
1660	2	65	88	94	333	1	110	24
1661	6	2	2	12	8	2	3	2
1662	6	11	629	12	266	10	3	2
1663	15	515	1664	227	273	18	70	231
1664	2	1	630	1	149	1	40	11
1665	12	133	321	213	151	1	124	1
1666	15	148	1665	994	607	127	527	135
1667	6	7	269	6	7	5	276	284
1668	21	9	12	8	2	2	277	2
1669	15	271	1666	409	273	18	70	231
1670	6	35	77	8	2	1	4	2
1671	15	148	1661	993	605	263	72	529
1672	178	76	496	501	295	18	529	230
1673	14	481	1667	995	608	635	153	15
1674	13	31	174	12	8	2	1	6
1675	56	2	728	349	71	636	294	68
1676	9	37	921	65	23	9	530	532
1677	15	230	1668	274	129	18	230	227
1678	6	35	50	996	609	10	387	30
1679	173	27	1483	608	284	338	56	269
1680	136	432	1432	896	130	637	72	462
1681	4	1	632	29	262	1	7	19
1682	14	80	181	24	610	17	19	533
1683	15	148	1669	409	606	263	241	266
1684	82	27	480	997	110	96	41	156
1685	15	76	1670	998	298	638	496	534
1686	20	75	633	551	8	10	278	2
1687	33	27	170	80	315	639	56	25
1688	194	2	634	12	8	295	4	6
1689	4	9	310	12	8	296	4	2
1690	14	516	170	518	290	640	39	109
1691	61	16	20	8	19	1	4	14
1692	380	27	1671	48	92	17	39	15
1693	9	13	1672	30	23	9	24	43
1694	2	82	1673	477	1	1	93	1
1695	165	13	67	66	23	9	23	1
1696	4	197	572	228	38	15	18	1
1697	2	159	109	478	4	3	1	2
1698	3	3	3	1	3	1	4	224
1699	13	31	112	12	268	1	30	6
1700	4	82	453	228	38	1	29	1
1701	2	2	2	328	8	7	15	12
1702	2	2	2	479	8	7	15	12
1703	2	2	2	22	8	7	15	12
1704	2	82	1674	8	4	12	4	2
1705	12	2	70	161	1	2	4	163
1706	2	22	368	42	31	28	30	6
1707	6	1	695	84	202	1	4	1
1708	4	22	1675	137	611	10	286	1
1709	9	13	1676	999	612	9	23	52
1710	4	2	1039	8	2	10	4	2
1711	20	3	1677	1000	8	641	93	6
1712	311	517	1678	1001	580	46	257	31
1713	14	25	1679	1002	613	98	56	535
1714	4	128	525	225	70	1	257	257
1715	15	269	1680	493	181	55	72	81
1716	95	128	661	1	340	10	531	1
1717	311	421	1681	225	580	46	135	31
1718	9	13	1682	641	23	9	23	100
1719	42	27	553	1003	92	17	39	15
1720	381	17	1683	1004	23	619	52	22
1721	64	140	869	131	38	1	532	536
1722	15	116	1684	896	130	100	243	117
1723	26	471	1685	122	614	9	24	470
1724	121	7	1686	1	11	1	1	537
1725	15	518	1687	1005	296	263	241	261
1726	9	273	505	1006	72	9	96	22
1727	15	519	1688	493	21	346	72	538
1728	9	13	1689	1007	36	9	534	539
1729	9	13	1690	845	615	9	535	540
1730	20	3	1241	131	1	1	1	2
1731	26	520	1691	62	23	95	23	541
1732	4	1	971	230	165	10	137	2
1733	56	201	724	217	8	1	30	145
1734	9	13	1692	1008	23	9	536	259
1735	9	37	1693	1009	288	9	250	143
1736	9	61	427	30	46	9	96	22
1737	15	271	500	409	296	127	72	242
1738	15	268	1694	520	616	263	505	542
1739	9	13	1423	1010	23	9	24	43
1740	2	33	655	8	617	165	124	1
1741	2	259	454	480	38	1	4	1
1742	166	3	455	481	4	28	1	225
1743	6	4	636	2	4	2	3	2
1744	12	30	358	235	1	1	149	1
1745	12	2	637	275	168	1	4	141
1746	195	7	638	131	8	1	28	8
1747	9	13	457	482	269	9	38	22
1748	247	2	939	438	8	202	28	8
1749	6	79	1089	1	8	1	28	5
1750	93	3	640	8	8	10	7	6
1751	2	45	129	8	11	29	279	8
1752	2	16	1695	12	116	10	7	19
1753	56	61	641	552	100	1	81	85
1754	6	7	269	6	7	297	1	1
1755	12	1	644	12	8	7	7	2
1756	2	16	645	553	334	125	151	53
1757	6	3	646	554	335	1	4	14
1758	2	308	647	12	8	1	4	285
1759	2	127	648	28	8	298	194	218
1760	13	2	649	392	220	5	1	286
1761	12	2	650	21	336	38	10	1
1762	6	5	1696	131	11	1	345	65
1763	2	7	84	555	82	1	40	65
1764	2	16	818	618	54	1	2	1
1765	382	516	170	518	290	17	258	109
1766	15	116	1615	891	130	346	72	462
1767	2	9	900	872	2	16	3	6
1768	9	13	1697	69	23	9	24	43
1769	2	33	1698	8	8	1	295	2
1770	9	13	1699	122	23	9	24	544
1771	9	13	1700	30	56	9	239	57
1772	9	523	1701	1011	23	9	23	22
1773	9	13	1702	30	56	9	201	22
1774	9	13	1703	65	555	9	204	22
1775	2	119	267	35	71	1	1	114
1776	2	82	135	1012	4	2	4	2
1777	17	71	12	28	8	642	7	6
1778	56	4	326	8	8	196	4	2
1779	9	45	67	389	23	9	46	1
1780	2	524	110	91	70	1	63	1
1781	383	283	526	1014	181	643	72	545
1782	363	29	40	1	5	1	27	27
1783	202	2	1705	1015	75	1	28	1
1784	9	40	60	50	23	644	36	34
1785	17	525	12	28	8	10	7	146
1786	9	13	1420	1016	23	9	517	48
1787	97	13	346	13	167	9	537	138
1788	15	76	1670	998	620	18	496	534
1789	96	128	567	1	164	231	125	202
1790	12	2	1706	275	168	1	4	141
1791	12	1	1707	8	4	152	4	2
1792	9	13	1708	62	621	9	53	36
1793	15	116	1709	1017	21	127	72	546
1794	2	22	379	42	31	645	30	6
1795	384	13	1710	30	389	646	265	473
1796	12	2	135	8	4	647	4	2
1797	17	22	12	28	8	10	538	6
1798	9	13	563	541	240	218	23	197
1799	6	4	110	1018	137	2	4	6
1800	6	4	10	2	622	2	3	547
1801	26	13	1711	76	16	9	22	246
1802	2	2	2	12	8	7	15	548
1803	21	158	361	11	70	1	4	549
1804	7	218	1	438	8	1	28	8
1805	6	47	75	1019	2	32	4	1
1806	9	526	1712	30	623	9	24	550
1807	9	13	920	79	16	9	23	20
1808	2	3	1713	1020	2	648	7	551
1809	9	13	873	237	23	9	23	34
1810	9	13	927	1021	23	9	96	552
1811	2	11	391	1	203	1	174	1
1812	46	1	67	389	46	1	28	1
1813	86	124	1714	628	136	105	539	553
1814	86	124	278	1022	136	105	443	121
1815	2	9	10	12	337	15	4	8
1816	3	3	1715	1	624	1	4	1
1817	2	309	129	12	11	29	7	8
1818	12	3	652	200	140	15	40	1
1819	21	158	361	11	70	168	4	1
1820	385	271	1716	529	311	275	243	252
1821	56	4	326	8	8	252	4	2
1822	169	4	324	8	2	7	84	2
1823	2	2	653	8	264	114	10	217
1824	6	3	654	11	10	1	1	1
1825	15	230	458	274	129	18	230	227
1826	15	243	434	101	80	253	70	64
1827	2	33	655	8	4	10	4	2
1828	9	263	460	30	56	9	540	246
1829	14	291	68	530	315	98	56	262
1830	2	308	647	12	8	299	15	12
1831	14	27	147	506	91	17	39	71
1832	6	3	373	131	8	1	280	8
1833	386	481	1717	1023	574	17	89	15
1834	2	78	151	8	2	7	7	287
1835	2	34	657	12	8	7	15	12
1836	2	82	779	599	2	1	1	6
1837	12	1	1094	131	11	1	199	1
1838	2	35	50	558	338	300	40	2
1839	170	1	572	228	38	15	18	1
1840	42	27	170	48	548	17	41	15
1841	2	29	429	1	5	220	27	27
1842	5	143	659	229	1	1	195	1
1843	4	261	321	483	151	1	124	1
1844	2	22	1718	42	31	28	30	6
1845	9	13	409	403	23	9	24	22
1846	95	489	1534	1	340	650	1	1
1847	6	102	311	12	8	651	1	1
1848	56	1	660	559	339	1	281	288
1849	9	13	1719	1024	16	9	23	461
1850	2	2	203	1	11	26	14	8
1851	89	2	1720	210	625	442	4	1
1852	6	2	744	1	145	1	40	1
1853	95	128	661	1	340	10	1	1
1854	273	128	1075	736	71	442	386	68
1855	12	1	358	235	1	1	149	1
1856	95	128	661	1	565	1	541	1
1857	14	27	191	149	24	652	86	90
1858	14	27	1721	144	626	96	101	15
1859	14	72	159	113	95	17	41	15
1860	2	65	157	96	44	1	40	68
1861	9	13	1444	903	627	9	475	22
1862	9	13	1451	30	16	593	46	42
1863	72	528	1722	75	23	9	542	34
1864	15	269	1723	1025	628	127	72	261
1865	15	475	1724	409	629	100	543	252
1866	14	529	1725	1026	557	96	56	15
1867	14	27	1254	149	24	589	421	90
1868	196	107	662	1	3	15	4	1
1869	387	9	1726	1	10	10	287	72
1870	42	77	1727	1027	313	23	56	56
1871	14	481	1728	78	125	270	92	15
1872	4	45	1	214	11	1	4	8
1873	388	13	457	482	269	9	38	22
1874	42	27	1729	1028	630	68	523	103
1875	2	2	1730	1	631	1	4	1
1876	14	530	1731	1029	632	653	56	93
1877	42	27	1732	48	633	17	544	15
1878	389	363	1733	409	46	654	545	164
1879	9	13	1423	65	23	9	24	43
1880	9	13	817	903	634	9	16	32
1881	12	30	41	35	71	131	28	28
1882	2	82	701	8	4	7	15	12
1883	2	311	87	12	8	38	10	46
1884	2	1	663	12	85	2	3	2
1885	2	35	664	6	341	5	1	289
1886	12	2	1734	8	4	2	4	2
1887	2	193	13	12	11	1	10	8
1888	2	3	67	1031	69	29	7	164
1889	22	147	352	231	71	10	143	554
1890	2	4	109	561	4	3	1	2
1891	13	31	102	309	8	7	7	54
1892	12	30	41	35	71	131	28	555
1893	2	312	667	131	71	10	3	290
1894	2	127	335	8	2	2	546	125
1895	2	47	668	8	212	1	1	1
1896	4	1	665	562	38	1	156	153
1897	2	531	58	6	38	29	547	8
1898	2	313	378	1	44	125	165	68
1899	12	2	135	8	4	655	4	2
1900	2	1	669	6	343	29	7	6
1901	2	28	87	12	635	38	10	46
1902	20	331	762	200	140	1	4	1
1903	8	3	373	131	8	1	282	8
1904	6	4	10	2	4	10	129	2
1905	20	172	75	8	8	7	84	108
1906	2	3	672	564	8	7	7	6
1907	20	75	238	8	2	10	57	51
1908	2	2	2	12	183	77	4	2
1909	2	4	374	8	8	1	44	108
1910	2	232	373	8	235	10	1	1
1911	2	4	252	12	127	99	548	6
1912	2	1	1737	6	38	29	7	8
1913	2	63	10	12	8	302	7	291
1914	2	1	1738	1032	38	29	7	8
1915	197	3	674	565	46	7	7	1
1916	2	4	675	3	4	3	1	2
1917	4	4	676	94	344	1	4	24
1918	20	75	677	8	2	10	17	292
1919	2	82	1740	91	70	1	63	1
1920	2	1	58	6	38	29	7	380
1921	2	16	679	1	11	1	1	293
1922	46	45	67	89	46	7	84	112
1923	2	2	58	89	69	29	7	164
1924	2	1	727	6	38	29	7	8
1925	2	3	67	89	69	29	7	164
1926	6	35	680	43	1	10	4	30
1927	12	145	666	228	38	656	40	1
1928	2	3	1741	89	57	29	7	164
1929	2	3	727	456	57	29	7	179
1930	2	2	2	12	8	7	15	556
1931	2	314	154	1	8	116	133	5
1932	2	1	58	566	38	29	7	294
1933	12	30	41	35	71	1	28	555
1934	21	2	67	567	222	132	17	295
1935	6	4	273	191	346	103	28	31
1936	20	190	373	131	8	1	28	8
1937	390	1	58	6	38	29	7	8
1938	6	3	400	100	83	1	1	66
1939	13	179	285	323	17	12	4	58
1940	13	31	174	8	50	303	44	40
1941	2	16	1742	131	8	1	7	19
1942	12	2	1743	8	4	2	4	2
1943	21	45	1744	953	46	1	28	1
1944	2	82	1746	8	4	12	4	2
1945	2	2	1145	12	8	461	4	6
1946	4	138	20	21	1	1	93	296
1947	17	22	282	12	636	114	5	127
1948	2	45	681	342	347	1	7	1
1949	106	315	682	569	8	116	4	273
1950	46	1	388	131	132	132	17	152
1951	46	75	683	131	8	1	7	295
1952	19	3	991	8	8	7	7	6
1953	6	3	1748	100	79	1	1	63
1954	21	45	1749	1031	46	29	7	58
1955	12	2	135	1034	4	2	4	2
1956	4	1	307	209	38	304	10	107
1957	46	1	687	389	46	132	17	152
1958	6	7	1750	6	7	5	1	1
1959	46	2	689	27	349	31	122	2
1960	4	33	690	349	8	10	284	107
1961	38	3	58	6	38	29	7	58
1962	2	1	58	6	38	29	7	558
1963	2	65	1751	12	8	10	129	2
1964	2	1	691	131	71	31	194	2
1965	13	3	75	8	2	99	4	6
1966	4	1	155	1	350	1	2	1
1967	4	89	244	12	8	10	285	2
1968	4	22	692	137	202	10	286	1
1969	46	1	50	43	57	10	4	2
1970	46	154	50	389	220	10	4	30
1971	21	3	642	656	46	1	282	212
1972	6	4	10	2	637	2	3	2
1973	22	3	1752	575	11	10	4	8
1974	5	45	693	68	70	1	4	297
1975	6	3	694	100	83	1	1	66
1976	391	9	236	12	38	29	7	8
1977	2	1	88	570	54	1	4	1
1978	46	1	889	341	8	1	28	8
1979	2	30	41	35	71	1	28	28
1980	6	532	593	1	71	1	4	559
1981	2	22	48	318	31	94	30	6
1982	20	4	697	8	4	10	4	2
1983	12	176	375	1	8	158	28	8
1984	392	181	379	42	31	28	30	6
1985	393	11	12	11	10	1	1	1
1986	20	3	42	292	28	1	29	1
1987	394	102	10	235	70	1	1	6
1988	2	3	603	219	38	657	4	1
1989	1	1	1	1	638	1	2	1
1990	198	145	698	571	1	306	1	1
1991	2	82	699	8	4	12	4	2
1992	106	2	401	100	100	1	4	66
1993	2	22	48	42	31	28	171	6
1994	56	1	700	137	100	1	81	85
1995	56	1	177	1035	100	1	81	85
1996	6	47	75	572	2	307	4	1
1997	2	4	74	1036	8	7	15	12
1998	30	46	226	43	50	1	44	40
1999	12	30	358	235	1	1	149	298
2000	6	4	10	262	4	2	3	2
2001	2	45	658	349	332	15	4	107
2002	227	3	854	629	385	1	93	1
2003	6	140	702	1	8	116	4	5
2004	12	117	41	35	27	10	28	28
2005	3	3	3	1037	3	1	4	3
2006	22	3	1753	1	11	10	4	8
2007	13	31	703	38	8	10	4	6
2008	6	3	129	100	83	2	4	66
2009	2	9	704	1	3	308	287	72
2010	199	15	705	8	2	309	3	299
2011	117	1	706	573	132	132	17	152
2012	2	4	74	12	8	192	15	12
2013	200	316	635	300	8	40	59	6
2014	13	45	707	574	46	12	4	58
2015	17	71	1754	28	8	10	7	6
2016	6	3	129	100	83	658	1	66
2017	56	3	362	131	8	85	1	561
2018	2	33	708	1	5	158	1	1
2019	30	82	226	8	50	1	288	40
2020	2	4	323	8	4	10	4	264
2021	2	4	252	12	127	659	4	6
2022	7	2	710	575	75	1	28	8
2023	56	1	1755	137	100	1	81	85
2024	392	144	1756	12	8	7	15	12
2025	2	159	109	1038	4	3	1	2
2026	12	1	50	8	4	152	4	2
2027	128	2	711	11	196	1	289	65
2028	201	317	712	12	351	1	1	300
2029	3	3	1757	1	3	1	4	3
2030	2	3	399	8	8	7	7	6
2031	4	1	37	29	8	22	290	19
2032	6	4	324	8	2	7	291	2
2033	2	9	282	197	8	7	47	301
2034	30	46	226	1039	50	91	44	40
2035	6	35	50	43	1	660	4	562
2036	13	45	67	576	46	310	1	2
2037	46	172	67	389	46	7	84	1
2038	17	71	1758	28	8	10	7	6
2039	2	137	110	91	70	1	292	1
2040	4	1	889	653	8	661	28	8
2041	2	1	713	131	8	10	7	6
2042	202	5	167	577	7	15	4	1
2043	13	31	174	8	8	2	4	6
2044	3	61	3	1	46	1	4	1
2045	5	45	693	68	70	1	4	1
2046	6	246	642	218	252	1	61	1
2047	56	33	714	28	8	2	7	6
2048	13	18	715	8	8	311	84	108
2049	5	11	1759	379	11	155	4	563
2050	2	1	1760	6	639	29	7	8
2051	46	1	1761	389	55	1	28	8
2052	2	533	1760	6	639	29	7	8
2053	2	1	1762	366	38	29	7	8
2054	13	3	1	1040	11	7	7	1
2055	21	82	135	8	352	12	4	2
2056	56	1	583	131	8	1	187	223
2057	2	318	2	12	8	7	15	12
2058	2	7	339	1	158	1	1	1
2059	2	3	40	361	233	1	61	1
2060	2	2	190	148	353	1	10	8
2061	203	319	67	578	46	1	4	302
2062	197	534	748	1041	46	1	4	1
2063	13	316	10	389	46	40	59	2
2064	2	16	20	21	1	1	93	1
2065	22	320	46	1	11	312	4	8
2066	61	219	717	1	11	313	28	8
2067	2	195	685	339	7	1	61	564
2068	126	203	155	1	355	77	4	2
2069	395	3	46	1	11	10	4	8
2070	2	47	129	8	8	314	84	108
2071	17	22	1763	28	8	10	7	6
2072	2	245	373	8	8	7	15	12
2073	17	22	719	28	8	10	7	6
2074	2	4	252	8	8	7	7	6
2075	2	82	110	91	70	1	63	565
2076	6	2	58	6	38	29	7	8
2077	2	531	58	6	38	29	7	8
2078	202	61	720	263	17	12	4	58
2079	6	63	67	399	46	38	10	1
2080	46	45	1764	399	196	38	10	1
2081	6	45	67	399	11	38	10	8
2082	2	2	88	579	8	1	293	6
2083	13	322	722	8	4	1	3	2
2084	12	323	723	580	8	1	4	6
2085	13	3	67	193	46	7	3	164
2086	2	2	2	12	8	7	549	12
2087	6	4	10	2	2	315	3	2
2088	2	531	58	1042	38	29	7	8
2089	6	7	269	6	157	5	1	1
2090	6	246	1765	1043	1	5	1	58
2091	13	535	1766	1044	55	662	59	2
2092	2	22	725	42	31	28	30	6
2093	12	3	23	19	10	367	1	1
2094	2	2	1767	12	8	7	15	12
2095	12	2	726	161	1	1	4	133
2096	56	1	1768	137	100	1	81	85
2097	4	9	1769	12	8	2	3	2
2098	4	9	1770	12	8	2	3	2
2099	2	312	1771	131	71	10	3	290
2100	2	16	20	21	19	1	4	14
2101	2	82	1773	8	4	12	4	2
2102	2	22	48	42	31	316	30	6
2103	13	31	49	12	8	317	4	54
2104	205	1	727	582	357	29	7	273
2105	17	22	12	583	8	10	7	6
2106	56	2	728	349	71	1	294	303
2107	17	22	1774	583	8	10	7	6
2108	2	16	573	584	46	1	7	1
2109	17	22	12	583	8	10	7	566
2110	17	22	12	1046	8	10	7	6
2111	2	2	2	1047	8	7	15	12
2112	2	33	729	8	8	1	295	2
2113	2	4	1775	12	8	7	15	12
2114	6	531	58	6	38	29	7	8
2115	6	4	1776	1049	4	2	3	2
2116	13	536	112	12	31	1	30	6
2117	17	22	1774	28	8	10	7	6
2118	12	2	135	1050	4	2	4	2
2119	13	141	1777	964	46	29	7	8
2120	2	28	730	12	31	1	296	6
2121	2	127	335	8	2	2	550	125
2122	2	3	731	27	3	318	3	6
2123	46	61	67	585	46	2	3	304
2124	2	324	732	8	8	7	7	54
2125	396	45	167	1051	10	1	4	24
2126	4	35	733	483	151	1	124	1
2127	2	16	734	339	358	1	61	171
2128	2	1	1778	6	38	29	339	8
2129	12	2	135	1052	4	2	4	2
2130	20	3	270	389	46	1	29	1
2131	56	1	177	1053	100	1	81	85
2132	6	35	317	8	2	115	297	1
2133	2	2	204	12	8	7	15	12
2134	20	3	735	412	4	10	3	290
2135	4	4	736	108	44	319	4	305
2136	4	196	361	11	70	320	4	14
2137	12	1	737	131	11	1	199	1
2138	4	1	572	331	38	15	18	1
2139	2	2	2	1054	8	7	15	12
2140	6	325	269	6	7	1	1	1
2141	6	5	14	4	5	1	12	4
2142	200	2	1150	1055	46	1	28	1
2143	200	2	1779	1056	75	1	28	1
2144	22	147	353	1057	71	1	140	139
2145	6	3	1780	12	8	7	15	12
2146	56	206	1781	373	100	1	81	85
2147	2	2	2	1058	8	7	15	12
2148	2	1	740	19	10	1	148	1
2149	21	45	67	586	46	32	4	58
2150	6	48	84	68	8	1	17	2
2151	2	45	129	8	8	7	84	108
2152	17	22	12	28	8	663	7	2
2153	2	29	1782	1	5	1	27	27
2154	17	22	12	28	8	664	7	6
2155	5	61	678	408	46	1	116	1
2156	2	82	1783	8	4	12	4	2
2157	4	3	67	89	69	1	10	164
2158	4	1	1784	209	38	304	10	107
2159	2	537	48	42	31	28	30	6
2160	95	45	343	1059	163	125	40	206
2161	22	3	46	1060	11	10	4	8
2162	2	82	289	203	144	7	3	6
2163	6	7	741	323	17	5	1	58
2164	164	192	129	100	83	7	226	66
2165	13	5	12	8	2	321	155	2
2166	21	326	742	242	11	322	7	8
2167	178	538	1785	962	640	665	70	231
2168	42	27	1786	48	641	17	39	15
2169	26	13	200	30	23	9	202	105
2170	9	13	1787	65	23	9	23	22
2171	26	13	446	65	23	9	551	34
2172	9	13	868	30	384	9	332	336
2173	26	13	1788	617	72	9	23	195
2174	42	80	276	24	642	17	39	15
2175	9	45	1789	630	23	9	24	1
2176	2	9	83	8	8	7	552	6
2177	207	327	744	588	4	10	3	6
2178	4	81	745	84	202	182	173	8
2179	14	57	104	85	63	17	60	15
2180	9	13	1790	1061	23	9	446	42
2181	3	3	3	1	643	1	4	3
2182	8	3	254	1062	8	1	28	8
2183	9	17	21	17	16	666	16	105
2184	2	3	373	1	182	117	4	1
2185	15	148	1792	976	644	263	241	569
2186	397	13	1793	65	23	646	23	22
2187	4	2	140	112	44	667	17	68
2188	13	31	750	246	359	324	7	306
2189	22	147	416	231	71	10	143	140
2190	136	226	490	496	130	100	243	231
2191	61	209	608	378	1	10	181	182
2192	17	22	282	12	645	114	5	127
2193	9	13	96	65	23	9	23	49
2194	9	282	1491	1066	560	9	23	48
2195	2	33	708	263	17	325	1	1
2196	9	13	872	641	23	9	553	100
2197	6	3	1797	100	83	1	1	66
2198	2	35	131	590	84	1	1	1
2199	2	82	135	27	83	1	1	66
2200	9	13	67	389	23	9	24	1
2201	46	13	67	389	23	9	24	332
2202	46	1	582	591	360	1	270	83
2203	398	31	112	12	31	1	30	6
2204	9	36	505	30	72	9	96	22
2205	26	13	67	389	23	9	24	1
2206	9	273	811	47	370	340	33	36
2207	2	1	1801	545	7	291	7	8
2208	117	1	755	131	248	132	17	152
2209	121	3	823	1	8	107	118	83
2210	356	13	1509	47	36	9	322	570
2211	17	22	12	1069	8	10	7	6
2212	6	107	756	1	232	1	199	194
2213	204	152	1032	12	146	69	3	122
2214	134	2	757	35	71	1	300	28
2215	400	1	229	12	8	93	4	24
2216	26	13	552	1070	23	9	24	34
2217	20	75	238	8	2	668	17	51
2218	9	539	60	50	23	9	36	34
2219	6	16	322	3	4	3	1	2
2220	401	540	1444	903	549	9	53	36
2221	9	13	827	66	23	9	255	256
2222	9	13	283	88	68	669	53	57
2223	20	3	759	137	44	1	166	68
2224	9	13	872	641	23	9	23	100
2225	26	13	94	75	23	9	554	34
2226	2	45	658	1	8	670	28	8
2227	2	1	58	6	38	29	555	8
2228	178	148	1808	1073	649	18	213	205
2229	2	1	266	131	1	1	17	58
2230	9	13	82	66	373	9	46	42
2231	2	1	758	18	17	1	270	58
2232	2	12	13	12	11	1	556	8
2233	15	116	1809	896	130	671	478	462
2234	26	37	420	30	389	9	557	473
2235	4	1	155	1	159	1	2	1
2236	9	13	911	659	23	9	24	34
2237	15	363	940	675	410	672	350	231
2238	5	330	659	229	1	1	147	1
2239	26	13	200	76	16	9	16	105
2240	14	27	170	518	290	17	258	109
2241	2	1	1810	607	360	1	270	83
2242	9	13	929	682	288	393	250	143
2243	211	1	633	321	174	10	4	54
2244	20	4	37	3	4	7	1	62
2245	4	81	1811	84	202	182	173	8
2246	47	76	1812	117	90	673	72	81
2247	9	541	427	30	72	9	96	22
2248	20	3	1	12	119	674	7	104
2249	8	3	254	131	8	1	28	201
2250	9	3	427	30	72	9	96	22
2251	9	13	460	30	56	9	22	1
2252	2	22	48	42	650	675	30	6
2253	9	542	57	47	36	9	53	36
2254	9	37	844	18	17	9	250	58
2255	12	30	41	35	71	1	558	28
2256	14	342	809	154	92	339	311	15
2257	14	27	1813	24	92	676	39	15
2258	15	269	1814	859	296	127	72	443
2259	9	13	225	93	66	9	559	348
2260	15	243	434	101	80	18	70	64
2261	9	13	1815	30	23	9	46	42
2262	20	75	238	8	2	677	17	51
2263	14	80	1816	121	92	17	39	15
2264	6	3	1817	12	8	7	15	12
2265	14	80	512	1076	92	17	560	15
2266	333	36	1818	916	23	34	96	480
2267	9	13	1819	1077	389	678	23	36
2268	402	12	1152	228	7	1	127	1
2269	212	331	762	200	140	1	4	1
2270	380	27	1671	48	92	679	39	15
2271	30	46	763	43	50	125	40	40
2272	6	3	764	12	8	7	15	12
2273	213	333	1820	1078	651	326	3	310
2274	2	2	2	340	8	7	15	12
2275	2	2	2	12	8	181	15	12
2276	2	2	1821	12	8	7	15	12
2277	12	2	135	8	4	184	4	2
2278	403	2	996	1	1	10	2	1
2279	2	45	765	8	11	29	7	8
2280	14	27	72	58	17	17	41	15
2281	9	13	1822	76	23	95	23	254
2282	13	18	1112	8	8	7	84	108
2283	9	275	520	30	56	539	249	246
2284	9	13	1823	1079	23	9	23	571
2285	6	35	1824	1080	2	32	4	1
2286	2	127	20	8	2	40	121	125
2287	9	13	67	389	652	526	23	1
2288	9	13	1825	93	66	9	16	32
2289	9	13	1826	660	56	375	341	349
2290	7	145	666	1081	653	1	2	1
2291	175	267	1827	1082	654	262	561	572
2292	2	9	1828	12	38	29	7	8
2293	9	543	1423	65	395	9	562	341
2294	6	5	972	1	2	10	3	2
2295	178	544	1829	1083	655	680	431	534
2296	56	33	1119	7	100	10	396	1
2297	2	15	1830	12	13	10	4	2
2298	4	7	1	11	10	140	1	1
2299	14	27	1831	48	92	681	39	15
2300	14	27	367	254	315	17	56	573
2301	56	4	1361	1084	11	1	100	58
2302	56	4	1361	89	46	1	100	2
2303	56	4	1361	1084	11	1	100	2
2304	2	45	7	1085	8	7	7	6
2305	14	80	1832	146	92	17	251	15
2306	356	13	1833	47	36	9	322	570
2307	4	2	1834	112	44	283	17	68
2308	76	45	960	1	71	10	4	2
2309	14	545	257	24	103	17	563	15
2310	2	3	40	361	656	682	61	574
2311	9	13	1835	1086	324	9	265	143
2312	14	77	1836	853	20	683	39	15
2313	2	4	227	6	38	29	7	8
2314	13	31	129	8	2	10	166	8
2315	4	3	284	200	140	1	4	1
2316	49	7	1837	223	71	1	4	74
2317	15	363	940	675	410	684	350	231
2318	4	9	639	217	8	7	7	6
2319	14	27	1838	24	503	68	92	106
2320	14	27	1839	58	45	17	41	15
2321	221	3	839	624	379	12	4	2
2322	2	45	658	349	657	15	4	107
2323	405	546	1840	1087	658	685	564	575
2324	406	547	1841	1088	659	686	10	576
2325	39	63	766	94	11	38	10	8
2326	12	2	135	8	4	2	4	228
2327	12	2	135	8	4	687	4	2
2328	2	2	2	12	8	254	15	12
2329	2	16	1842	6	38	29	7	8
2330	2	16	566	1	8	116	4	577
2331	56	2	1843	200	140	1	4	1
2332	56	82	646	21	335	1	4	14
2333	2	82	129	1089	8	7	7	6
2334	2	16	634	1	10	10	287	72
2335	129	16	767	594	361	1	2	1
2336	6	4	1844	12	8	7	15	12
2337	95	548	661	1	340	10	1	1
2338	407	128	1845	36	11	26	14	8
2339	14	342	181	245	531	17	39	453
2340	9	549	1846	47	36	9	322	325
2341	6	2	70	21	336	29	7	1
2342	56	63	768	595	19	1	63	14
2343	14	516	1847	146	660	688	565	578
2344	9	13	1848	30	56	9	239	57
2345	15	271	1849	1090	661	127	72	579
2346	4	5	14	4	5	1	40	53
2347	6	35	770	596	151	165	124	1
2348	42	27	1296	822	503	689	76	50
2349	12	70	771	103	362	1	4	309
2350	408	22	282	12	4	114	5	127
2351	14	97	197	153	61	17	94	429
2352	14	77	187	512	663	690	252	15
2353	14	27	1851	1092	664	691	39	15
2354	14	516	170	1093	665	688	565	15
2355	14	27	1852	153	61	17	94	429
2356	13	155	833	12	11	40	51	1
2357	15	271	348	274	406	692	496	351
2358	14	550	939	438	667	1	28	8
2359	178	76	496	978	273	18	70	231
2360	26	13	1854	30	66	9	22	580
2361	20	4	88	27	85	693	7	19
2362	17	3	75	8	2	99	4	6
2363	6	79	154	1094	8	1	28	5
2364	409	13	1855	865	23	9	453	22
2365	2	16	942	6	44	1	1	5
2366	4	551	244	12	8	10	4	2
2367	15	116	1669	409	591	263	506	252
2368	26	13	1856	76	668	694	105	32
2369	9	13	847	65	23	9	201	582
2370	42	342	1646	1095	61	695	41	113
2371	410	13	1857	1096	543	9	53	36
2372	6	7	269	6	157	696	1	1
2373	9	13	351	259	169	9	145	143
2374	4	553	37	1097	8	524	568	19
2375	14	27	1858	48	110	17	39	15
2376	9	13	1701	647	23	9	23	22
2377	30	16	772	43	363	1	302	1
2378	4	4	1090	4	5	1	40	385
2379	12	120	1014	1	260	114	15	1
2380	9	13	836	65	23	9	36	259
2381	411	13	200	76	66	350	16	32
2382	409	554	1855	865	23	9	453	583
2383	12	2	829	161	1	1	4	133
2384	2	4	110	597	8	1	4	6
2385	412	3	688	43	1	10	100	30
2386	9	13	1859	30	23	9	569	42
2387	213	333	773	108	364	326	3	310
2388	413	147	1860	984	71	1	140	139
2389	6	11	953	131	10	1	1	1
2390	2	131	994	246	166	155	157	72
2391	22	147	1861	231	71	10	143	140
2392	2	3	1862	228	38	15	40	1
2393	9	37	57	917	395	9	24	341
2394	42	491	181	1098	581	17	203	15
2395	3	3	1863	1	3	1	4	3
2396	14	27	1568	165	670	697	39	15
2397	6	102	10	1099	70	1	1	6
2398	4	2	665	235	671	698	271	29
2399	2	82	1864	8	4	12	4	2
2400	15	556	1865	1100	672	595	570	584
2401	7	145	828	1	1	1	4	1
2402	15	363	1866	663	273	18	245	231
2403	15	240	1867	409	673	18	467	585
2404	42	27	553	121	674	17	39	15
2405	134	2	757	35	71	1	189	28
2406	2	60	110	91	70	1	571	1
2407	42	27	89	48	69	17	41	1
2408	2	9	425	8	8	7	47	6
2409	4	1	1868	1	44	125	572	68
2410	6	246	1869	1	252	1	61	1
2411	2	82	135	8	4	12	4	586
2412	6	35	775	131	8	1	303	8
2413	214	1	67	598	201	1	17	152
2414	9	557	1870	30	23	9	573	587
2415	76	558	1871	1101	675	636	40	1
2416	12	3	1872	35	27	10	28	588
2417	414	3	1873	1102	676	699	417	589
2418	6	35	1061	1103	449	10	384	590
2419	15	76	438	1104	677	236	213	205
2420	415	39	1874	1105	678	700	574	97
2421	2	2	1875	1	679	203	28	591
2422	318	559	1876	1106	680	701	96	592
2423	416	560	1877	1107	23	702	575	593
2424	21	9	1878	89	681	703	576	594
2425	14	27	72	887	20	704	39	595
2426	2	561	135	1108	682	12	4	2
2427	2	562	865	1109	265	705	4	596
2428	417	563	1879	1110	683	9	23	597
2429	416	13	838	1111	684	706	322	598
2430	418	564	1880	1112	685	707	577	599
2431	419	565	1881	12	686	708	578	600
2432	9	566	1882	1113	23	9	579	22
2433	420	567	1883	1114	687	709	580	601
2434	421	568	1884	1115	688	710	581	602
2435	422	569	1885	1116	689	711	582	603
2436	2	1	1886	19	690	1	148	604
2437	423	570	1887	1117	691	712	583	605
2438	424	2	1888	1118	4	713	584	606
2439	9	571	1890	903	288	9	471	143
2440	9	572	1891	93	66	714	16	67
2441	426	574	1892	1119	692	716	585	609
2442	2	575	1893	1120	693	717	15	610
2443	427	13	1894	30	683	718	46	42
2444	9	13	855	630	695	9	24	611
2445	9	13	1895	93	66	719	16	32
2446	17	576	1896	1121	8	10	7	613
2447	22	3	1897	1	11	10	4	614
2448	12	577	1898	1122	10	1	1	615
2449	12	3	23	1122	10	1	1	616
2450	2	82	1899	91	697	720	63	604
2451	318	13	134	93	698	721	16	32
2452	428	578	1722	1123	699	722	542	34
2453	3	3	1900	1	3	1	4	3
2454	14	27	1901	518	290	17	258	109
2455	14	27	557	536	322	17	56	15
2456	12	2	167	19	700	15	28	1
2457	13	31	1902	1124	8	10	4	54
2458	6	3	1903	12	8	723	15	12
2459	9	13	481	30	288	56	145	143
2460	175	267	482	490	289	262	240	234
2461	14	25	483	491	24	23	82	23
2462	14	80	484	144	290	17	82	235
2463	9	37	485	93	66	9	16	32
2464	146	240	486	492	291	100	72	236
2465	15	269	488	493	292	127	242	238
2466	15	148	489	494	293	264	72	239
2467	14	27	181	495	110	17	39	15
2468	14	44	492	48	110	266	153	240
2469	173	27	493	144	290	17	82	235
2470	176	230	417	417	236	18	70	117
2471	177	240	494	499	129	18	70	241
2472	15	148	495	500	273	18	245	231
2473	15	76	497	274	254	236	213	205
2474	9	270	498	76	16	9	16	105
2475	179	13	499	93	66	9	16	32
2476	180	268	501	503	297	263	72	135
2477	15	148	502	409	273	18	70	231
2478	15	116	504	504	21	100	247	244
2479	9	273	505	30	72	9	96	22
2480	14	274	506	121	92	17	82	245
2481	15	148	503	505	298	18	248	231
2482	15	69	468	507	295	18	235	248
2483	128	2	939	375	11	1	2	1
2484	9	53	507	65	23	9	46	78
2485	26	13	508	122	23	9	24	34
2486	2	28	1904	12	8	268	10	46
2487	14	276	147	506	91	17	39	71
2488	15	277	509	508	273	724	70	231
2489	429	45	1905	509	300	10	7	6
2490	9	13	510	30	301	9	250	143
2491	26	58	511	88	68	9	53	57
2492	2	4	74	12	8	7	586	12
2493	2	9	1906	8	8	35	47	6
2494	42	84	170	511	98	269	56	15
2495	14	278	187	512	303	270	252	15
2496	2	2	1907	226	1	10	4	2
2497	181	76	513	409	273	271	70	249
2498	182	279	488	499	129	263	72	135
2499	136	280	514	493	304	272	72	250
2500	2	82	515	131	1	38	10	46
2501	15	271	516	513	305	127	72	251
2502	183	3	3	1	3	1	4	3
2503	2	2	939	438	8	1	28	8
2504	15	116	371	227	181	127	72	252
2505	9	24	517	122	23	9	23	105
2506	5	281	659	229	1	1	116	1
2507	184	282	518	514	306	273	253	253
2508	9	37	519	76	23	95	23	254
2509	26	13	521	515	307	9	22	20
2510	9	13	522	66	23	9	255	256
2511	15	268	523	516	308	274	256	81
2512	2	140	154	1	8	116	4	5
2513	9	13	524	517	309	9	22	22
2514	15	283	526	519	310	55	72	135
2515	9	13	527	65	23	9	36	258
2516	9	13	528	122	23	9	24	49
2517	185	284	530	521	312	276	259	250
2518	97	13	531	13	167	9	23	138
2519	14	27	532	111	110	98	41	113
2520	15	148	534	493	129	127	72	135
2521	20	3	1	12	119	725	7	104
2522	42	80	537	524	110	17	39	260
2523	15	268	538	525	181	55	72	81
2524	26	13	539	31	23	9	23	100
2525	15	285	540	526	296	263	241	261
2526	14	286	159	527	103	17	261	245
2527	14	287	541	528	313	23	56	15
2528	186	148	542	409	312	263	241	135
2529	13	288	643	12	11	40	51	1
2530	14	289	543	24	92	17	39	50
2531	181	76	544	409	273	271	70	249
2532	12	2	1908	131	8	1	7	107
2533	15	290	545	529	314	275	243	252
2534	14	291	546	530	315	98	56	262
2535	61	2	1909	212	8	1	10	46
2536	56	4	10	2	53	2	3	2
2537	12	292	31	8	2	10	17	1
2538	9	37	420	531	81	9	204	263
2539	15	269	547	532	316	127	262	64
2540	14	77	493	78	110	17	39	15
2541	13	31	43	38	253	10	4	6
2542	159	7	155	223	71	1	4	74
2543	2	82	1910	91	70	1	63	1
2544	4	293	323	8	4	10	4	264
2545	12	2	70	161	1	1	40	1
2546	14	27	549	111	317	278	56	50
2547	2	3	1912	477	1	1	1	1
2548	26	13	550	76	16	9	16	105
2549	14	294	551	528	318	279	82	103
2550	187	13	552	122	23	9	24	34
2551	188	148	542	409	319	127	241	265
2552	6	4	10	533	4	10	129	2
2553	2	2	689	534	77	31	122	2
2554	2	82	554	8	4	12	4	2
2555	2	12	1913	12	320	28	7	19
2556	2	16	573	131	8	437	7	19
2557	189	297	555	535	270	127	264	266
2558	134	2	757	35	71	1	28	267
2559	2	298	2	12	8	7	15	12
2560	2	2	51	226	1	10	4	2
2561	20	4	37	8	8	10	4	268
2562	2	7	1013	1	158	15	4	24
2563	14	299	556	78	321	17	99	269
2564	13	3	1024	8	8	40	59	6
2565	1	1	1	1	1	1	211	1
2566	14	300	159	113	323	17	41	15
2567	9	263	558	30	324	9	265	143
2568	9	13	78	537	48	9	23	39
2569	14	301	559	24	92	17	39	15
2570	14	294	551	528	318	23	82	103
2571	6	3	1914	12	8	1	1	2
2572	5	143	659	538	1	1	116	1
2573	113	65	10	12	8	28	7	19
2574	190	22	160	28	8	21	7	270
2575	15	148	560	539	325	127	72	271
2576	15	302	561	540	308	55	72	81
2577	9	13	82	30	23	75	46	42
2578	3	3	1915	1	8	10	7	19
2579	12	1	788	208	162	26	4	134
2580	2	82	135	8	4	12	108	2
2581	15	142	1916	274	406	726	72	351
2582	14	476	1917	1127	701	73	56	103
2583	2	82	1918	629	8	1	587	618
2584	56	579	1919	131	1	1	4	128
2585	2	82	930	8	4	12	4	2
2586	2	3	603	7	8	15	28	313
2587	17	22	1920	28	8	10	7	619
2588	9	37	1921	1128	702	9	23	620
2589	4	133	321	213	151	488	124	1
2590	2	65	204	12	8	10	588	2
2591	9	13	96	1129	288	727	589	143
2592	4	2	1922	1	159	1	2	1
2593	14	80	461	24	92	17	39	15
2594	9	36	56	1130	35	9	23	22
2595	9	37	1430	76	46	95	23	254
2596	9	13	1478	659	703	9	96	22
2597	4	45	1923	1131	8	1	4	24
2598	4	30	41	35	71	1	28	28
2599	14	77	1924	1132	20	98	590	50
2600	2	167	776	108	11	151	28	8
2601	9	37	1925	47	36	33	53	36
2602	15	493	1926	1133	308	728	72	621
2603	15	580	1927	1134	672	595	570	584
2604	15	581	1928	1135	181	55	591	622
2605	20	3	358	235	1	1	149	1
2606	2	33	777	131	71	196	4	311
2607	20	4	778	3	4	7	164	62
2608	15	582	417	417	236	18	70	117
2609	6	3	780	131	1	1	271	19
2610	430	3	1929	12	8	7	15	12
2611	431	519	1930	25	21	535	20	476
2612	9	275	1931	1136	704	539	249	246
2613	172	80	461	24	92	17	39	15
2614	14	27	462	24	92	17	39	15
2615	14	72	465	113	95	729	233	15
2616	15	148	466	1138	274	55	72	135
2617	49	583	155	223	71	1	592	74
2618	13	31	781	38	8	328	4	6
2619	15	268	1932	991	181	55	72	252
2620	2	22	48	42	31	28	30	623
2621	6	63	782	94	11	329	10	8
2622	6	3	783	100	83	1	1	66
2623	9	13	1444	903	288	730	24	624
2624	9	13	1316	69	23	9	71	195
2625	6	35	50	43	1	330	4	312
2626	9	37	57	47	36	9	53	625
2627	14	27	1933	121	25	732	153	626
2628	26	13	200	1140	23	378	23	34
2629	2	82	784	203	144	7	3	6
2630	2	7	339	228	38	15	40	1
2631	2	334	88	12	54	1	4	1
2632	12	3	785	222	153	1	1	1
2633	2	335	58	6	38	29	7	8
2634	5	143	787	229	366	1	116	1
2635	2	127	20	8	2	40	306	125
2636	4	1	244	12	8	10	4	2
2637	2	2	241	8	8	331	1	108
2638	129	210	790	1	8	333	181	107
2639	22	3	46	1	11	334	4	8
2640	8	3	254	131	8	335	28	201
2641	2	2	2	12	183	7	160	12
2642	2	3	603	7	8	15	28	314
2643	2	4	110	3	4	3	1	2
2644	14	80	512	146	92	17	144	15
2645	2	2	792	1	219	1	28	184
2646	215	45	794	6	38	228	28	8
2647	2	1	388	131	132	1	17	152
2648	4	1	798	1	343	38	308	1
2649	28	45	754	18	8	40	59	6
2650	173	27	803	608	284	338	56	317
2651	2	339	326	8	8	1	44	108
2652	13	340	112	12	31	1	30	6
2653	2	16	573	609	8	1	7	19
2654	17	22	12	28	8	10	310	318
2655	2	341	326	2	2	2	3	2
2656	60	77	187	78	369	17	39	15
2657	6	3	813	12	8	2	4	6
2658	9	13	67	30	46	9	22	58
2659	198	145	815	571	1	342	1	1
2660	56	343	816	349	71	1	294	68
2661	6	4	324	616	2	7	84	2
2662	6	344	14	4	5	40	4	53
2663	4	1	307	209	38	1	315	107
2664	2	1	819	6	38	29	7	8
2665	12	1	820	131	11	1	199	1
2666	6	35	77	8	2	10	4	321
2667	6	4	10	2	2	2	3	322
2668	6	3	123	307	79	1	1	63
2669	2	1	821	459	71	1	183	1
2670	4	2	207	8	47	7	316	96
2671	2	2	10	12	4	25	3	2
2672	56	5	12	11	374	1	1	1
2673	4	3	824	1	375	1	1	323
2674	204	321	20	131	8	1	317	19
2675	2	82	784	203	376	7	3	6
2676	8	3	825	1	8	1	1	1
2677	2	345	110	91	70	1	63	1
2678	2	1	58	6	38	29	318	8
2679	9	346	166	65	377	9	46	78
2680	219	4	10	2	53	2	3	2
2681	6	199	826	207	8	15	126	107
2682	167	260	639	1	151	343	319	177
2683	30	82	548	8	50	1	44	324
2684	2	4	326	2	2	2	3	2
2685	9	13	830	619	23	9	255	256
2686	6	347	12	620	2	2	4	6
2687	2	60	110	91	70	1	320	1
2688	26	13	831	122	23	9	24	34
2689	2	348	832	8	8	1	4	108
2690	4	210	437	443	4	40	321	2
2691	2	4	74	12	8	345	15	12
2692	56	1	835	137	100	1	81	85
2693	6	1	695	84	202	168	4	1
2694	2	22	837	42	31	28	30	6
2695	4	1	307	209	38	31	315	107
2696	15	116	840	409	130	346	72	326
2697	26	13	552	122	23	9	24	327
2698	4	4	385	1	44	15	140	165
2699	14	27	72	58	45	17	324	15
2700	22	3	46	1	11	347	4	8
2701	2	82	135	164	38	29	7	8
2702	26	351	107	88	68	348	53	57
2703	2	1	845	6	38	29	7	8
2704	15	296	259	181	129	263	106	116
2705	9	13	847	65	23	9	201	330
2706	2	352	848	339	7	1	61	171
2707	225	37	519	626	381	9	325	49
2708	26	13	849	627	36	9	24	22
2709	12	329	751	339	159	1	2	1
2710	226	124	851	628	136	105	114	121
2711	9	13	853	31	384	9	327	331
2712	9	13	82	66	23	9	328	42
2713	26	58	107	88	68	349	53	57
2714	9	236	842	30	72	9	96	22
2715	228	353	857	1	387	158	329	1
2716	9	13	858	632	388	9	330	32
2717	2	4	109	3	4	3	331	2
2718	2	2	10	12	4	2	3	2
2719	2	2	2	12	8	7	15	333
2720	9	13	860	633	66	350	16	334
2721	26	13	861	634	23	9	24	34
2722	6	3	123	100	79	351	1	63
2723	26	13	128	244	389	9	16	100
2724	3	3	3	635	3	1	4	3
2725	2	4	74	12	8	7	15	335
2726	229	53	562	65	390	9	46	272
2727	2	1	58	6	38	352	7	8
2728	9	13	866	623	36	9	322	325
2729	6	4	10	2	391	2	3	2
2730	230	1	58	366	38	29	7	8
2731	232	75	238	8	2	353	17	51
2732	2	1	867	6	38	29	7	8
2733	2	60	110	638	70	1	214	1
2734	2	82	135	8	4	354	4	2
2735	12	2	637	275	168	355	4	141
2736	13	31	49	12	76	45	3	2
2737	26	58	107	88	68	356	53	57
2738	64	140	869	28	354	1	40	6
2739	2	1	58	6	38	357	7	8
2740	56	355	870	349	1	15	17	337
2741	9	13	871	640	23	9	24	34
2742	94	2	336	208	7	358	132	1
2743	2	3	7	8	8	7	333	6
2744	6	4	273	642	134	103	28	31
2745	6	3	874	100	83	359	1	66
2746	2	308	647	12	8	7	15	12
2747	233	356	876	643	393	1	28	5
2748	234	13	82	30	23	9	46	338
2749	2	4	109	3	4	31	194	2
2750	20	3	738	39	8	361	7	6
2751	235	22	12	442	8	10	7	6
2752	2	16	10	2	85	50	3	54
2753	13	31	877	38	8	10	4	6
2754	2	357	190	148	105	69	3	6
2755	236	2	70	161	1	1	4	163
2756	4	89	244	645	8	10	4	2
2757	22	3	881	1	11	10	4	8
2758	26	110	200	76	16	9	105	32
2759	4	82	882	228	38	1	29	1
2760	6	3	129	646	83	1	1	66
2761	2	2	58	6	38	29	7	8
2762	238	13	57	47	36	362	53	36
2763	185	284	530	521	312	363	72	340
2764	2	16	573	648	8	1	7	19
2765	9	13	884	630	23	9	24	332
2766	117	1	388	18	201	132	17	58
2767	9	13	885	65	395	9	24	341
2768	2	82	135	8	4	364	4	2
2769	13	18	24	20	18	365	4	6
2770	12	358	41	649	1	366	1	1
2771	6	79	886	1	8	1	28	5
2772	12	2	135	8	4	2	334	2
2773	26	13	200	76	16	9	335	105
2774	2	1	888	6	38	29	7	8
2775	30	46	135	650	8	10	129	2
2776	2	1	266	263	201	1	17	152
2777	56	201	890	1	1	15	28	8
2778	14	80	891	121	396	98	251	109
2779	4	359	244	12	8	10	4	2
2780	149	28	892	12	8	38	10	46
2781	2	1	58	651	17	29	7	8
2782	2	16	895	1	184	1	4	14
2783	17	22	160	28	8	368	7	6
2784	6	7	1	323	397	5	1	58
2785	2	195	896	339	398	369	61	171
2786	2	172	129	8	8	7	84	344
2787	2	1	58	6	38	29	272	8
2788	239	1	899	654	399	370	2	6
2789	2	9	901	8	8	7	47	6
2790	2	361	135	8	4	12	4	2
2791	12	329	902	294	11	1	2	1
2792	117	1	388	131	400	132	17	152
2793	9	13	903	655	288	371	336	143
2794	2	1	88	12	85	2	3	2
2795	13	2	347	129	46	9	16	32
2796	6	4	14	4	5	40	337	53
2797	2	4	74	12	8	7	15	345
2798	6	35	317	8	2	115	338	1
2799	2	1	58	6	38	29	339	8
2800	241	13	57	65	23	56	73	20
2801	56	75	905	8	1	10	7	163
2802	173	27	906	78	178	17	39	15
2803	242	16	329	1	149	1	40	11
2804	2	2	637	1	401	125	40	68
2805	22	3	46	1	11	10	4	347
2806	117	1	388	131	248	132	17	152
2807	2	9	282	8	8	7	47	6
2808	22	3	46	1	11	373	4	8
2809	2	16	909	1	44	125	165	68
2810	13	31	49	12	266	10	3	2
2811	9	36	505	658	72	9	96	22
2812	243	107	756	1	232	1	199	194
2813	6	3	129	100	402	1	1	66
2814	9	13	225	93	66	9	24	348
2815	3	3	3	1	3	374	4	3
2816	6	1	695	84	403	1	4	1
2817	30	46	135	12	8	245	129	2
2818	9	362	841	625	23	9	323	328
2819	2	2	912	12	8	7	15	12
2820	2	16	913	1	11	64	14	8
2821	30	82	914	8	50	1	44	40
2822	9	13	499	93	66	350	16	32
2823	13	31	112	661	31	1	30	6
2824	245	2	2	2	2	2	3	2
2825	26	58	107	88	68	376	53	57
2826	4	4	110	27	4	20	4	2
2827	2	82	110	662	70	1	63	1
2828	15	363	916	663	273	18	245	231
2829	2	2	917	12	8	3	4	12
2830	2	1	58	664	38	29	7	8
2831	2	364	685	339	7	1	61	171
2832	14	301	918	506	92	17	39	15
2833	12	3	23	19	10	377	1	1
2834	2	2	2	12	404	7	15	12
2835	9	275	520	30	56	9	249	246
2836	14	140	919	131	100	1	4	142
2837	14	72	159	421	110	17	342	15
2838	2	1	388	665	132	1	17	58
2839	2	127	335	666	2	2	121	125
2840	2	4	655	12	8	1	343	8
2841	13	5	12	8	2	10	155	350
2842	9	37	57	47	36	33	53	36
2843	9	40	60	50	23	379	36	34
2844	15	271	348	274	406	380	344	351
2845	2	1	58	6	38	381	7	8
2846	6	1	58	6	38	29	7	8
2847	89	2	923	131	196	1	345	65
2848	9	45	67	605	46	9	96	1
2849	9	37	924	30	23	9	346	254
2850	2	1	633	12	174	382	4	54
2851	2	4	74	12	8	383	15	12
2852	9	365	925	102	81	9	38	20
2853	13	31	585	12	407	285	4	54
2854	9	13	927	668	23	9	96	22
2855	9	13	460	30	56	384	22	246
2856	12	2	135	8	4	385	4	2
2857	4	75	928	12	4	152	191	2
2858	2	82	930	669	4	1	4	2
2859	13	3	75	8	8	40	348	6
2860	9	236	931	30	72	9	96	22
2861	246	82	135	8	4	386	4	2
2862	2	16	932	287	173	387	151	53
2863	26	13	552	670	23	9	24	34
2864	2	3	933	8	8	7	7	6
2865	13	31	102	8	8	1	1	66
2866	2	1	58	6	38	388	7	8
2867	6	35	935	8	2	54	3	2
2868	2	28	87	12	8	389	349	46
2869	231	31	877	38	8	10	4	6
2870	1	1	937	1	1	1	2	1
2871	26	58	938	673	68	9	53	57
2872	247	2	939	438	8	1	28	8
2873	248	31	322	674	4	3	1	2
2874	2	16	20	1	408	64	14	8
2875	9	13	225	93	409	9	16	32
2876	15	363	940	675	410	390	350	231
2877	6	4	941	2	411	2	3	2
2878	2	367	942	676	44	1	1	5
2879	2	3	943	219	38	120	4	1
2880	12	329	751	677	159	1	2	1
2881	1	1	1	1	1	391	2	1
2882	2	131	944	246	166	392	157	72
2883	2	3	812	615	371	1	351	1
2884	2	16	946	678	11	1	61	8
2885	222	350	947	625	23	9	323	328
2886	9	275	520	30	413	9	352	254
2887	14	27	948	58	45	17	41	15
2888	2	2	951	438	8	1	28	8
2889	2	1	266	683	132	1	17	152
2890	2	1	952	607	360	1	270	83
2891	61	209	608	378	1	10	181	1
2892	200	45	953	684	17	12	4	162
2893	17	3	75	8	2	99	4	353
2894	2	4	74	12	8	7	353	12
2895	9	13	856	259	23	394	23	195
2896	15	368	954	685	415	263	241	261
2897	46	61	956	116	89	395	354	58
2898	56	1	957	131	8	396	355	186
2899	54	86	173	24	42	17	356	15
2900	2	369	2	12	8	7	15	12
2901	9	13	958	30	16	9	23	32
2902	9	40	961	50	23	397	36	34
2903	42	27	422	687	110	17	203	15
2904	2	28	87	12	8	38	357	46
2905	15	148	464	409	273	127	232	231
2906	22	3	46	1	11	398	4	8
2907	2	1	58	6	416	29	358	8
2908	56	3	362	131	8	85	1	357
2909	9	24	963	630	23	9	359	34
2910	249	3	964	621	188	171	4	3
2911	210	45	754	689	17	1	270	58
2912	197	1	58	6	38	29	7	8
2913	250	80	234	78	417	17	39	15
2914	12	3	23	19	10	258	1	1
2915	6	3	1934	12	8	7	15	12
2916	15	230	467	274	275	18	230	227
2917	15	148	468	486	276	18	235	230
2918	15	264	469	409	277	127	72	231
2919	6	3	123	100	279	259	1	63
2920	17	22	12	28	8	260	7	6
2921	42	27	470	121	92	17	39	15
2922	60	77	471	488	281	261	236	232
2923	26	13	474	76	16	9	105	32
2924	54	86	173	24	282	17	39	15
2925	191	7	155	209	38	733	10	107
2926	9	13	475	1142	23	9	46	42
2927	2	16	1938	1143	8	1	7	19
2928	9	36	56	30	35	9	23	22
2929	173	27	476	608	284	338	56	269
2930	174	21	477	1144	285	734	238	627
2931	2	1	1939	1145	286	29	7	8
2932	9	13	479	498	56	9	239	57
2933	4	45	341	618	54	1	4	1
2934	2	15	953	698	145	1	366	1
2935	56	2	709	131	1	1	4	5
2936	22	3	46	1	11	735	4	8
2937	56	5	965	11	10	1	1	1
2938	9	37	420	531	81	9	204	628
2939	6	3	2	12	8	736	15	12
2940	6	63	37	94	11	38	10	358
2941	178	76	1940	962	640	737	505	629
2942	46	45	67	30	46	9	23	1
2943	14	27	1941	121	705	738	19	15
2944	14	80	512	146	92	739	144	630
2945	12	3	284	200	140	1	4	631
2946	9	13	1444	903	288	9	471	143
2947	9	53	562	630	23	9	53	22
2948	2	12	1942	12	11	1	10	8
2949	1	1	1	1	706	1	2	1
2950	2	82	865	349	707	1	4	128
2951	15	76	438	274	254	236	213	205
2952	14	27	181	971	110	17	39	15
2953	14	91	1943	1147	118	23	56	103
2954	2	15	129	8	2	399	3	2
2955	14	27	1944	1148	290	17	499	235
2956	14	91	1945	1149	708	740	593	632
2957	15	148	1946	820	181	100	106	252
2958	9	13	1947	65	23	9	594	48
2959	9	37	519	76	709	95	23	254
2960	8	585	8	1	8	1	1	1
2961	21	1	67	89	46	29	7	1
2962	227	2	1083	743	8	1	1	6
2963	2	2	2	299	8	531	15	12
2964	3	3	3	1	3	741	4	3
2965	21	45	67	1150	46	1	17	58
2966	6	11	12	11	10	1	1	189
2967	13	2	1949	196	17	1	4	58
2968	2	586	1950	8	8	1	1	108
2969	6	3	129	1151	83	1	1	66
2970	6	4	1951	262	4	2	3	2
2971	22	147	352	231	71	742	143	140
2972	13	31	174	8	50	130	44	40
2973	6	3	2	299	8	7	15	12
2974	9	13	82	66	23	9	595	42
2975	7	218	919	131	100	743	4	142
2976	20	11	1952	379	8	1	28	8
2977	22	147	352	231	71	256	143	140
2978	2	22	48	1153	31	28	30	6
2979	2	430	58	6	38	29	7	8
2980	6	154	355	89	46	32	4	1
2981	14	27	72	58	45	17	41	633
2982	120	3	46	1	11	10	4	8
2983	4	82	1953	228	3	744	287	634
2984	14	27	1954	1154	711	17	596	15
2985	6	3	1955	12	8	7	15	12
2986	4	1	307	1155	38	1	28	107
2987	17	22	282	1156	4	114	5	127
2988	12	30	41	35	712	1	28	28
2989	2	2	2	437	8	7	15	12
2990	6	35	1956	43	1	10	4	30
2991	12	3	23	1157	10	1	1	1
2992	13	18	24	1152	18	12	4	6
2993	433	151	12	28	8	10	7	6
2994	2	16	573	1158	8	1	7	2
2995	13	31	1957	57	44	146	4	148
2996	12	3	23	19	10	1	597	1
2997	200	61	285	89	46	12	4	58
2998	56	1	177	137	100	745	81	85
2999	402	33	1958	131	713	341	287	72
3000	365	82	1959	8	4	12	4	2
3001	2	28	87	12	287	38	598	46
3002	2	2	2	1156	8	746	15	12
3003	2	2	586	228	28	1	29	1
3004	2	2	2	376	8	748	15	12
3005	17	22	12	1159	8	10	7	6
3006	2	65	204	12	8	10	4	2
3007	9	13	1960	1160	714	9	23	22
3008	12	2	135	1161	4	2	4	2
3009	9	13	1961	30	56	492	134	246
3010	26	58	1962	88	68	9	53	57
3011	2	256	88	28	8	243	7	218
3012	4	96	244	12	8	749	4	2
3013	2	2	2	376	8	7	180	12
3014	15	556	1964	1163	672	750	570	584
3015	22	147	416	231	71	10	143	635
3016	164	192	1965	100	83	7	226	66
3017	21	3	1966	1164	715	1	17	58
3018	2	4	74	281	8	7	15	12
3019	68	5	217	131	8	7	599	12
3020	13	31	102	8	8	7	7	636
3021	20	238	238	8	2	10	17	51
3022	12	3	284	200	716	15	40	1
3023	42	27	170	48	717	70	82	15
3024	6	3	2	12	8	751	15	12
3025	12	2	135	8	637	2	4	2
3026	46	45	67	389	46	7	15	1
3027	13	2	1968	1165	718	1	4	58
3028	6	154	355	578	46	32	4	1
3029	9	24	1969	31	23	9	520	22
3030	6	16	329	1	149	1	40	11
3031	20	3	1	12	119	752	7	104
3032	6	588	129	100	83	1	1	66
3033	6	3	2	370	8	7	15	12
3034	56	4	1970	8	8	753	4	2
3035	2	22	48	42	31	754	30	6
3036	2	1	1971	6	38	29	7	8
3037	56	1	2	8	4	12	4	2
3038	12	2	135	8	4	755	4	2
3039	21	3	355	735	46	1	28	122
3040	6	3	2	12	247	7	15	12
3041	6	3	2	12	8	757	15	12
3042	46	13	452	389	46	9	600	100
3043	4	2	140	1167	44	1	17	68
3044	9	13	1973	18	17	9	250	58
3045	2	22	48	318	719	94	30	6
3046	2	324	732	8	8	7	601	54
3047	20	3	380	137	44	1	166	68
3048	2	1	266	131	720	1	17	638
3049	2	1	1974	6	38	29	7	8
3050	20	4	37	3	4	161	1	62
3051	2	7	339	228	38	15	40	180
3052	17	22	1975	28	8	21	7	6
3053	21	45	720	129	46	7	15	58
3054	30	589	226	43	50	1	44	40
3055	4	133	1977	213	151	1	124	1
3056	12	30	41	35	71	1	28	639
3057	2	1	58	366	38	758	7	8
3058	2	4	1978	12	8	7	15	12
3059	49	7	1351	1	159	1	2	1
3060	15	515	1664	227	273	759	70	231
3061	17	22	160	28	78	21	7	1
3062	61	379	1011	131	8	10	7	295
3063	9	24	1979	76	23	9	23	32
3064	122	45	67	656	11	1	7	1
3065	6	164	1030	131	1	1	4	128
3066	2	1	58	6	38	760	7	8
3067	30	46	135	8	721	103	28	2
3068	2	245	190	148	105	69	3	640
3069	56	1	2	12	8	7	91	2
3070	13	590	75	8	2	99	4	6
3071	20	4	37	3	4	161	1	641
3072	13	31	174	8	50	1	44	642
3073	2	127	335	8	2	2	121	643
3074	6	3	2	1168	8	7	15	12
3075	46	45	67	389	46	9	23	1
3076	5	143	659	229	199	761	116	1
3077	15	230	458	274	129	18	230	645
3078	42	80	1980	24	642	17	39	15
3079	14	591	181	24	722	17	153	646
3080	12	2	135	400	4	2	4	2
3081	46	45	67	407	89	29	7	164
3082	26	592	1981	31	23	9	24	22
3083	76	45	1982	389	8	1	28	8
3084	21	35	1983	279	46	7	84	647
3085	2	1	58	6	38	29	602	8
3086	434	13	1625	970	23	9	510	48
3087	2	2	2	12	8	762	15	12
3088	2	82	1984	91	70	1	63	1
3089	15	593	1985	227	640	763	505	585
3090	136	594	1986	493	723	764	482	648
3091	2	3	67	89	69	7	3	164
3092	15	595	1987	1170	21	535	20	244
3093	435	4	74	12	8	7	15	12
3094	3	3	3	1171	3	1	4	3
3095	2	596	2	1172	8	7	15	12
3096	56	1	37	12	8	765	4	2
3097	2	2	2	12	724	7	15	12
3098	13	18	24	20	18	12	4	96
3099	12	30	41	35	71	766	28	28
3100	2	28	87	12	8	541	10	46
3101	8	3	8	1	8	767	1	1
3102	9	13	1988	93	66	9	16	32
3103	13	2	1949	292	28	1	29	58
3104	2	9	10	12	186	15	4	8
3105	20	4	1989	39	8	10	4	6
3106	46	61	89	128	69	10	4	6
3107	15	142	1990	521	273	768	603	649
3108	6	7	405	379	8	769	185	2
3109	272	1	1071	375	44	770	1	68
3110	2	2	689	12	8	7	15	12
3111	436	30	41	35	71	1	28	28
3112	437	148	1991	1083	129	771	241	650
3113	438	2	2	12	8	7	15	12
3114	122	1	581	43	50	1	44	40
3115	20	4	37	3	154	10	4	651
3116	15	296	259	1173	129	100	72	135
3117	2	127	335	8	725	2	121	125
3118	127	45	67	389	46	7	84	1
3119	12	3	23	19	10	1	1	506
3120	2	2	989	12	8	7	15	12
3121	2	82	110	472	70	1	63	1
3122	2	2	2	12	8	772	15	12
3123	26	598	107	88	68	9	53	57
3124	2	1	1993	6	38	29	7	8
3125	4	1	572	228	38	773	18	1
3126	2	2	2	1156	8	7	15	12
3127	2	1	58	1174	38	29	7	8
3128	439	3	2	12	8	7	15	12
3129	46	45	1994	389	46	7	84	1
3130	2	30	616	1	149	1	40	11
3131	17	22	160	28	8	774	7	6
3132	2	82	1995	91	70	1	63	1
3133	56	198	671	325	204	125	40	58
3134	8	3	1996	131	8	1	28	201
3135	17	22	282	12	4	775	5	127
3136	9	13	1998	62	48	9	24	39
3137	15	593	1999	25	726	263	72	652
3138	2	22	48	42	31	28	30	653
3139	2	3	814	131	372	10	361	31
3140	6	3	2000	12	8	7	15	12
3141	6	599	37	94	11	40	4	289
3142	2	45	2001	963	8	7	84	108
3143	6	2	749	636	138	103	28	2
3144	15	148	950	681	129	100	106	135
3145	440	2	2	12	8	7	15	12
3146	46	1	388	1175	132	1	17	58
3147	2	600	223	12	11	2	3	654
3148	13	45	2003	656	46	1	7	19
3149	2	82	129	8	8	12	4	6
3150	2	2	939	11	196	1	289	65
3151	5	45	693	68	70	10	4	1
3152	6	35	246	1	149	1	4	11
3153	441	2	2	22	8	7	15	12
3154	2	2	1110	148	105	69	3	6
3155	6	7	1183	131	728	1	10	6
3156	2	45	720	610	46	1	7	655
3157	3	3	2004	1	3	1	4	3
3158	117	35	355	131	132	132	17	152
3159	9	13	2005	30	23	9	491	656
3160	61	219	717	1	11	1	28	8
3161	13	67	670	351	46	116	4	1
3162	20	45	10	389	11	7	84	1
3163	2	3	1043	723	444	1	1	8
3164	2	4	110	43	50	1	44	40
3165	2	45	2006	12	11	29	7	8
3166	9	13	2007	62	543	9	53	36
3167	20	2	2008	1176	46	29	7	58
3168	2	22	2009	42	31	28	30	6
3169	2	2	2010	12	8	7	15	12
3170	21	2	355	1177	46	116	4	1
3171	2	2	2011	12	8	7	15	12
3172	6	3	2	12	8	776	15	12
3173	2	2	2	12	8	777	15	12
3174	46	3	2012	294	46	1	17	1
3175	12	211	341	1178	54	1	183	1
3176	78	3	1191	1179	46	32	4	58
3177	2	2	2	278	8	7	15	12
3178	3	3	3	1180	3	1	4	3
3179	2	2	939	343	8	1	28	8
3180	2	2	2013	12	8	7	15	12
3181	2	82	922	8	4	7	15	12
3182	9	13	856	259	23	778	23	195
3183	2	2	2014	12	8	118	15	12
3184	9	13	2015	659	23	9	24	34
3185	9	13	1584	630	23	9	53	22
3186	200	45	67	389	46	7	84	1
3187	4	65	608	12	8	10	4	2
3188	13	45	1226	1182	8	7	84	108
3189	4	2	2016	8	4	10	4	2
3190	12	3	23	19	10	1	604	1
3191	2	16	2017	131	8	1	7	279
3192	442	2	140	112	729	1	17	68
3193	56	3	362	131	8	85	1	657
3194	443	30	41	1183	71	1	28	28
3195	3	3	3	1184	3	1	4	3
3196	12	30	41	1185	71	1	28	28
3197	99	601	353	1186	71	1	140	139
3198	129	22	2018	28	8	779	7	6
3199	2	82	110	91	730	1	63	1
3200	12	3	2019	19	10	1	1	1
3201	2	3	2020	1187	70	1	4	1
3202	2	195	2021	339	7	1	61	171
3203	2	7	339	1	158	1	605	1
3204	13	18	2022	20	18	12	4	6
3205	444	2	2	12	8	7	15	12
3206	2	1	58	6	38	29	583	8
3207	200	61	252	89	46	99	4	58
3208	61	209	2023	1188	1	10	181	182
3209	445	30	41	35	71	781	28	28
3210	12	2	70	161	1	782	4	163
3211	2	2	2	1189	8	7	15	12
3212	2	4	74	1190	8	7	15	12
3213	56	1	2	12	8	2	4	2
3214	2	7	1073	1	182	117	4	1
3215	15	148	1274	261	731	516	72	205
3216	2	2	2	12	8	783	15	12
3217	9	62	2025	30	16	9	23	32
3218	20	3	380	1191	44	1	166	68
3219	20	3	2026	20	18	784	4	6
3220	17	71	12	28	8	424	10	5
3221	190	22	1590	1192	732	10	7	2
3222	12	2	135	282	4	2	4	2
3223	447	30	41	35	712	1	28	28
3224	54	86	173	24	42	17	606	15
3225	2	2	2	12	8	785	15	12
3226	2	2	2	12	8	786	15	12
3227	12	2	135	8	4	787	4	2
3228	2	2	2	12	8	788	15	2
3229	9	13	2027	1193	51	514	607	417
3230	26	13	94	122	49	9	24	22
3231	12	30	41	35	71	789	28	28
3232	2	16	2028	131	8	1	7	19
3233	12	30	41	1183	71	790	28	28
3234	12	30	41	1183	71	1	28	28
3235	117	1	2029	131	8	132	17	295
3236	6	35	593	1	206	791	4	24
3237	9	36	929	30	35	9	23	22
3238	3	3	3	1	3	792	4	3
3239	6	131	308	1195	8	1	127	126
3240	6	4	324	880	2	7	84	2
3241	2	3	40	1196	233	1	61	1
3242	13	31	2030	12	8	10	4	54
3243	68	5	217	131	8	7	15	12
3244	2	2	2	1198	8	7	15	12
3245	2	2	2	12	733	7	15	12
3246	12	30	41	35	71	793	28	28
3247	2	602	2	12	8	7	15	12
3248	12	30	41	1199	71	131	28	28
3249	9	13	2031	69	23	9	71	195
3250	12	30	41	1200	71	1	28	28
3251	2	2	2	1201	8	7	15	12
3252	12	30	41	35	71	794	28	28
3253	12	137	2032	1202	70	1	608	1
3254	12	30	41	35	71	795	28	28
3255	246	2	2	12	8	7	15	12
3256	200	61	1842	6	38	29	7	58
3257	12	30	41	35	71	796	28	28
3258	2	1	633	12	174	10	4	54
3259	22	3	2034	1	11	10	4	8
3260	2	159	109	3	734	3	1	2
3261	2	82	1673	1203	1	1	93	1
3262	2	2	2	12	8	797	15	12
3263	2	82	135	8	735	12	4	2
3264	2	4	74	1204	8	7	15	12
3265	2	2	1044	1	203	1	174	1
3266	12	2	2035	8	4	2	4	2
3267	2	2	2	1205	8	786	15	12
3268	12	2	135	1206	4	2	4	2
3269	2	2	2	1190	8	7	15	12
3270	2	1	58	6	38	798	7	8
3271	330	338	2036	563	46	395	533	273
3272	21	45	67	316	46	29	7	58
3273	12	2	157	275	223	1	4	141
3274	3	3	3	1	3	799	4	3
3275	9	37	2037	531	81	9	204	263
3276	2	2	2	12	8	7	609	12
3277	12	2	135	1208	4	2	4	2
3278	2	2	2038	12	54	1	4	1
3279	2	126	292	131	736	1	1	2
3280	20	4	167	73	8	40	3	2
3281	9	603	2039	1209	23	514	429	658
3282	21	45	67	316	46	29	7	1
3283	15	148	2040	1210	298	127	610	659
3284	12	30	2041	35	71	131	28	114
3285	12	30	41	35	71	800	28	28
3286	448	112	247	1	38	1	40	1
3287	2	82	2042	477	1	1	93	1
3288	9	13	2043	1211	737	9	611	660
3289	2	82	2044	91	70	1	63	1
3290	13	3	152	123	78	7	612	6
3291	21	35	355	316	46	7	7	1
3292	12	30	41	35	71	801	28	28
3293	12	2	135	8	4	2	413	2
3294	12	2	135	464	4	2	4	2
3295	46	1	804	279	38	29	7	1
3296	2	1	58	6	38	29	7	58
3297	13	604	112	12	31	1	30	6
3298	449	4	109	3	4	3	1	2
3299	12	30	41	35	71	802	28	28
3300	2	2	2	12	8	531	15	661
3301	2	2	2	1213	8	7	15	12
3302	450	22	12	28	8	10	7	146
3303	2	605	2045	8	235	10	1	1
3304	4	5	2046	4	5	1	5	4
3305	3	3	1158	1	3	1	4	3
3306	15	116	1987	1170	21	535	20	244
3307	2	82	865	349	1	1	4	128
3308	3	3	3	1	3	803	4	3
3309	20	3	738	369	8	10	7	6
3310	6	606	154	1	8	1	28	5
3311	2	1	58	6	38	804	7	8
3312	46	607	2047	1214	46	1	4	142
3313	9	45	67	563	46	9	96	273
3314	7	2	576	131	100	1	4	142
3315	244	2	2	12	8	7	15	12
3316	4	1	307	209	38	429	28	107
3317	21	35	2049	316	46	7	7	1
3318	9	13	2050	1216	23	624	24	34
3319	2	4	2051	12	8	7	15	12
3320	2	2	2	833	8	7	15	12
3321	13	31	102	1217	8	7	7	54
3322	451	22	12	28	8	10	7	6
3323	12	2	2052	1218	4	2	4	2
3324	322	30	41	35	71	131	28	28
3325	46	3	2053	6	7	5	1	1
3326	2	82	794	6	38	40	4	24
3327	2	82	135	1219	4	12	4	2
3328	2	82	135	27	83	805	1	66
3329	13	31	43	38	8	806	4	6
3330	2	12	13	12	11	1	10	662
3331	2	15	2054	8	2	59	3	2
3332	46	45	67	389	46	1	28	1
3333	12	2	135	1220	4	2	4	2
3334	452	3	3	1	3	1	4	3
3335	56	5	758	11	10	1	1	1
3336	2	12	1942	12	71	1	10	8
3337	2	2	2055	12	8	7	15	12
3338	76	45	67	389	11	1	28	8
3339	4	383	1021	100	83	1	4	2
3340	13	31	2056	12	8	10	4	54
3341	6	4	10	1221	4	2	3	2
3342	453	30	41	357	71	1	28	28
3343	453	30	41	35	71	1	28	28
3344	2	2	2	376	8	7	15	12
3345	178	442	2057	1222	739	18	70	243
3346	9	13	2059	30	288	9	471	143
3347	14	27	1813	24	740	676	39	15
3348	14	274	2060	121	92	807	82	245
3349	12	30	41	386	71	1	28	28
3350	454	350	841	625	23	9	323	328
3351	455	2	2	12	8	7	15	12
3352	21	35	2061	279	46	132	17	1
3353	56	201	2062	12	8	10	4	2
3354	117	1	266	1223	46	132	17	273
3355	14	101	1510	156	109	78	461	50
3356	15	148	2063	1224	741	100	72	659
3357	2	28	87	1225	8	808	10	46
3358	4	5	2064	4	5	1	5	4
3359	6	3	654	11	10	1	1	663
3360	17	609	12	28	8	10	7	6
3361	20	3	373	131	8	1	613	8
3362	21	3	2065	1226	742	10	4	8
3363	121	246	2066	225	8	1	125	1
3364	26	13	200	66	23	9	202	105
3365	46	45	921	65	46	378	23	1
3366	49	610	155	1	159	1	2	1
3367	2	193	13	12	743	1	10	8
3368	2	2	2	426	8	7	15	12
3369	1	1	2067	1	1	1	2	1
3370	2	1	2068	1227	744	1	17	1
3371	6	7	2069	323	17	5	1	58
3372	456	284	530	521	312	100	72	340
3373	2	82	135	8	4	12	4	666
3374	6	612	269	1230	7	5	1	1
3375	204	613	828	84	8	1	4	667
3376	46	45	67	389	46	70	82	1
3377	26	58	107	1231	68	9	53	57
3378	4	1	572	1232	38	15	18	1
3379	2	1	58	447	38	29	7	8
3380	4	23	37	29	8	22	7	668
3381	6	614	269	6	7	5	1	1
3382	2	2	2	12	8	809	15	12
3383	21	22	12	1043	8	10	7	162
3384	12	2	135	1233	4	2	4	2
3385	3	3	1324	1	3	1	614	3
3386	2	2	2	22	8	7	15	2
3387	2	75	2072	563	8	1	7	273
3388	5	143	659	229	1	810	116	1
3389	2	16	2073	246	229	155	194	2
3390	2	2	2	350	8	7	15	12
3391	7	218	576	131	745	1	4	142
3392	2	22	48	1235	31	104	30	6
3393	6	3	2	12	8	7	15	670
3394	2	82	2074	91	70	1	63	1
3395	17	22	282	12	4	114	615	127
3396	2	4	74	350	8	606	15	12
3397	12	30	41	1236	71	1	28	28
3398	26	13	508	1237	23	9	24	34
3399	2	4	74	12	8	606	15	12
3400	2	2	2	1238	8	7	15	12
3401	17	22	160	1239	8	21	7	6
3402	3	3	3	1	746	137	4	3
3403	2	82	2075	8	4	12	4	2
3404	21	4	2076	8	8	40	51	112
3405	20	615	2077	1240	747	1	140	58
3406	457	60	110	91	70	1	214	1
3407	22	5	167	577	7	1	140	1
3408	15	616	1865	1241	748	728	616	116
3409	2	2	2	12	749	7	617	12
3410	56	1	967	1	419	1	4	359
3411	2	1	968	6	7	5	362	1
3412	9	13	67	389	46	9	24	1
3413	252	6	969	225	420	1	1	360
3414	2	45	970	12	166	400	4	72
3415	117	1	388	131	132	401	17	152
3416	164	371	129	100	83	7	226	66
3417	42	27	2078	24	92	17	39	15
3418	49	7	155	1	159	402	2	1
3419	2	16	822	131	8	1	7	19
3420	2	65	204	12	8	811	588	2
3421	21	4	92	691	8	40	51	112
3422	2	5	974	8	2	1	28	6
3423	9	37	2080	30	56	9	201	22
3424	9	36	2081	641	72	9	96	22
3425	9	13	2082	1242	56	9	250	143
3426	253	11	12	11	10	1	1	1
3427	4	1	2083	29	8	22	7	19
3428	26	13	128	1243	23	9	16	100
3429	14	91	2084	1244	626	68	41	90
3430	9	13	872	641	392	812	23	100
3431	9	13	856	69	169	9	145	143
3432	9	13	2085	122	23	9	22	22
3433	136	432	2086	1245	130	346	72	462
3434	2	82	227	1246	479	1	17	68
3435	9	13	1947	1247	23	9	510	48
3436	9	13	2087	30	751	813	239	57
3437	9	13	2088	93	66	350	16	32
3438	121	7	1686	1	752	1	1	537
3439	14	77	2090	879	46	395	354	1
3440	56	4	326	8	8	2	3	2
3441	356	13	2091	1249	23	9	23	100
3442	9	617	2092	30	23	9	445	21
3443	13	34	49	12	172	10	4	2
3444	12	2	975	161	8	2	4	163
3445	117	1	388	131	89	132	17	58
3446	9	13	920	79	307	9	23	20
3447	33	618	2093	1250	110	17	39	15
3448	2	3	976	219	38	1	4	1
3449	6	372	50	43	1	403	4	30
3450	9	450	2094	1251	23	9	23	49
3451	9	13	817	617	753	814	239	57
3452	2	2	1003	131	428	117	1	128
3453	9	13	2095	847	23	9	239	57
3454	14	27	2096	154	92	17	39	15
3455	136	432	2097	896	130	637	72	462
3456	2	259	1117	228	7	280	7	8
3457	2	356	876	209	38	450	28	387
3458	15	243	2098	101	80	253	618	64
3459	6	35	770	1	151	165	124	1
3460	4	82	977	228	28	1	29	1
3461	6	373	978	249	421	1	363	361
3462	2	3	2101	8	8	815	7	54
3463	2	75	979	692	422	5	2	1
3464	2	206	708	693	38	1	4	1
3465	267	154	50	722	2	54	3	2
3466	2	2	864	1252	360	1	270	83
3467	9	37	2102	66	23	816	519	255
3468	14	342	2103	144	110	17	56	50
3469	56	1	2104	137	100	1	81	85
3470	9	13	2105	30	23	9	254	255
3471	2	620	2	12	8	7	15	12
3472	459	80	2106	873	544	640	39	109
3473	9	53	856	1253	56	9	23	672
3474	330	448	1333	10	9	817	9	7
3475	460	275	2107	1254	56	539	249	246
3476	26	13	2108	1255	755	273	253	673
3477	461	526	2109	1256	756	818	620	674
3478	26	13	2111	66	23	9	23	470
3479	9	13	844	74	23	9	52	48
3480	6	622	2	12	8	7	15	12
3481	6	3	2	12	8	819	15	12
3482	4	1	980	7	32	10	4	2
3483	2	374	981	242	11	404	7	8
3484	4	2	982	112	44	283	17	68
3485	131	1	208	269	3	1	1	2
3486	254	22	12	28	8	119	130	6
3487	21	9	12	8	2	2	3	2
3488	12	2	637	695	223	1	4	141
3489	17	22	12	28	8	405	7	6
3490	22	3	46	1	11	406	4	8
3491	3	3	3	1	757	1	4	3
3492	463	3	2113	12	8	1	15	12
3493	9	24	2114	1257	23	9	38	417
3494	6	35	50	43	1	1	4	128
3495	146	240	2115	101	249	18	70	117
3496	12	4	13	12	11	1	10	1
3497	255	375	983	1	203	125	364	1
3498	47	76	2117	1258	90	55	72	81
3499	14	623	2118	24	92	17	39	15
3500	14	77	2119	48	110	98	251	109
3501	9	37	420	1259	758	9	23	22
3502	14	624	191	149	759	98	86	90
3503	26	13	2120	1260	23	9	24	57
3504	2	1	984	35	71	407	4	28
3505	464	13	2121	30	23	9	46	42
3506	30	46	226	43	50	1	44	362
3507	14	27	2122	887	92	68	39	675
3508	3	3	3	1	3	166	4	676
3509	3	3	985	1	3	166	4	3
3510	465	1	2124	1261	761	820	621	677
3511	2	625	2125	6	762	29	7	8
3512	2	16	67	131	8	1	7	1
3513	12	2	2127	8	4	2	4	2
3514	56	1	2128	1	11	2	3	1
3515	12	41	2129	8	11	2	4	2
3516	20	67	122	696	8	408	4	6
3517	4	23	30	29	8	829	7	19
3518	1	81	1099	339	44	280	181	386
3519	2	2	1087	12	8	7	15	12
3520	468	76	145	117	90	55	72	81
3521	1	1	2131	1	1	1	2	1
3522	8	3	8	1	8	1	2	1
3523	9	13	2132	30	23	9	491	22
3524	9	528	2133	1262	767	9	265	222
3525	9	13	2134	1263	23	9	23	22
3526	469	105	2135	163	114	23	630	690
3527	20	3	986	292	28	1	29	1
3528	12	30	41	35	27	10	631	28
3529	256	376	623	1	71	1	2	1
3530	2	65	10	12	337	1	4	8
3531	6	11	987	12	266	1	3	2
3532	15	116	2136	25	21	535	20	244
3533	9	628	67	563	46	9	96	273
3534	47	76	2137	117	90	830	72	81
3535	14	77	38	24	92	502	39	15
3536	14	72	159	113	95	831	76	15
3537	6	3	2139	12	8	7	15	12
3538	6	63	37	94	11	38	10	363
3539	12	2	135	8	4	832	4	2
3540	2	159	109	3	4	833	1	2
3541	146	240	433	101	249	834	70	117
3542	470	147	353	1	71	1	140	139
3543	2	629	2	12	8	7	15	12
3544	6	47	2140	1265	2	32	4	1
3545	9	630	2027	30	23	378	201	20
3546	21	45	67	129	46	9	22	58
3547	3	3	3	1266	3	1	4	3
3548	30	631	2141	1267	768	1	4	1
3549	2	9	2142	1268	186	15	4	8
3550	5	45	2143	68	70	1	4	1
3551	15	432	1432	896	130	127	72	462
3552	2	33	659	600	2	2	3	2
3553	471	45	693	1270	70	1	4	1
3554	13	18	988	20	18	12	365	6
3555	4	4	676	94	8	1	4	24
3556	2	2	2145	253	1	1	4	128
3557	14	27	549	111	110	17	56	50
3558	14	476	2146	1028	24	23	82	23
3559	4	293	2147	27	8	7	7	128
3560	42	632	2148	1271	110	835	633	15
3561	14	114	2149	24	20	17	39	423
3562	2	633	2150	1272	8	836	4	6
3563	2	2	2151	148	770	69	3	6
3564	267	154	50	1273	100	10	166	8
3565	9	634	351	1274	169	9	145	691
3566	13	3	2152	8	8	40	59	6
3567	26	37	420	1275	23	9	46	20
3568	61	2	2153	21	19	109	4	14
3569	9	635	2080	30	56	493	201	22
3570	472	2	135	8	4	2	4	2
3571	2	374	981	242	11	280	7	8
3572	6	35	2154	8	2	40	3	125
3573	4	89	244	12	8	838	4	2
3574	2	1	58	6	38	839	7	8
3575	2	636	58	6	38	29	7	8
3576	9	13	2155	641	23	9	23	100
3577	9	13	1444	903	288	840	471	143
3578	6	3	2	12	8	841	15	12
3579	2	2	2	1276	8	7	15	12
3580	245	2	2	12	8	7	15	12
3581	2	127	335	8	2	842	121	125
3582	20	75	238	444	2	10	17	51
3583	12	2	70	697	1	1	4	163
3584	6	7	269	761	157	5	1	1
3585	475	240	2156	101	46	843	70	58
3586	476	2	2	22	8	7	15	12
3587	2	2	2	12	773	7	15	12
3588	2	2	2	12	8	2	4	6
3589	2	3	2157	116	485	7	7	6
3590	2	2	2158	12	11	7	7	12
3591	2	193	2159	12	11	1	10	8
3592	7	4	88	27	85	10	129	6
3593	2	15	2160	8	2	155	635	2
3594	12	1	31	8	2	10	17	692
3595	13	3	953	325	8	40	59	6
3596	17	22	160	28	774	844	7	6
3597	2	4	2162	12	127	845	4	6
3598	12	30	2163	35	27	10	28	28
3599	2	16	20	1277	11	64	14	8
3600	6	79	154	1	775	1	28	5
3601	117	1	388	609	132	132	17	152
3602	1	1	2164	1	1	1	2	1
3603	12	2	2165	8	4	2	4	2
3604	2	65	2166	96	44	1	63	53
3605	202	3	75	8	8	40	59	6
3606	2	22	379	1278	31	28	30	6
3607	13	18	2167	20	18	12	4	6
3608	4	196	361	11	70	1	4	14
3609	2	2	169	1279	11	1	1	2
3610	2	1	58	6	38	846	7	8
3611	117	1	388	131	776	132	17	152
3612	6	107	2168	1	232	1	199	194
3613	12	3	2169	19	10	1	1	1
3614	12	2	135	464	4	848	4	2
3615	4	9	2170	1280	2	442	3	125
3616	2	22	2171	42	31	28	30	6
3617	2	1	266	1281	201	1	17	152
3618	9	13	2173	30	777	9	22	694
3619	26	637	2174	62	778	9	250	143
3620	9	13	2175	30	555	95	23	477
3621	15	76	2176	227	533	849	636	454
3622	14	638	181	971	110	17	39	15
3623	14	92	183	144	110	17	83	15
3624	82	27	2177	1282	779	70	86	90
3625	2	1	58	6	781	29	7	8
3626	14	299	556	78	321	17	637	269
3627	46	45	67	389	46	7	84	1
3628	2	2	2179	12	8	7	15	12
3629	4	1	971	230	165	10	638	2
3630	56	2	709	73	1	1	4	5
3631	2	640	2180	1283	2	1	1	695
3632	2	2	2	12	782	7	15	12
3633	2	303	2181	8	8	7	84	696
3634	2	22	2182	42	31	28	30	6
3635	3	3	2183	1	3	1	4	3
3636	17	22	2184	28	8	10	7	146
3637	26	641	552	122	23	9	23	34
3638	9	13	1848	1284	56	9	239	57
3639	477	116	1669	409	591	263	106	135
3640	2	2	169	131	783	1	1	2
3641	6	3	2	1285	8	7	15	12
3642	6	3	2	1286	8	7	15	12
3643	6	3	2	12	8	7	639	12
3644	6	3	2	1287	8	7	15	12
3645	2	1	58	1288	38	29	7	8
3646	6	3	2	1289	8	7	15	12
3647	2	2	2	1290	8	7	15	12
3648	12	30	41	35	71	851	28	28
3649	2	1	58	448	38	29	7	8
3650	438	1	58	6	38	29	7	8
3651	156	2	2	12	8	7	15	12
3652	6	3	2	22	8	7	15	12
3653	2	2	2	1291	8	7	15	12
3654	156	2	2	1292	8	7	15	12
3655	156	2	2	22	8	7	15	12
3656	20	3	42	292	425	1	29	276
3657	2	9	2185	8	8	7	47	6
3658	4	23	37	1293	8	22	7	19
3659	156	2	2	1294	8	7	15	12
3660	156	2	2	376	8	7	15	12
3661	2	1	58	1295	38	29	7	8
3662	99	147	353	1296	71	1	140	139
3663	2	1	58	1297	38	29	7	8
3664	99	147	353	1	71	1	640	139
3665	13	642	112	12	31	1	30	6
3666	6	63	1190	94	11	38	10	8
3667	2	377	990	545	7	291	7	8
3668	12	2	135	829	4	2	4	2
3669	2	82	135	455	4	12	4	2
3670	30	46	226	43	50	1	44	364
3671	3	3	3	1299	3	1	4	3
3672	2	1	58	6	38	183	7	8
3673	6	102	2186	235	70	1	1	6
3674	2	2	169	131	11	852	1	2
3675	13	31	112	12	177	1	30	6
3676	6	4	110	12	83	1	1	85
3677	2	2	2187	12	8	7	15	12
3678	12	3	383	19	8	1	1	1
3679	479	2	637	275	168	1	4	141
3680	5	143	2188	1300	199	1	116	1
3681	8	3	373	131	8	1	28	8
3682	17	22	12	1301	8	10	7	6
3683	2	82	2189	1302	4	12	4	2
3684	2	9	83	1050	8	7	47	6
3685	480	4	2162	12	127	99	4	6
3686	2	22	2190	42	31	28	30	6
3687	2	4	129	100	83	1	1	66
3688	20	3	2191	12	119	7	7	104
3689	21	9	47	1303	208	1	4	29
3690	4	2	140	699	426	1	17	365
3691	2	1	58	6	38	29	641	8
3692	2	248	2192	6	38	29	7	8
3693	56	82	992	700	335	1	4	366
3694	6	35	317	8	2	853	128	1
3695	2	378	151	8	2	7	7	73
3696	19	3	991	701	8	7	7	6
3697	2	644	87	12	8	38	10	46
3698	481	82	2193	203	144	7	3	6
3699	2	15	129	1304	2	399	3	2
3700	3	3	3	1	3	410	4	3
3701	20	75	633	702	8	411	278	2
3702	5	3	2194	86	7	1	61	55
3703	2	3	696	131	8	542	10	8
3704	12	2	2195	8	4	2	4	2
3705	56	1	2196	137	100	1	81	85
3706	167	260	2197	1	151	1	4	177
3707	257	1	266	131	132	1	17	152
3708	122	1	88	28	8	407	4	24
3709	2	4	995	137	71	412	4	68
3710	6	35	77	8	784	10	4	2
3711	39	63	37	94	11	413	10	8
3712	2	2	939	703	8	1	28	8
3713	12	3	7	8	1	7	7	6
3714	6	246	642	1	252	1	1	1
3715	258	328	997	1	1	323	299	1
3716	259	4	998	137	71	40	4	68
3717	4	2	140	112	44	343	17	68
3718	2	1	2198	6	38	29	7	8
3719	2	16	999	21	19	1	367	14
3720	13	34	1000	8	4	152	4	367
3721	128	2	939	35	71	1	4	139
3722	22	3	1001	1	427	403	4	8
3723	2	2	190	276	105	69	3	369
3724	2	2	2199	12	8	7	15	12
3725	6	645	12	11	10	1	1	1
3726	2	82	67	338	4	12	4	2
3727	12	30	41	35	785	1	28	28
3728	2	1	58	6	786	29	7	8
3729	2	1	2200	6	38	29	7	8
3730	482	3	75	8	2	99	4	6
3731	192	3	624	1	5	10	273	19
3732	21	9	47	1306	208	1	4	29
3733	2	3	696	1307	8	1	10	8
3734	13	5	167	131	429	15	4	1
3735	2	82	289	705	144	7	3	6
3736	2	28	910	12	26	414	3	26
3737	6	7	405	379	8	125	185	2
3738	2	4	74	12	8	854	15	12
3739	2	1	2201	6	38	29	7	8
3740	6	3	2	12	8	748	15	12
3741	2	4	109	3	352	3	1	2
3742	49	190	1004	12	189	1	40	370
3743	2	12	2202	12	11	1	10	8
3744	13	31	43	38	8	10	368	6
3745	5	143	659	229	1	855	147	1
3746	12	3	1006	706	159	1	2	1
3747	12	2	2203	8	4	2	4	2
3748	6	107	2204	164	38	77	28	8
3749	4	1	572	228	787	15	18	1
3750	12	1	1007	649	1	1	1	1
3751	3	3	3	305	3	1	4	3
3752	6	102	10	235	70	188	1	6
3753	4	2	1008	8	47	7	7	6
3754	17	22	12	94	8	10	7	6
3755	17	22	282	12	4	857	5	127
3756	4	1	572	1310	38	15	18	1
3757	20	75	677	8	788	10	17	51
3758	4	96	571	273	8	10	4	2
3759	56	1	2	12	8	415	4	2
3760	13	31	112	12	31	1	642	6
3761	20	75	1	8	2	10	17	51
3762	13	3	75	8	8	40	369	6
3763	6	79	154	1	8	858	28	5
3764	4	553	37	29	8	1	7	19
3765	436	3	23	19	10	859	1	1
3766	4	65	608	12	8	7	15	2
3767	2	2	1009	8	2	59	3	2
3768	4	196	361	11	70	1	4	699
3769	2	2	1010	1	219	203	28	184
3770	483	1	58	6	38	29	7	8
3771	2	2	2	12	8	7	15	700
3772	2	2	2205	12	8	7	15	12
3773	12	2	135	8	4	2	643	2
3774	2	153	2	825	8	860	15	12
3775	2	2	2205	12	8	861	15	12
3776	17	646	160	28	8	21	7	6
3777	2	1	2206	6	38	29	7	8
3778	56	1	1012	131	8	1	187	186
3779	17	151	12	28	789	10	7	6
3780	7	16	20	1	11	64	14	8
3781	2	1	58	451	38	29	7	209
3782	17	22	160	28	8	862	7	6
3783	17	22	160	1311	8	21	7	6
3784	133	216	1013	35	149	1	40	11
3785	2	2	689	27	77	31	122	2
3786	4	2	2207	112	44	1	17	68
3787	3	3	3	1	3	863	4	3
3788	6	3	783	1312	83	1	1	66
3789	3	3	3	1	3	1	644	3
3790	2	2	623	1	430	1	2	1
3791	17	22	2208	28	8	21	7	6
3792	2	1	266	131	132	1	17	702
3793	4	3	8	325	17	1	29	1
3794	4	1	37	29	8	416	7	19
3795	12	30	41	35	71	1	28	703
3796	2	1	58	6	38	417	7	8
3797	2	4	74	12	8	157	15	12
3798	3	3	3	1	3	864	4	3
3799	4	1	307	209	38	117	370	107
3800	446	30	41	35	71	1	28	28
3801	2	4	74	12	8	7	645	12
3802	17	22	12	1313	8	10	7	6
3803	13	18	24	20	18	12	646	6
3804	2	9	2209	8	791	219	3	199
3805	2	2	285	28	8	865	7	6
3806	2	1	58	6	38	866	7	8
3807	3	3	3	1	3	1	4	705
3808	2	82	135	8	4	867	4	2
3809	2	82	135	748	4	867	4	2
3810	2	1	2211	6	38	29	7	8
3811	30	46	135	707	8	10	129	2
3812	56	1	177	137	100	868	81	706
3813	2	22	368	42	31	869	30	6
3814	17	22	2212	28	8	10	7	6
3815	4	5	14	1315	5	1	5	4
3816	12	2	135	8	4	870	4	2
3817	12	647	135	8	4	2	4	2
3818	2	15	2213	12	13	10	4	2
3819	488	1	1	1	1	1	2	1
3820	2	82	135	282	4	867	4	2
3821	6	381	10	708	4	2	3	2
3822	1	648	1	1	1	1	2	1
3823	2	2	1016	131	11	1	1	2
3824	2	4	74	12	8	7	649	12
3825	5	143	659	229	1	871	147	1
3826	2	28	730	12	31	872	296	6
3827	1	1	1	1316	1	1	2	1
3828	489	11	391	1	203	1	174	1
3829	2	15	18	12	13	10	4	707
3830	2	4	74	12	8	873	15	12
3831	12	649	41	35	71	1	28	28
3832	2	2	2	12	792	7	15	12
3833	6	33	84	1317	441	117	40	210
3834	2	2	2	1318	8	7	15	12
3835	2	1	88	8	1	1	1	371
3836	261	30	1018	1	431	1	28	1
3837	262	45	1019	363	432	7	47	58
3838	263	3	46	1	11	10	4	8
3839	3	3	3	1	3	874	4	3
3840	2	2	2	12	8	875	15	12
3841	490	2	135	8	4	2	650	2
3842	2	9	407	1168	186	15	4	8
3843	2	28	87	12	287	38	598	708
3844	12	30	41	388	71	1	28	28
3845	8	3	254	1320	8	1	28	8
3846	12	30	41	1321	71	1	28	28
3847	2	2	2	12	8	7	651	12
3848	12	2	135	377	4	2	4	2
3849	6	3	646	554	335	876	4	14
3850	6	4	10	2	4	418	129	2
3851	2	1	2215	6	38	29	7	8
3852	2	82	1020	228	38	1	29	1
3853	2	2	2	1322	8	7	15	12
3854	491	3	3	1	3	1	4	3
3855	2	2	2216	1323	78	7	15	710
3856	2	1	1115	324	38	29	7	8
3857	2	382	157	131	433	10	4	372
3858	2	35	50	558	338	1	40	2
3859	99	147	353	1	71	1	140	711
3860	2	45	2217	8	11	29	279	8
3861	2	650	18	12	13	10	653	2
3862	13	18	24	20	434	12	4	6
3863	6	16	322	710	4	3	1	2
3864	3	3	3	1	3	877	4	3
3865	6	3	2	12	793	7	15	12
3866	4	383	1021	100	435	1	4	2
3867	6	3	2218	12	8	7	15	12
3868	17	22	758	12	8	21	7	6
3869	2	2	2	12	8	878	15	12
3870	6	35	2219	8	2	115	128	1
3871	6	3	2220	12	8	7	15	12
3872	493	3	3	1	3	1	4	3
3873	3	3	3	1326	3	1	4	3
3874	2	2	2222	12	8	7	15	12
3875	494	31	49	12	174	10	4	54
3876	2	4	109	3	4	3	148	2
3877	12	2	135	1327	4	2	4	2
3878	6	384	1023	219	38	419	4	1
3879	2	4	2223	12	8	7	654	12
3880	2	2	2224	55	8	7	15	12
3881	99	147	353	1	71	879	140	139
3882	495	3	105	86	7	1	61	55
3883	12	3	23	1328	10	1	1	1
3884	3	3	3	1	3	1	655	3
3885	20	3	42	292	28	1	29	712
3886	496	1	2225	6	38	29	7	8
3887	4	1	1025	712	437	1	1	1
3888	2	1	58	1330	38	29	7	8
3889	2	2	1026	8	8	1	44	108
3890	4	89	244	1168	8	10	4	2
3891	6	7	671	323	17	5	371	58
3892	17	22	282	12	4	114	656	127
3893	3	651	3	1	3	1	4	3
3894	2	1	2226	12	174	880	4	54
3895	17	22	12	442	8	10	7	6
3896	2	1	2227	6	38	29	7	8
3897	498	147	353	1	71	1	140	139
3898	2	28	2228	12	8	38	10	46
3899	6	11	12	11	10	1	372	1
3900	12	30	2230	35	71	1	28	28
3901	6	3	2	1331	8	7	15	12
3902	12	250	1027	1	256	1	219	210
3903	56	252	443	1	71	1	4	1
3904	13	189	67	325	69	12	4	164
3905	2	22	48	42	31	881	30	6
3906	20	11	1028	713	8	1	28	373
3907	6	7	1029	6	438	5	1	1
3908	264	3	152	123	78	1	2	374
3909	499	131	944	246	166	155	157	72
3910	2	2	167	714	3	69	374	6
3911	6	3	2	12	8	7	15	422
3912	265	35	158	8	2	32	4	1
3913	2	1	58	6	38	882	657	8
3914	6	164	1030	131	439	125	4	128
3915	3	3	3	1	3	179	4	3
3916	2	2	2	12	8	883	15	12
3917	22	147	2232	1	71	277	140	139
3918	4	89	2233	123	78	10	4	1
3919	2	22	1031	715	8	1	4	2
3920	2	1	2234	123	78	29	7	1
3921	4	652	572	228	38	15	18	1
3922	4	1	307	209	38	117	10	107
3923	94	2	336	208	7	122	132	713
3924	2	12	2235	12	11	1	10	8
3925	2	2	2	1	8	7	15	12
3926	20	238	1033	8	2	10	17	51
3927	2	1	2236	6	38	29	7	8
3928	2	9	2237	8	8	7	47	6
3929	2	131	944	246	166	884	157	72
3930	2	1	2238	6	38	29	7	8
3931	2	2	939	438	8	1	375	8
3932	142	15	157	1	244	1	4	1
3933	17	22	2239	28	8	10	7	6
3934	2	653	58	6	38	29	7	8
3935	500	3	2	12	8	7	15	12
3936	2	2	2	716	8	7	15	12
3937	12	30	41	1334	71	1	28	28
3938	4	5	14	4	5	1	658	4
3939	6	147	353	1	71	1	140	139
3940	502	2	2	12	8	7	15	12
3941	3	655	3	1	3	1	4	3
3942	2	1	2241	6	38	29	7	8
3943	20	3	659	600	2	2	3	2
3944	6	63	2242	94	11	885	10	8
3945	2	2	2	12	8	886	15	12
3946	504	3	3	1	3	1	4	3
3947	94	2	336	208	7	887	132	1
3948	3	3	3	1	3	888	4	3
3949	505	3	3	1	3	1	4	3
3950	6	3	129	100	440	1	1	66
3951	506	143	659	229	1	890	116	1
3952	6	33	84	68	441	117	40	210
3953	12	30	41	35	71	891	28	28
3954	3	3	3	465	3	1	4	3
3955	2	4	2243	12	8	7	15	12
3956	3	3	450	1	3	1	4	3
3957	4	96	2244	12	8	10	4	2
3958	7	2	12	323	222	423	4	58
3959	2	2	2	317	8	892	15	12
3960	12	30	41	1336	27	10	28	28
3961	6	3	2	12	287	7	15	12
3962	2	244	379	42	31	28	659	6
3963	3	657	3	305	3	1	4	3
3964	2	1	58	6	796	29	7	8
3965	12	2	2245	8	4	2	4	2
3966	2	29	2246	1	5	1	27	27
3967	2	1	58	6	797	29	7	8
3968	507	3	3	1	3	1	4	3
3969	2	2	2	12	8	14	15	12
3970	322	30	41	35	71	1	28	28
3971	12	30	41	35	71	893	28	28
3972	508	30	41	35	71	1	28	28
3973	4	1	665	717	38	1	156	153
3974	2	47	129	8	8	7	84	108
3975	22	147	352	231	71	894	143	715
3976	2	29	40	1	5	1	27	716
3977	3	3	3	1	3	895	4	3
3978	3	3	3	1	798	1	4	3
3979	2	172	129	8	8	7	84	108
3980	2	2	2248	12	8	7	15	12
3981	2	1	58	366	799	29	7	8
3982	2	153	2	484	8	7	15	12
3983	3	3	3	1	3	897	4	3
3984	12	2	135	8	4	898	4	2
3985	4	23	37	29	207	22	7	19
3986	12	3	23	19	800	1	1	1
3987	509	35	54	43	1	10	4	30
3988	2	2	2	1337	46	7	15	12
3989	129	210	1034	28	8	1	377	24
3990	2	195	685	1338	7	1	61	171
3991	2	45	2249	8	8	7	84	108
3992	99	147	353	1339	71	1	140	139
3993	2	9	631	12	4	10	430	6
3994	22	3	46	1	11	899	4	8
3995	6	3	689	12	8	7	15	12
3996	2	93	670	718	46	125	378	2
3997	2	2	2	453	8	7	15	12
3998	2	127	335	8	211	2	121	125
3999	6	7	2251	323	17	5	1	58
4000	4	1	665	562	38	1	156	717
4001	6	3	2	12	8	900	15	12
4002	17	22	2252	28	8	10	7	6
4003	12	35	1035	719	8	1	379	375
4004	6	79	1036	1	8	1	28	5
4005	3	3	3	1	3	901	4	3
4006	4	2	140	112	44	1	17	190
4007	3	3	2033	338	17	1	4	97
4008	2	2	2	12	8	902	15	12
4009	6	3	2	1340	8	7	15	12
4010	510	82	364	108	11	54	3	8
4011	2	658	2	299	8	7	15	12
4012	3	659	3	1	3	1	4	3
4013	3	3	3	1	3	1	4	718
4014	13	67	136	20	8	47	4	6
4015	6	35	54	1341	1	10	4	30
4016	13	3	75	720	8	425	59	6
4017	1	1	2253	1	1	1	2	1
4018	12	30	2254	35	71	1	28	28
4019	2	2	241	748	8	1	1	108
4020	12	30	41	1342	71	1	661	28
4021	2	1	669	6	38	29	7	8
4022	511	4	74	12	8	7	15	12
4023	12	30	2255	35	71	1	28	28
4024	4	89	244	12	8	10	662	548
4025	12	30	2256	35	71	1	28	188
4026	2	1	2257	6	38	29	7	8
4027	117	1	2258	131	132	132	663	152
4028	6	199	1037	1	8	427	4	5
4029	17	661	12	28	8	294	7	146
4030	322	30	41	1343	71	903	28	28
4031	6	199	1037	1	8	116	4	5
4032	3	3	2259	1	3	1	4	3
4033	12	2	135	1345	4	2	4	2
4034	4	2	77	116	8	7	7	6
4035	22	662	352	231	71	129	143	140
4036	6	35	50	43	1	421	4	30
4037	12	30	41	1346	71	1	28	28
4038	2	2	2260	1347	38	29	7	8
4039	12	30	41	1348	71	904	28	28
4040	4	1	129	8	8	7	84	108
4041	6	199	1037	1	8	905	4	5
4042	513	3	3	1	3	1	4	3
4043	2	303	2261	8	8	7	84	108
4044	12	30	2256	35	71	1	28	28
4045	2	22	48	42	31	906	30	6
4046	2	2	2	12	8	748	15	12
4047	514	2	2	12	8	7	15	12
4048	515	22	12	12	8	21	7	6
4049	12	30	41	35	71	180	28	28
4050	2	242	135	8	4	12	4	2
4051	2	153	2	278	8	7	15	12
4052	2	1	2262	6	38	29	7	8
4053	3	3	3	1350	3	1	4	3
4054	1	663	1	1	1	1	2	1
4055	2	2	2	12	8	907	15	12
4056	3	3	3	1	3	908	4	719
4057	103	1	1	1	1	1	2	1
4058	12	2	135	1351	802	2	4	2
4059	56	3	362	131	8	449	1	6
4060	2	4	74	12	8	7	15	720
4061	6	35	77	8	2	152	4	2
4062	20	3	1041	6	341	5	1	289
4063	12	2	660	131	8	1	664	107
4064	12	2	135	8	4	2	4	721
4065	12	2	135	8	4	910	4	2
4066	2	82	135	8	4	867	4	722
4067	17	22	2263	1353	8	21	7	6
4068	6	199	1037	1	8	911	4	5
4069	2	2	2	12	8	912	15	12
4070	3	3	3	1	3	913	4	3
4071	13	665	24	20	18	914	4	6
4072	22	3	46	1354	11	10	4	8
4073	6	7	1038	6	7	5	1	376
4074	6	33	84	1356	441	117	40	210
4075	2	1	2264	6	38	164	7	8
4076	6	35	50	2	4	2	3	2
4077	2	1	58	363	210	29	7	8
4078	4	1	572	228	804	15	18	1
4079	191	7	2265	209	38	214	10	107
4080	3	3	3	1	3	915	4	3
4081	2	2	2	12	8	916	15	12
4082	516	666	135	8	4	12	4	2
4083	6	4	14	4	5	40	666	53
4084	4	1	572	228	805	15	18	1
4085	6	667	54	43	1	10	4	30
4086	56	5	1040	11	10	85	1	1
4087	4	133	321	213	151	165	124	1
4088	94	2	336	208	806	122	132	1
4089	4	3	824	1	375	286	1	323
4090	7	218	576	371	100	1	4	142
4091	2	1	58	6	443	29	7	8
4092	2	1	2266	6	38	29	7	8
4093	12	30	41	35	71	917	28	28
4094	2	12	13	12	807	1	10	8
4095	6	4	1204	12	137	2	4	6
4096	3	3	2267	1	3	1	4	3
4097	12	2	135	8	4	2	4	723
4098	56	5	1042	11	10	38	10	377
4099	2	2	2	12	8	7	15	724
4100	3	3	3	1	3	918	4	3
4101	340	3	2	1357	8	919	15	12
4102	517	668	671	325	204	125	667	58
4103	2	2	2	12	8	920	353	12
4104	2	335	58	1358	38	29	7	8
4105	20	45	129	8	8	7	84	108
4106	2	127	2268	8	2	40	306	125
4107	12	3	2269	222	153	1	1	1
4108	12	3	342	724	445	1	1	1
4109	20	75	238	954	2	10	17	51
4110	2	303	2270	8	8	7	84	108
4111	13	3	75	8	2	99	668	6
4112	117	1	388	279	46	132	17	152
4113	20	3	1	191	134	103	28	31
4114	518	669	263	1360	808	1	669	725
4115	22	3	46	1361	11	10	4	8
4116	2	2	2	1362	365	2	670	726
4117	12	3	1045	726	446	1	1	1
4118	12	3	342	727	153	360	1	1
4119	12	385	1046	728	153	1	1	1
4120	17	22	12	12	8	21	7	378
4121	2	82	2271	1364	70	1	63	1
4122	12	3	2272	1365	153	1	1	1
4123	13	670	24	1366	18	12	4	727
4124	519	671	2273	1367	809	7	671	12
4125	268	4	1047	729	4	430	4	379
4126	6	35	2274	1368	338	921	672	2
4127	12	3	2275	1369	810	1	1	728
4128	520	9	2276	1370	2	2	305	2
4129	5	143	2277	1372	366	1	116	1
4130	2	2	314	1	149	10	673	11
4131	2	65	1629	161	1	1	4	729
4132	12	3	2278	222	153	1	1	1
4133	5	143	787	1373	366	1	116	1
4134	2	2	2	1374	8	7	15	12
4135	2	1	58	6	812	29	7	8
4136	12	211	2279	228	54	1	183	1
4137	2	183	2	12	8	7	15	12
4138	4	4	385	1	447	15	140	165
4139	2	9	83	1375	8	7	47	6
4140	2	2	167	1376	3	69	3	6
4141	2	1	58	6	813	29	7	8
4142	3	3	3	1	3	922	4	3
4143	2	2	377	12	8	7	15	12
4144	3	3	3	1	3	166	4	730
4145	2	1	1048	6	38	29	7	8
4146	6	102	10	1377	70	1	1	6
4147	2	2	1049	148	105	431	3	6
4148	2	183	2	12	8	167	15	12
4149	2	1	266	131	132	923	17	152
4150	2	28	87	12	8	924	10	46
4151	2	82	1050	235	70	1	1	6
4152	3	3	3	1	3	925	4	3
4153	2	366	2281	12	8	7	15	12
4154	22	3	152	123	78	10	4	8
4155	4	89	2282	12	8	926	4	2
4156	12	30	2283	35	71	1	28	28
4157	6	3	2284	12	8	7	15	12
4158	6	63	37	94	11	432	10	8
4159	3	3	3	1	3	927	4	3
4160	17	22	2285	28	8	10	7	6
4161	2	303	2286	8	8	7	84	108
4162	2	3	1051	131	372	433	361	31
4163	99	147	353	1	71	928	140	139
4164	12	673	23	19	10	1	1	1
4165	56	674	177	137	100	1	81	85
4166	2	2	2	12	8	929	15	12
4167	2	1	2287	6	38	29	7	8
4168	521	18	24	20	18	12	4	6
4169	4	1	307	209	814	1	28	107
4170	2	1	58	6	815	29	7	8
4171	2	675	864	607	816	1	270	83
4172	2	2	2288	12	8	7	15	12
4173	13	18	24	20	18	12	4	732
4174	61	219	1143	1387	11	1	4	187
4175	2	676	241	8	8	1	1	108
4176	13	31	102	8	8	7	7	733
4177	2	4	2289	1388	4	372	1	2
4178	6	677	10	2	2	2	3	2
4179	20	11	2290	1	203	1	174	1
4180	2	9	83	8	817	35	47	6
4181	13	5	1056	8	2	10	155	2
4182	6	3	2	12	8	930	15	12
4183	117	2	388	1389	132	132	17	152
4184	362	3	2	12	8	7	674	12
4185	6	35	1061	733	449	436	384	30
4186	6	35	593	1	71	931	4	24
4187	117	643	388	1390	132	132	17	152
4188	17	22	2292	28	8	10	7	6
4189	2	4	2293	12	8	7	15	12
4190	2	45	1306	832	46	7	15	12
4191	2	45	2294	8	8	7	84	108
4192	2	1	388	1391	132	1	17	58
4193	6	4	1951	262	4	2	675	2
4194	522	679	2295	263	2	10	17	51
4195	4	5	14	4	5	698	5	4
4196	2	9	10	8	2	932	3	6
4197	49	7	1066	131	71	1	4	380
4198	2	2	2	55	8	933	15	12
4199	3	3	3	1	3	934	4	3
4200	1	81	163	1392	11	38	10	8
4201	56	1	177	1393	100	1	81	85
4202	2	2	2	12	8	498	15	12
4203	121	246	2066	1394	8	1	125	735
4204	21	387	47	41	8	1	4	381
4205	2	1	2296	6	38	29	676	8
4206	1	1	1	1	1	1	208	1
4207	22	680	46	1	11	10	4	8
4208	13	155	643	12	11	40	51	1
4209	22	147	353	1	8	1	28	5
4210	22	3	46	1	11	935	4	8
4211	4	2	140	112	44	936	17	68
4212	523	3	46	1	11	10	4	8
4213	14	77	1067	121	92	17	39	15
4214	6	7	269	6	7	5	1	214
4215	22	3	2297	1	11	10	4	8
4216	2	388	605	246	166	155	4	382
4217	22	147	1068	1	71	1	385	139
4218	22	3	1001	1	11	403	4	8
4219	2	3	2298	219	818	120	4	1
4220	22	680	46	1	11	10	4	736
4221	2	16	162	473	11	54	3	8
4222	2	2	2	12	8	7	677	12
4223	1	1	1	1	1	937	2	1
4224	2	78	151	8	2	438	7	73
4225	17	22	160	28	8	938	7	6
4226	121	3	1070	131	205	186	125	175
4227	2	82	2299	91	70	1	63	1
4228	524	18	24	20	18	12	4	6
4229	525	159	109	3	4	3	1	2
4230	6	389	10	12	8	28	7	19
4231	2	2	2	12	8	939	15	12
4232	2	2	2300	12	8	7	15	737
4233	2	2	2	430	8	7	15	12
4234	2	2	2	23	8	7	678	12
4235	2	82	2301	8	4	12	4	2
4236	526	3	7	290	8	940	7	6
4237	12	1	31	1396	2	10	17	1
4238	4	133	355	735	46	439	124	1
4239	6	3	2	12	8	942	15	12
4240	2	1	58	1398	38	29	7	8
4241	2	2	2	298	8	7	15	12
4242	527	3	3	1	3	1	4	3
4243	20	3	42	292	28	440	29	1
4244	2	2	2	12	8	943	679	12
4245	2	2	2	370	8	7	15	12
4246	2	1	58	1399	38	29	7	8
4247	24	1	53	1	34	896	28	31
4248	6	391	1074	43	1	10	4	30
4249	4	2	1008	1400	47	944	7	6
4250	12	2	2303	161	1	1	4	163
4251	6	3	2304	100	83	1	1	66
4252	6	35	50	43	1	945	4	30
4253	2	2	2	12	8	946	15	12
4254	2	2	2	1401	8	7	15	12
4255	2	2	2305	12	8	7	15	12
4256	2	2	2	1168	8	7	15	12
4257	2	2	2306	12	8	7	680	12
4258	12	2	1743	1302	4	2	4	2
4259	528	22	2307	42	820	28	30	6
4260	129	210	568	264	217	947	4	24
4261	12	2	135	8	4	2	4	739
4262	6	3	129	100	450	1	1	66
4263	6	3	2308	12	8	7	15	12
4264	2	15	18	1402	13	10	4	2
4265	2	1	58	6	38	29	7	740
4266	529	31	322	3	4	3	1	2
4267	274	7	735	412	11	15	116	1
4268	112	1	58	6	38	29	7	8
4269	6	3	2309	12	8	7	15	741
4270	12	2	135	457	4	2	4	2
4271	2	2	2	12	8	7	681	12
4272	530	143	659	229	199	1	116	1
4273	6	35	642	131	8	1	28	8
4274	2	2	2	12	821	7	15	12
4275	2	82	135	1403	4	12	4	2
4276	2	2	2	12	8	949	15	12
4277	2	2	169	609	11	1	1	2
4278	56	82	1	235	70	1	1	742
4279	2	1	58	6	822	29	7	8
4280	2	2	2	55	8	7	15	743
4281	12	2	135	8	4	950	4	2
4282	2	2	2	12	8	951	15	12
4283	13	3	75	737	8	40	59	6
4284	13	683	24	1404	18	12	4	6
4285	12	2	135	8	823	952	4	2
4286	12	2	135	8	4	952	4	2
4287	12	2	135	1405	4	952	4	2
4288	12	2	2310	8	4	2	4	2
4289	2	2	2	12	8	7	192	12
4290	2	16	1077	246	229	155	194	2
4291	275	1	695	84	258	1	4	1
4292	3	3	2311	1	824	953	4	3
4293	2	190	1078	1	1	444	1	1
4294	4	23	30	1407	8	954	7	19
4295	13	31	129	12	452	2	3	54
4296	13	31	102	8	8	7	387	383
4297	2	2	2	12	8	948	15	12
4298	2	2	2	1168	8	175	15	12
4299	2	2	2	12	8	500	15	12
4300	531	4	74	12	8	7	15	12
4301	6	3	2	12	8	955	15	12
4302	2	1	2312	131	132	1	17	152
4303	5	143	659	229	1	159	147	1
4304	532	147	353	1	71	1	140	139
4305	2	685	2	12	8	7	15	12
4306	6	3	2	12	8	7	15	744
4307	2	16	1079	131	8	1	7	19
4308	2	2	2	1408	2	2	3	2
4309	3	3	3	1	3	956	4	3
4310	6	3	2	12	8	957	15	12
4311	2	2	2	12	8	958	15	12
4312	2	2	2314	12	8	7	15	12
4313	2	1	58	6	38	445	7	8
4314	2	2	2	1409	8	7	15	12
4315	6	3	2	12	8	959	15	12
4316	2	2	2	12	8	7	15	745
4317	12	2	135	8	4	960	4	2
4318	12	2	135	1410	4	2	4	2
4319	2	3	565	738	1	280	7	1
4320	244	2	2	12	8	961	15	12
4321	2	2	2315	12	8	7	15	12
4322	2	2	2	317	8	7	15	12
4323	2	2	2	1411	8	7	15	12
4324	3	3	3	1412	3	1	4	3
4325	12	3	23	19	10	131	1	1
4326	1	1	1	1	825	1	2	1
4327	2	2	2	1413	8	7	15	12
4328	2	2	716	438	8	1	28	8
4329	310	686	2	55	8	7	15	12
4330	2	1	58	1414	38	29	7	8
4331	2	2	2	12	245	7	15	12
4332	99	147	2317	1	71	1	140	139
4333	6	3	2	1415	8	7	15	12
4334	6	3	2318	12	8	7	15	12
4335	2	1	58	6	286	29	7	8
4336	533	3	23	19	10	1	1	1
4337	2	28	223	1416	26	2	3	26
4338	13	687	112	12	31	1	30	6
4339	2	393	1080	739	8	15	4	107
4340	2	195	685	339	453	1	61	171
4341	2	4	109	3	4	3	1	746
4342	7	145	2319	1	10	1	1	1
4343	2	2	2320	1	100	1	269	8
4344	2	688	110	91	70	1	63	1
4345	13	689	112	12	31	1	30	6
4346	7	218	576	131	100	1	683	142
4347	7	145	828	740	1	446	1	1
4348	4	293	1081	378	8	1	2	2
4349	2	16	777	741	71	10	7	311
4350	277	4	1082	742	8	1	4	6
4351	6	3	783	100	83	1	1	85
4352	2	4	326	8	8	1	388	108
4353	2	690	18	12	13	10	4	2
4354	6	3	129	100	455	1	1	66
4355	12	2	135	8	4	963	4	2
4356	4	392	572	228	38	15	18	1
4357	124	4	92	8	8	40	51	112
4358	4	5	2321	4	5	1	5	4
4359	6	3	2	1419	8	7	15	12
4360	2	22	48	744	31	28	30	6
4361	2	82	263	745	2	1	1	6
4362	535	22	160	28	8	21	7	6
4363	17	22	2322	28	8	10	7	6
4364	536	2	135	8	4	2	4	2
4365	46	61	89	128	46	32	4	2
4366	2	341	74	12	8	7	15	12
4367	1	1	2324	1	1	1	211	1
4368	339	2	2	299	8	7	15	12
4369	2	2	2	1420	8	964	15	12
4370	2	2	2325	1421	8	7	15	12
4371	2	2	2	397	8	175	15	12
4372	2	2	2326	12	8	7	15	12
4373	537	3	2	12	8	7	15	12
4374	2	22	48	42	827	28	30	6
4375	2	691	2	298	8	7	15	12
4376	56	1	208	1	1	12	4	2
4377	12	30	41	35	71	1	684	28
4378	2	1	2327	6	38	29	7	8
4379	2	2	2	370	8	136	15	12
4380	2	2	2	1424	8	7	15	747
4381	2	2	2	1425	8	7	15	12
4382	2	2	2	484	8	7	15	12
4383	2	2	2	12	8	136	685	12
4384	2	1	2327	6	828	29	7	8
4385	2	1	2327	6	38	29	686	748
4386	2	2	2	1424	8	7	15	12
4387	6	7	671	323	829	5	1	58
4388	2	22	48	1426	31	966	30	6
4389	2	1	2327	6	38	29	7	749
4390	2	2	2	1427	8	7	15	12
4391	5	143	659	1428	1	159	147	1
4392	2	1	2327	6	38	29	688	8
4393	3	3	2330	1	3	1	4	3
4394	2	2	2331	12	8	7	15	12
4395	2	2	2	12	8	7	15	750
4396	5	143	2332	229	1	159	147	1
4397	2	82	364	108	11	54	3	749
4398	2	2	2	317	8	7	15	751
4399	2	1	2333	6	38	29	7	8
4400	17	22	12	1431	8	10	7	6
4401	6	102	10	235	70	229	1	6
4402	2	82	2334	8	4	12	4	2
4403	2	22	48	42	31	967	30	6
4404	2	60	110	449	70	1	214	1
4405	2	29	40	1	5	1	689	27
4406	6	3	2335	12	8	7	15	12
4407	20	4	37	3	4	968	4	62
4408	2	2	2	12	830	7	15	12
4409	2	1	58	761	38	29	7	8
4410	2	159	109	1433	4	3	1	2
4411	2	9	83	1434	8	7	47	6
4412	17	22	2336	28	8	21	7	6
4413	12	693	41	35	71	1	28	28
4414	6	7	1085	6	7	5	1	1
4415	13	18	24	20	18	12	4	384
4416	6	694	75	8	2	32	4	1
4417	13	68	75	1436	8	40	59	6
4418	2	4	10	73	57	1	65	1
4419	3	3	3	40	3	1	4	3
4420	2	2	1088	746	8	15	4	5
4421	538	35	593	1	71	1	4	24
4422	2	82	2337	8	4	12	4	2
4423	17	22	12	12	8	21	690	752
4424	2	45	129	8	11	29	691	8
4425	2	98	2	2	8	7	15	12
4426	539	2	336	208	7	122	132	1
4427	540	9	2170	8	2	442	3	125
4428	17	22	160	28	8	21	692	753
4429	6	3	2	12	8	7	15	754
4430	4	23	37	29	832	22	7	755
4431	12	3	23	19	833	1	1	1
4432	2	695	326	43	1	40	4	83
4433	39	63	1091	747	11	38	10	8
4434	2	45	129	8	8	7	84	344
4435	6	47	75	8	834	32	4	1
4436	2	393	1156	739	8	15	4	107
4437	2	2	203	1	8	109	389	24
4438	4	23	37	29	8	969	7	19
4439	13	3	75	8	8	40	59	275
4440	207	327	2339	588	4	10	693	6
4441	2	4	998	137	71	40	4	204
4442	200	45	573	131	8	1	7	19
4443	541	3	75	1446	8	40	59	2
4444	12	3	1093	618	54	117	4	1
4445	2	2	2	397	8	7	15	12
4446	117	1	388	271	132	132	17	152
4447	2	2	2	12	8	7	694	12
4448	543	2	2	397	8	7	15	12
4449	2	1	58	6	38	29	298	8
4450	12	2	2341	161	1	1	4	163
4451	8	3	8	1	8	1	1	756
4452	3	3	3	621	3	1	4	3
4453	2	28	87	22	8	38	10	46
4454	12	2	135	1452	4	2	4	2
4455	6	140	154	1454	46	116	4	5
4456	12	30	41	1455	71	1	28	28
4457	2	1	58	6	38	29	7	1
4458	2	2	2	12	8	150	15	12
4459	2	1	1	8	4	152	4	108
4460	6	3	2	12	840	7	15	12
4461	2	4	74	12	8	501	15	12
4462	2	1	58	1456	38	29	7	8
4463	6	140	154	1457	46	116	4	58
4464	117	1	388	131	132	132	17	757
4465	3	3	3	1	3	970	4	3
4466	6	3	2345	1276	8	7	15	12
4467	2	2	2	12	8	499	15	12
4468	2	2	2	1458	8	501	15	12
4469	544	82	135	164	38	29	7	8
4470	6	3	2	12	8	7	696	12
4471	3	3	3	1459	3	1	4	3
4472	2	2	2	12	8	971	15	12
4473	6	35	1096	1	1	341	17	68
4474	30	46	1097	148	105	69	3	6
4475	2	82	135	8	4	223	4	2
4476	2	2	2	12	8	972	15	12
4477	2	394	58	6	46	29	7	2
4478	2	82	1098	8	4	7	15	12
4479	12	2	2347	8	4	2	4	2
4480	2	2	2	12	8	974	15	12
4481	2	2	2	436	8	7	15	12
4482	142	15	157	1	244	224	4	1
4483	2	12	13	12	11	125	10	8
4484	2	1	58	6	841	29	7	8
4485	4	5	14	4	5	1	5	758
4486	2	1	58	752	11	29	7	8
4487	2	28	2348	12	26	2	3	26
4488	2	439	87	1168	506	38	10	46
4489	2	82	2349	8	4	12	4	2
4490	545	4	252	12	127	99	4	6
4491	2	60	110	91	70	1	697	1
4492	2	1	2350	18	17	1	17	152
4493	12	2	135	8	4	2	4	759
4494	6	3	2	12	8	292	15	12
4495	6	4	1100	753	1	2	3	2
4496	17	22	160	28	8	975	7	6
4497	6	3	2	285	8	7	15	12
4498	46	61	89	1462	46	32	4	2
4499	2	82	110	1464	70	1	63	1
4500	2	2	2	12	8	7	15	760
4501	2	4	2352	12	8	7	15	12
4502	56	1	2	12	8	976	4	2
4503	279	82	135	8	4	7	15	12
4504	2	2	689	1460	77	31	122	2
4505	61	253	744	131	11	1	10	8
4506	13	31	2353	309	8	7	7	54
4507	548	3	8	1	8	1	1	1
4508	5	143	2354	229	1	1	698	1
4509	17	151	12	28	8	10	221	6
4510	4	23	37	29	8	22	699	19
4511	2	2	2	12	8	977	15	12
4512	436	2	135	1466	4	2	4	2
4513	2	1	1546	6	842	29	7	8
4514	2	2	1101	131	11	1	391	2
4515	22	147	352	231	71	2	3	140
4516	4	23	37	1467	8	22	7	19
4517	13	34	1	8	4	152	4	367
4518	4	2	140	112	44	1	17	761
4519	12	2	135	8	4	978	4	2
4520	3	3	3	1	3	979	4	3
4521	5	143	1436	1468	1	1	116	1
4522	2	701	2355	12	8	7	15	12
4523	2	15	18	12	13	10	700	2
4524	2	1	58	6	38	980	7	8
4525	22	395	46	1	11	10	4	8
4526	94	2	2356	208	7	122	132	1
4527	2	702	20	131	8	1	7	19
4528	2	2	2	397	8	7	192	12
4529	6	35	708	1	140	1	4	1
4530	547	1	695	84	403	1	4	1
4531	2	82	110	91	70	487	63	1
4532	2	82	135	27	843	1	1	66
4533	2	2	2	446	8	7	15	12
4534	2	2	2	12	8	7	701	12
4535	12	2	135	1469	4	2	4	2
4536	4	293	2357	8	4	10	4	264
4537	2	22	48	42	844	28	30	6
4538	6	246	642	1	252	981	61	1
4539	549	2	135	335	4	2	4	2
4540	6	65	310	12	8	1	4	2
4541	2	2	2	12	8	204	15	2
4542	4	89	244	55	8	154	4	2
4543	12	3	1102	1	145	451	4	8
4544	2	195	685	339	7	452	392	171
4545	6	3	2	12	8	7	702	12
4546	551	28	223	12	26	2	3	26
4547	12	3	23	19	845	1	1	1
4548	2	1	58	6	38	982	7	8
4549	552	3	23	19	10	1	1	1
4550	4	5	14	4	5	983	5	4
4551	4	82	453	228	846	1	29	1
4552	6	703	2	376	8	7	15	12
4553	3	3	1103	1	3	1	4	3
4554	2	28	39	12	26	984	3	26
4555	20	3	373	131	8	1	28	8
4556	6	4	110	754	457	2	4	6
4557	21	9	47	41	8	1	393	381
4558	2	4	74	12	847	7	15	12
4559	2	82	2359	1233	4	985	4	2
4560	2	45	129	8	11	29	7	762
4561	3	3	3	1	3	986	4	3
4562	2	2	2360	55	8	7	15	12
4563	2	1	58	6	848	987	7	8
4564	12	2	135	8	4	988	4	2
4565	6	3	2	12	8	989	15	12
4566	2	82	2361	8	4	12	4	2
4567	6	11	987	12	266	1	703	2
4568	12	2	135	1473	4	2	4	2
4569	4	2	2362	112	44	1	17	68
4570	6	3	129	100	83	990	1	66
4571	6	3	2	281	8	7	704	12
4572	5	143	659	1474	1	1	116	1
4573	117	1	1104	131	132	132	17	152
4574	392	45	129	8	8	7	84	344
4575	2	22	48	42	31	453	30	6
4576	2	2	2	12	849	7	15	12
4577	12	2	135	464	4	2	4	763
4578	13	704	285	323	17	12	4	162
4579	3	3	3	1	3	991	4	3
4580	12	2	135	8	4	992	4	2
4581	12	2	135	1476	4	2	4	2
4582	2	9	282	197	8	7	47	6
4583	2	16	1105	1	8	15	4	1
4584	2	12	13	12	11	1	705	8
4585	2	396	2	2	2	2	3	2
4586	99	147	353	1	71	993	140	139
4587	12	30	1106	35	71	1	28	28
4588	3	3	2364	1	3	994	4	3
4589	6	35	54	755	1	10	138	30
4590	6	3	2	1478	8	7	15	12
4591	2	29	40	756	5	1	27	27
4592	2	82	110	91	70	995	63	1
4593	2	45	658	1	8	1	28	765
4594	22	3	46	1	11	330	4	8
4595	2	2	2	1479	8	7	15	12
4596	2	1	58	6	850	29	7	8
4597	2	1	58	6	851	29	7	8
4598	12	2	2365	1480	4	2	4	2
4599	2	2	2	12	8	996	15	12
4600	2	394	58	6	38	29	7	8
4601	12	2	2365	8	4	2	4	2
4602	6	705	2	12	8	7	15	12
4603	17	22	2366	28	8	774	7	6
4604	6	3	2367	12	8	7	15	12
4605	2	2	1087	55	8	7	15	12
4606	2	2	2	12	8	997	15	12
4607	17	22	12	1481	8	10	7	6
4608	3	3	2330	1482	3	1	4	3
4609	12	2	135	8	4	988	706	2
4610	6	3	2	12	8	998	15	12
4611	6	3	2	1483	8	7	15	12
4612	6	3	2	12	8	7	707	12
4613	2	2	2	12	8	7	15	766
4614	3	3	2368	1	3	237	4	3
4615	2	22	2369	42	31	28	30	6
4616	2	1	266	332	132	1	17	58
4617	12	2	135	8	4	999	4	2
4618	6	3	129	100	852	1	1	66
4619	17	22	12	28	8	1000	7	6
4620	2	2	2	1484	8	7	15	12
4621	2	16	20	1	853	64	14	8
4622	2	706	2	12	8	7	15	12
4623	3	3	2371	1	3	1	4	3
4624	3	3	3	1485	3	1	4	3
4625	553	2	2	12	8	7	15	12
4626	2	1	58	6	38	1001	7	8
4627	6	35	50	43	1	1002	4	30
4628	2	2	2	12	8	175	15	12
4629	554	1	58	1487	38	29	7	8
4630	2	1	58	6	855	29	7	8
4631	2	2	330	12	8	221	15	12
4632	2	2	2373	12	8	7	15	12
4633	6	3	2	12	8	1003	15	12
4634	2	2	2	12	8	1004	15	12
4635	30	46	135	12	8	10	708	2
4636	2	2	2	1488	8	7	15	12
4637	13	18	24	20	18	12	709	6
4638	2	2	169	131	11	1	710	2
4639	2	16	2374	131	8	1	7	19
4640	3	3	3	1	3	1005	4	3
4641	22	147	352	1489	71	256	143	140
4642	6	3	2	12	8	7	711	12
4643	2	2	2300	317	8	7	15	737
4644	2	4	74	12	856	7	15	12
4645	6	3	1903	12	8	7	15	12
4646	2	2	2375	12	8	7	15	12
4647	6	35	1107	43	458	454	4	30
4648	6	11	2376	11	10	1	1	1
4649	4	23	30	29	8	1006	7	19
4650	2	9	83	8	8	7	47	767
4651	13	155	643	12	11	40	394	1
4652	17	71	12	28	1	10	7	6
4653	2	2	2	1491	8	7	15	12
4654	2	2	2010	446	8	7	15	12
4655	2	2	2378	12	8	7	15	12
4656	2	2	2	1492	8	7	15	12
4657	2	2	2	12	8	7	15	751
4658	2	4	74	1493	8	7	15	12
4659	2	2	2	12	8	1007	15	12
4660	556	2	2	1198	8	7	15	12
4661	3	3	2330	1	3	293	4	3
4662	2	28	730	12	31	7	84	6
4663	2	28	87	426	782	38	10	46
4664	280	31	49	12	174	10	4	54
4665	6	707	10	2	4	2	3	2
4666	12	211	341	228	54	1	713	1
4667	131	1	208	269	857	1	1	2
4668	17	22	2380	28	8	10	7	6
4669	2	82	2381	8	4	12	4	2
4670	557	1	572	228	38	15	18	1
4671	2	397	109	3	4	3	1	2
4672	22	3	2382	1	179	255	4	8
4673	2	82	135	288	4	12	4	2
4674	1	1	1	1495	1	1	2	1
4675	20	75	238	8	2	239	57	51
4676	12	2	135	1496	4	2	4	2
4677	2	33	708	263	859	1008	1	1
4678	61	2	288	6	32	109	714	2
4679	4	2	140	1497	44	1009	17	68
4680	4	82	2383	217	8	7	15	2
4681	22	3	46	1498	11	10	4	8
4682	2	1	58	6	38	29	7	769
4683	56	1	2384	137	100	1	81	85
4684	12	3	23	19	57	1	1	1
4685	6	3	1108	100	83	1	1	66
4686	2	1	2385	137	100	1	81	85
4687	1	1	1	1	860	1	2	1
4688	20	3	1109	131	8	1	28	8
4689	3	3	598	1	8	10	7	770
4690	3	708	3	1499	3	1010	715	3
4691	13	31	2386	12	8	10	4	54
4692	2	22	2387	42	31	28	30	6
4693	3	3	2388	1	3	1	4	3
4694	13	31	49	757	174	10	4	54
4695	12	2	2389	8	4	2	4	2
4696	17	22	160	1500	8	21	7	6
4697	2	709	2	12	8	7	15	12
4698	2	2	190	276	105	69	3	6
4699	12	3	23	1501	10	1	1	1
4700	2	711	204	12	8	77	4	2
4701	4	1	572	228	38	15	18	771
4702	281	398	102	8	8	7	7	54
4703	239	1	58	6	459	29	7	8
4704	2	334	58	6	38	29	7	8
4705	2	12	2390	12	11	1	10	8
4706	2	1	58	1502	38	445	7	8
4707	6	4	2391	4	5	40	4	53
4708	2	1	58	6	38	1011	7	8
4709	3	3	2392	1	3	1	4	3
4710	2	2	2	1503	8	118	15	12
4711	134	2	757	35	71	1	28	28
4712	6	246	606	1	252	82	61	1
4713	22	3	2393	1	11	10	4	8
4714	2	16	378	1	44	1012	165	68
4715	6	3	2	12	8	7	716	12
4716	2	2	2	12	8	1014	15	12
4717	99	147	353	767	71	1	140	139
4718	2	1	58	6	38	29	7	772
4719	2	2	2	12	8	1016	15	12
4720	6	3	2	12	8	7	15	773
4721	12	1	2395	8	2	10	17	1
4722	3	3	2396	1505	3	1	4	3
4723	2	2	2	55	8	1017	15	12
4724	12	1	1113	131	11	1	395	1
4725	2	2	2397	947	8	7	15	12
4726	2	2	2	12	8	1018	15	12
4727	2	127	2398	8	2	2	121	125
4728	2	2	2	12	8	141	15	12
4729	3	3	2396	1	3	1	4	3
4730	2	4	1114	758	1	1	1	1
4731	2	16	20	391	11	64	14	8
4732	2	16	20	1506	11	64	14	8
4733	438	16	20	391	11	64	14	8
4734	56	3	193	151	861	15	3	8
4735	2	9	83	8	862	35	47	774
4736	13	31	102	1410	8	7	7	54
4737	2	2	12	375	71	1	2	1
4738	6	4	326	8	8	1	44	108
4739	2	2	75	759	8	40	59	6
4740	2	22	2399	71	46	28	30	58
4741	17	713	160	28	8	21	7	6
4742	20	4	2401	3	154	10	4	62
4743	22	3	46	391	11	10	4	8
4744	22	3	46	544	11	10	4	8
4745	2	1	2402	131	71	31	194	2
4746	2	16	2403	1	44	125	165	68
4747	2	2	1116	760	11	1	1	2
4748	2	4	109	3	4	1020	62	2
4749	2	1	58	1507	38	29	7	8
4750	6	3	2	23	8	7	15	12
4751	17	22	2404	28	8	368	7	6
4752	6	7	269	749	7	5	1	1
4753	21	9	2405	41	8	1	4	381
4754	313	9	631	12	4	10	4	6
4755	2	1	2406	6	38	29	7	776
4756	6	3	129	100	83	1021	1	66
4757	13	31	2407	8	8	7	7	54
4758	12	715	135	1508	4	2	4	2
4759	2	9	83	8	8	7	719	6
4760	283	33	1118	762	2	10	3	6
4761	2	1	58	6	864	29	7	8
4762	3	3	3	1	3	214	4	3
4763	6	3	2	12	865	7	15	12
4764	2	1	58	6	866	29	7	8
4765	6	3	2	12	8	7	720	12
4766	17	22	2408	28	8	10	7	6
4767	2	2	2	12	8	1022	15	12
4768	2	9	236	12	867	29	7	8
4769	2	4	109	1509	4	3	1	2
4770	2	16	2409	1	11	64	14	8
4771	107	716	2410	28	8	10	7	6
4772	6	3	2	1510	8	7	15	12
4773	13	31	129	8	8	7	7	6
4774	4	5	14	1511	5	1	5	4
4775	2	1	58	6	38	1023	7	8
4776	2	2	2412	12	8	7	15	12
4777	6	717	158	8	869	10	4	2
4778	2	2	2	12	8	7	721	12
4779	2	2	241	8	8	1024	1	108
4780	3	3	3	1513	3	1	4	3
4781	70	1	229	12	8	93	722	24
4782	2	1	58	6	870	29	7	8
4783	117	1	2413	1514	8	132	17	308
4784	12	211	341	228	54	1025	183	1
4785	2	16	20	40	11	64	14	8
4786	2	28	223	1515	26	2	3	26
4787	2	22	2414	42	31	28	30	6
4788	12	2	135	335	4	2	4	2
4789	2	2	989	1516	8	7	15	12
4790	2	22	2415	42	827	28	30	6
4791	2	82	135	27	83	1	724	66
4792	2	28	223	1518	26	2	3	26
4793	56	401	1120	1	10	455	1	1
4794	2	352	734	339	7	1	61	171
4795	5	143	2416	229	1	1	116	1
4796	2	93	1361	12	871	7	84	2
4797	2	4	74	12	8	518	15	12
4798	2	2	2417	12	8	7	15	12
4799	2	28	2418	12	26	2	3	26
4800	3	3	3	1	3	1026	4	3
4801	286	3	284	200	140	1	4	1
4802	2	1	2419	6	38	29	7	8
4803	6	3	2	12	8	7	725	12
4804	3	3	2420	1	3	1	4	3
4805	6	140	1121	235	1	1	149	1
4806	2	1	58	1519	38	29	7	8
4807	2	82	1122	8	4	12	4	2
4808	2	2	2	12	8	1027	15	12
4809	12	1	41	35	71	1	28	28
4810	6	102	311	12	8	1	1	1
4811	4	1	572	1520	38	15	18	1
4812	46	45	89	128	46	7	7	2
4813	3	3	2421	1	3	1	4	3
4814	13	141	174	8	50	303	44	40
4815	560	9	47	41	8	1	4	29
4816	2	1	58	6	38	1028	7	8
4817	2	3	814	131	372	456	361	31
4818	2	16	1123	8	8	2	4	2
4819	95	45	1124	131	8	38	10	388
4820	3	3	3	1	3	1	4	778
4821	22	402	46	1	11	10	4	8
4822	2	1	1057	18	17	1029	17	152
4823	117	1	2423	131	132	132	17	152
4824	2	2	2424	1524	8	109	120	24
4825	561	1	67	589	46	1	1	1
4826	56	198	671	766	204	125	40	58
4827	2	9	1125	12	4	10	4	6
4828	2	159	109	1525	4	3	1	2
4829	3	3	3	1526	3	1	4	3
4830	6	3	2	12	873	7	15	12
4831	6	102	10	235	70	1030	1	6
4832	562	3	3	1	3	1	4	3
4833	2	2	2	12	8	1031	15	12
4834	1	1	1	467	1	1	2	1
4835	17	22	12	1527	8	10	7	6
4836	4	718	572	228	38	15	18	1
4837	6	102	10	1528	70	1	1	6
4838	78	3	2425	1529	196	1	1	1
4839	2	2	2	1530	8	7	15	12
4840	4	3	1126	767	71	10	28	28
4841	2	2	2	12	8	1032	15	12
4842	563	3	3	1	3	1	4	3
4843	94	2	336	208	7	122	397	1
4844	3	3	3	1532	3	1	4	3
4845	3	3	3	1	874	1	4	3
4846	102	23	37	29	8	22	7	19
4847	2	16	573	131	8	457	7	389
4848	3	3	3	1533	3	1	4	3
4849	4	23	37	29	8	22	726	19
4850	2	1	58	1535	38	29	7	8
4851	2	2	169	1536	11	1	1	2
4852	2	82	135	8	4	1033	4	2
4853	564	45	129	8	8	7	84	108
4854	2	12	2427	12	11	1	10	8
4855	2	82	135	27	875	1	1	66
4856	13	68	75	1537	8	40	59	6
4857	2	9	83	8	8	1034	47	6
4858	12	1	751	339	159	1	2	1
4859	13	34	1127	96	44	1	40	68
4860	287	47	1128	8	2	32	4	82
4861	3	3	3	1	3	1035	4	3
4862	6	102	10	55	8	1	1	1
4863	56	5	303	131	8	1	5	104
4864	22	3	46	1538	11	10	4	8
4865	22	3	46	1539	11	10	4	8
4866	2	2	989	12	8	7	15	779
4867	21	3	1129	20	18	12	4	6
4868	13	31	2428	8	50	303	44	40
4869	2	2	2	12	8	1036	15	12
4870	12	3	1130	19	10	1	1	1
4871	12	2	1131	228	348	10	283	1
4872	6	48	1159	1540	469	508	17	2
4873	2	12	13	12	11	1	10	780
4874	4	719	244	12	8	10	4	2
4875	2	1	2431	6	38	29	7	8
4876	2	2	2	12	8	7	398	12
4877	56	5	1132	11	10	1	1	1
4878	56	5	1133	11	10	1	1	1
4879	470	147	2432	1	71	1	140	139
4880	6	35	1134	8	71	10	7	76
4881	567	16	378	1	44	125	165	68
4882	28	1	619	1542	519	1	7	58
4883	2	45	129	288	8	7	84	108
4884	2	2	203	1	8	1038	389	24
4885	2	9	83	8	8	7	220	6
4886	56	5	1135	276	179	1	4	1
4887	13	179	285	314	17	12	4	162
4888	7	3	1136	8	2	1	30	6
4889	6	166	1137	6	38	29	7	8
4890	2	2	2433	12	8	7	15	12
4891	2	16	2434	609	8	1	7	19
4892	2	153	2	283	8	7	15	12
4893	12	2	135	1545	4	2	4	2
4894	2	1	58	6	221	29	7	8
4895	12	2	135	1052	4	2	4	783
4896	2	4	74	376	8	7	15	12
4897	2	1	58	6	38	29	7	784
4898	12	2	135	8	4	2	728	2
4899	568	22	48	42	31	28	30	6
4900	12	2	135	8	4	2	4	785
4901	12	2	135	1546	4	2	4	2
4902	12	2	135	8	4	1039	4	2
4903	4	1	971	230	165	10	137	786
4904	12	2	135	1547	4	2	4	2
4905	2	1	58	1548	38	29	7	8
4906	3	3	2435	1	3	1	4	3
4907	12	30	41	35	71	1040	28	28
4908	2	16	20	131	8	1	7	391
4909	1	1	1	1	500	1	2	1
4910	1	720	1	1	1	1	2	1
4911	6	1	1139	2	2	2	3	2
4912	2	45	2436	389	46	1	7	19
4913	2	2	989	12	8	7	15	788
4914	46	45	67	389	46	10	4	1
4915	6	140	154	1	1	116	4	5
4916	6	3	129	770	83	1	1	66
4917	289	3	1140	108	44	10	4	305
4918	6	4	273	2	2	1	3	2
4919	6	4	10	2	4	648	129	2
4920	2	33	708	263	879	158	1	1
4921	6	4	10	2	4	459	3	2
4922	6	35	50	771	1	10	4	30
4923	290	1	58	6	38	29	7	8
4924	12	2	135	1552	4	2	4	2
4925	2	16	2437	1	11	64	14	8
4926	12	2	637	275	223	1	4	141
4927	167	260	639	1	151	1	319	177
4928	2	1	2438	6	38	29	7	8
4929	6	35	593	1553	71	1	4	24
4930	13	31	1141	772	8	10	4	54
4931	2	2	2	27	77	1041	122	2
4932	94	2	336	208	880	122	132	1
4933	2	22	48	42	31	28	30	392
4934	228	353	857	773	387	158	329	1
4935	20	4	37	3	71	460	194	2
4936	2	2	430	12	8	221	15	12
4937	6	403	1142	774	5	1	1	1
4938	6	4	2439	191	11	103	28	31
4939	21	4	92	8	8	40	729	112
4940	2	16	2440	1	11	64	14	8
4941	12	3	1645	19	10	1	1	1
4942	6	3	129	215	83	1	399	393
4943	291	35	1144	8	463	28	30	6
4944	6	3	122	20	71	1	400	1
4945	6	722	154	1	8	1	28	5
4946	195	47	75	8	2	10	4	125
4947	2	82	2442	8	4	12	4	2
4948	571	3	254	131	8	551	28	8
4949	6	4	10	2	881	2	3	2
4950	2	4	74	12	8	1042	15	12
4951	572	16	20	1	11	64	14	496
4952	12	2	70	161	1	1	222	163
4953	2	2	1146	12	174	50	3	54
4954	4	4	14	4	5	1	40	385
4955	39	63	37	94	11	38	10	8
4956	211	1	633	12	174	10	4	54
4957	3	61	2444	1	3	1	4	3
4958	2	1	2445	6	38	29	7	8
4959	2	15	605	8	2	155	4	2
4960	6	1	1147	775	464	10	4	1
4961	20	3	70	161	70	1	1	2
4962	89	2	2446	131	196	1	345	65
4963	292	404	303	131	145	30	3	2
4964	1	1	1	1555	1	1	2	1
4965	6	2	1148	8	465	10	7	6
4966	6	35	2447	8	2	115	128	1
4967	8	3	8	131	8	15	4	5
4968	46	68	75	300	8	40	59	6
4969	293	2	2	12	8	7	15	333
4970	2	16	2448	131	8	1	7	19
4971	6	35	50	1556	2	54	3	2
4972	575	1	633	12	174	10	4	54
4973	13	68	1149	776	8	40	59	6
4974	3	3	3	1557	3	1	4	3
4975	2	65	2449	12	8	10	129	2
4976	576	34	1	8	4	152	4	367
4977	2	28	1150	12	466	2	3	54
4978	56	75	996	777	239	1	28	2
4979	22	147	2450	1	71	1	140	139
4980	2	82	135	1559	4	12	4	2
4981	20	172	2451	8	8	7	84	108
4982	2	1	53	1	34	1	731	31
4983	2	2	623	1	71	1	61	1
4984	2	4	109	3	884	3	1	2
4985	2	3	696	1562	8	1	10	8
4986	2	253	1151	8	4	7	4	2
4987	6	35	2452	43	1	10	4	30
4988	12	2	2453	161	1	1	4	163
4989	6	7	6	286	7	5	1	1
4990	3	3	3	1563	3	1	4	3
4991	6	3	2454	12	8	7	15	12
4992	12	30	414	35	71	1	28	28
4993	12	2	2455	8	4	1043	4	2
4994	94	2	336	1564	7	122	132	1
4995	2	1	2456	6	38	29	7	8
4996	4	1	572	228	38	1044	18	1
4997	2	1	58	1565	38	29	7	8
4998	6	3	2457	12	8	7	15	12
4999	3	3	3	1566	3	1	4	3
5000	22	725	352	231	71	129	143	140
5001	13	726	102	8	8	7	7	54
5002	56	1	2	12	8	7	15	2
5003	13	31	112	12	31	1	30	789
5004	2	2	792	1568	219	1	28	184
5005	2	4	326	43	1	40	4	790
5006	3	3	2460	1	3	1	4	3
5007	2	2	2	12	8	462	15	12
5008	2	1	266	263	201	1047	17	152
5009	2	182	2	12	8	7	15	12
5010	2	2	2	1572	8	7	15	12
5011	12	2	135	1573	4	952	4	2
5012	12	2	135	8	4	1048	4	2
5013	20	3	42	292	28	1	733	1
5014	2	392	1076	131	132	1	17	152
5015	3	3	3	1	3	1	4	792
5016	2	2	2	12	8	1050	15	12
5017	12	727	41	35	71	131	28	28
5018	2	1	58	6	38	29	735	8
5019	49	7	2461	223	71	1	4	74
5020	2	2	2	12	8	1051	15	12
5021	3	3	2462	1	889	1	4	3
5022	21	728	47	41	8	1	4	381
5023	2	2	2	12	8	1052	15	12
5024	2	2	2	12	890	1053	736	12
5025	49	7	2461	1576	71	1	4	74
5026	2	2	2	12	8	1054	15	12
5027	2	1	58	6	11	29	7	8
5028	12	729	135	8	4	2	4	2
5029	12	30	41	35	71	1	737	28
5030	202	3	2463	1577	8	40	59	6
5031	46	45	67	563	46	1	1	273
5032	2	2	2464	27	77	31	122	2
5033	2	1	58	1578	38	29	7	8
5034	2	12	2465	12	11	1	10	8
5035	2	2	2	12	8	7	15	793
5036	2	5	1152	131	8	1	5	104
5037	2	1	58	1579	38	29	7	794
5038	6	3	2	12	8	1055	15	12
5039	584	3	2	12	8	7	15	12
5040	2	405	1153	42	31	463	402	6
5041	2	2	2	278	8	1056	15	12
5042	56	82	1	1580	70	1	1	6
5043	2	1	58	1487	38	29	7	8
5044	12	2	135	8	4	1058	4	2
5045	3	3	3	1581	3	1059	4	3
5046	12	2	2467	8	4	2	4	2
5047	3	3	3	1	896	1	4	3
5048	2	195	734	339	7	1	61	796
5049	12	2	135	1351	4	2	4	2
5050	3	3	3	1	3	1	4	797
5051	4	1	572	1582	38	15	18	1
5052	2	82	2469	8	4	12	4	2
5053	12	30	41	1583	71	1	28	28
5054	1	732	1	1	1	1	2	1
5055	3	3	3	1	3	1060	4	3
5056	94	2	336	208	897	122	132	1
5057	2	191	135	8	4	12	4	2
5058	21	9	47	41	898	1	4	29
5059	2	3	672	8	8	7	7	6
5060	2	2	2424	1584	8	109	120	24
5061	4	1	2470	228	38	15	18	1
5062	4	1	572	1586	38	15	18	1
5063	13	31	585	1587	8	285	4	54
5064	2	2	2	12	8	230	15	12
5065	4	1	2472	228	38	15	18	1
5066	12	733	135	8	4	2	4	2
5067	2	1	58	6	38	1062	7	8
5068	4	1	2473	210	205	1	125	175
5069	295	16	20	563	46	64	14	273
5070	2	2	2474	55	8	7	15	12
5071	2	41	2	12	8	7	15	12
5072	2	2	2	12	8	1063	15	12
5073	2	22	1155	42	31	464	30	394
5074	2	734	58	6	38	29	7	8
5075	12	2	135	1588	4	2	4	798
5076	12	30	41	35	900	1	28	28
5077	6	4	324	8	2	7	84	799
5078	2	735	131	108	84	1	1	1
5079	296	11	1156	739	8	15	4	107
5080	17	22	12	28	8	10	739	6
5081	2	1	630	545	11	125	40	2
5082	56	406	303	131	146	38	10	1
5083	5	143	2188	538	1	1	116	1
5084	2	45	1157	1	8	1	28	8
5085	17	22	169	131	11	1	289	2
5086	12	2	135	8	4	1064	4	2
5087	5	3	105	1590	7	1	61	801
5088	3	3	1158	1	3	465	4	3
5089	6	48	1159	782	469	1	404	2
5090	2	1	58	6	901	29	7	8
5091	2	1	58	6	38	139	7	8
5092	2	3	1160	1	1	1	1	1
5093	29	3	71	57	44	31	740	38
5094	2	736	129	8	11	29	7	8
5095	6	408	1161	1	375	1	1	323
5096	13	31	112	12	31	1	741	6
5097	4	2	207	8	47	7	7	802
5098	2	2	2	1420	8	7	15	12
5099	2	737	135	8	4	12	4	2
5100	13	31	1162	8	8	7	146	54
5101	2	1	2476	12	54	1	4	1
5102	2	16	20	1	11	64	14	803
5103	2	2	2	463	8	7	15	12
5104	2	2	2	12	8	1065	15	12
5105	2	738	48	42	902	28	30	6
5106	17	22	2477	6	38	29	7	8
5107	13	739	585	12	8	285	4	54
5108	2	2	2	12	8	1066	15	12
5109	170	1	971	230	165	10	137	137
5110	2	2	2	12	8	1067	15	12
5111	2	2	190	8	8	40	59	6
5112	13	31	1163	12	31	1	30	6
5113	12	30	41	35	71	168	28	28
5114	4	5	14	4	5	542	5	4
5115	12	2	135	1588	4	2	4	2
5116	2	2	2478	12	8	7	15	12
5117	22	3	46	783	179	10	4	8
5118	17	22	160	28	470	21	7	395
5119	12	30	1164	357	71	1	1	114
5120	12	2	135	8	4	2	4	804
5121	2	2	2	12	8	1068	15	12
5122	2	4	74	12	903	7	15	12
5123	114	16	573	131	8	1	7	19
5124	12	2	135	8	4	1069	4	2
5125	56	15	1166	131	71	10	93	1
5126	17	22	282	415	4	114	5	127
5127	2	16	2479	43	11	327	4	128
5128	2	2	2326	281	8	7	15	12
5129	56	740	1119	7	100	10	396	1
5130	13	179	392	313	46	12	4	2
5131	3	3	3	544	3	1	4	3
5132	12	2	2480	8	4	2	4	2
5133	2	2	2481	12	8	7	15	12
5134	7	376	41	35	71	1	742	139
5135	2	22	379	1591	196	28	30	58
5136	76	30	2163	35	27	10	28	28
5137	49	15	1168	45	38	15	4	1
5138	2	1	58	366	38	29	743	8
5139	6	35	870	784	472	467	405	29
5140	2	2	2	12	8	941	15	12
5141	6	35	2483	8	2	10	4	2
5142	56	201	1100	753	8	7	84	108
5143	2	15	605	246	166	155	4	382
5144	12	3	23	1592	10	1	1	1
5145	56	162	1169	96	175	468	4	68
5146	2	131	944	1593	166	155	157	72
5147	589	143	659	229	1	1	116	1
5148	12	2	135	327	4	2	4	2
5149	20	3	1	12	119	7	7	809
5150	2	2	2484	12	8	7	15	12
5151	2	2	2	12	906	7	15	12
5152	12	2	2485	8	4	2	4	2
5153	6	35	50	43	1	469	4	30
5154	12	30	2486	35	71	1	28	28
5155	2	82	2487	8	4	12	4	2
5156	122	1	1170	28	8	407	4	24
5157	4	1	2488	228	38	15	18	1
5158	4	2	140	112	907	1	17	68
5159	2	82	2489	349	1	1	4	128
5160	6	408	1013	1	375	1	1	323
5161	124	4	2490	8	8	40	51	112
5162	2	409	436	8	2	1	30	6
5163	6	3	2	12	8	7	15	810
5164	592	2	135	8	908	2	4	2
5165	17	22	230	6	38	29	744	8
5166	2	82	1171	8	4	1	4	2
5167	17	22	160	28	8	21	745	6
5168	17	71	12	28	910	10	7	6
5169	593	3	105	86	7	1	61	55
5170	2	1	58	6	911	987	7	8
5171	2	65	1173	96	44	1	406	68
5172	17	22	160	28	912	21	7	6
5173	299	2	70	161	1	1	4	163
5174	2	2	2	1594	8	878	15	12
5175	2	2	939	786	8	1	28	8
5176	6	3	2	12	8	7	15	811
5177	2	82	1174	27	83	1	1	66
5178	2	172	129	1595	8	7	84	344
5179	2	1	58	6	38	29	7	812
5180	13	411	75	8	8	40	59	6
5181	12	30	41	35	71	1	746	28
5182	2	2	2	374	8	7	15	12
5183	2	1	58	1597	38	29	7	8
5184	2	3	399	1598	8	7	7	6
5185	21	158	361	11	70	1	4	1
5186	12	211	341	228	913	1	183	1
5187	2	2	330	1599	8	221	15	12
5188	12	2	2493	161	1	1	4	163
5189	594	1	58	6	38	1071	7	8
5190	6	3	2	1600	8	7	15	12
5191	21	5	296	241	224	3	4	2
5192	2	15	18	12	13	10	747	2
5193	2	2	2	1601	8	7	15	12
5194	3	3	2494	1	3	1	4	3
5195	2	356	1175	209	38	470	28	387
5196	2	16	20	1	11	64	179	8
5197	2	1	58	6	914	29	7	8
5198	300	412	1176	787	31	471	408	396
5199	13	3	75	1602	915	40	59	6
5200	4	1	581	1603	32	10	4	2
5201	2	2	2	12	8	1073	15	12
5202	22	3	46	1	11	10	748	347
5203	2	16	267	35	71	1	1	397
5204	6	35	695	8	2	10	4	2
5205	3	146	3	1604	3	1	4	3
5206	12	30	2495	35	71	1	28	28
5207	13	31	1177	246	359	472	7	6
5208	13	67	122	20	8	473	4	6
5209	4	413	304	27	203	474	1	1
5210	7	218	919	131	100	1	4	142
5211	13	31	174	8	50	1	749	40
5212	2	2	167	131	372	10	286	31
5213	2	82	1178	8	4	12	4	2
5214	6	45	67	100	83	1021	1	66
5215	13	31	102	8	8	1	2	54
5216	595	3	23	19	10	1	1	1
5217	94	2	2496	208	7	122	132	1
5218	2	1	2497	131	132	1	17	152
5219	12	2	135	1605	4	2	4	2
5220	2	2	2	12	8	1074	15	12
5221	6	414	14	4	5	40	4	53
5222	12	741	31	8	2	10	17	1
5223	4	133	1977	1606	151	1	124	1
5224	17	22	160	28	916	21	7	6
5225	61	219	1143	131	11	1	365	187
5226	2	9	748	12	186	15	4	8
5227	2	2	2498	12	8	7	15	12
5228	2	415	129	8	8	7	84	108
5229	6	1	2499	84	202	1	4	1
5230	2	742	2500	8	4	12	4	2
5231	12	2	2501	8	4	2	4	2
5232	2	2	2	12	8	1075	15	12
5233	2	1	58	6	38	29	751	8
5234	301	82	110	91	70	1	205	1
5235	17	743	12	28	8	10	7	6
5236	13	3	75	8	62	40	409	6
5237	2	3	2502	361	1	1	61	1
5238	596	3	3	1	3	1	4	3
5239	12	2	135	1607	4	2	4	2
5240	2	1	58	6	918	29	7	8
5241	2	1	58	6	38	1057	7	8
5242	6	164	1030	131	1	125	4	128
5243	12	3	300	131	146	1077	10	1
5244	2	65	1179	96	44	1	40	68
5245	12	30	2503	35	920	1	28	28
5246	204	152	356	57	8	1	30	145
5247	6	47	75	1609	2	32	4	1
5248	597	2	169	131	11	1	1	2
5249	14	481	2504	78	25	1078	753	814
5250	2	33	449	1	145	249	227	1
5251	598	18	24	20	18	12	4	6
5252	204	745	10	2	463	7	3	2
5253	14	80	2506	1076	92	17	560	15
5254	12	30	2507	35	71	1	28	28
5255	2	153	2	825	8	7	15	12
5256	476	2	2	12	8	7	15	12
5257	2	2	2	12	8	1079	15	12
5258	599	2	2	12	8	7	15	12
5259	12	2	135	8	4	2	650	2
5260	2	153	2508	12	8	7	15	12
5261	6	3	2	12	921	7	15	12
5262	2	2	2	1611	8	7	15	700
5263	2	28	87	1612	287	1080	10	815
5264	2	2	2	299	8	7	15	816
5265	20	4	697	8	477	10	4	2
5266	600	53	166	65	23	9	24	43
5267	14	86	68	24	92	1081	39	15
5268	22	3	2509	1	11	10	4	8
5269	2	150	13	22	11	1	10	8
5270	14	80	350	146	92	17	144	15
5271	22	3	46	1	11	10	4	144
5272	2	153	2	12	8	133	15	12
5273	6	2	357	279	46	132	17	1
5274	2	1	58	6	171	29	7	8
5275	12	2	135	282	4	134	4	2
5276	17	22	2511	28	8	10	7	6
5277	2	33	708	263	17	135	1	1
5278	12	3	359	19	10	1	1	1
5279	2	156	2512	12	8	38	10	46
5280	601	147	353	1	71	1	140	139
5281	2	157	135	8	4	12	4	147
5282	102	81	1181	1	149	140	4	11
5283	2	2	2	12	8	142	15	12
5284	13	160	122	20	8	143	4	6
5285	2	16	2513	128	69	64	14	8
5286	2	161	645	287	173	125	151	53
5287	22	147	363	231	71	10	143	140
5288	2	47	129	288	8	144	84	108
5289	1	1	1	1	1	1	152	1
5290	42	61	89	128	69	17	41	1
5291	104	1	177	137	100	1	81	85
5292	17	22	12	28	8	145	7	6
5293	2	82	135	289	4	12	4	2
5294	2	2	169	131	11	475	1	2
5295	4	2	140	112	44	1082	17	68
5296	56	162	1169	96	175	1	4	68
5297	2	15	18	12	13	147	4	2
5298	14	97	159	113	95	17	41	15
5299	14	163	366	48	176	148	153	149
5300	56	1	51	226	1	10	4	2
5301	2	82	135	8	4	1083	4	150
5302	2	82	135	8	4	12	4	151
5303	46	3	270	78	46	65	56	1
5304	105	1	58	6	38	29	7	8
5305	2	1	2514	131	132	1	17	152
5306	2	82	135	8	4	149	4	2
5307	2	2	2	291	8	7	15	12
5308	3	3	2515	1	3	1	4	3
5309	46	84	170	78	46	65	56	58
5310	6	3	129	293	83	1	1	66
5311	2	1	58	6	38	987	7	8
5312	106	45	67	294	46	1	28	1
5313	4	1	665	296	38	1	156	153
5314	6	166	1182	6	38	29	7	8
5315	6	168	2516	43	1	10	4	30
5316	2	2	2517	12	8	7	15	12
5317	2	2	2	297	8	7	15	12
5318	2	4	110	43	50	1	158	40
5319	13	45	67	300	8	40	59	6
5320	277	2	2	12	8	7	15	12
5321	107	22	12	28	8	10	7	6
5322	2	1	266	131	922	1	17	152
5323	6	35	54	43	1	10	4	817
5324	14	173	372	302	110	96	41	156
5325	2	3	373	1	182	117	159	1
5326	2	174	2	12	183	7	160	12
5327	2	4	374	303	8	1	44	108
5328	2	2	2	12	8	7	15	157
5329	2	2	2518	12	8	7	15	12
5330	2	153	2	23	8	7	15	12
5331	2	153	2	280	8	7	15	12
5332	2	1	58	6	38	29	7	158
5333	2	177	2519	12	8	7	15	12
5334	2	2	2	12	8	7	15	159
5335	6	35	50	43	1	160	4	160
5336	2	2	2	310	8	7	15	12
5337	2	2	2520	12	8	7	15	12
5338	2	2	2521	12	8	7	15	12
5339	6	7	1183	131	187	1	10	6
5340	21	9	381	41	8	1	4	29
5341	4	138	1184	21	1	1	93	1
5342	21	9	2522	316	8	35	47	6
5343	100	185	570	1	8	1	28	8
5344	2	2	2	12	8	169	15	12
5345	4	1	572	228	38	170	18	1
5346	113	186	10	12	8	28	7	19
5347	2	7	2523	1	8	1	28	8
5348	4	133	384	213	151	1	124	1
5349	2	4	74	12	8	172	15	12
5350	13	18	24	319	18	12	4	6
5351	20	75	238	8	2	173	17	51
5352	2	4	110	12	8	174	4	6
5353	4	1	32	29	8	1	7	19
5354	303	35	50	43	1	10	4	30
5355	22	3	2525	1	11	10	4	8
5356	20	1	58	326	75	29	7	1
5357	2	1	58	6	38	1084	7	8
5358	438	2	2	55	8	7	15	12
5359	12	2	135	327	4	1085	4	2
5360	2	2	2	278	190	1086	15	12
5361	2	1	58	6	38	29	7	166
5362	116	2	2	55	8	7	15	12
5363	22	147	352	231	71	129	143	168
5364	13	18	2526	330	194	12	4	2
5365	2	82	110	91	70	1	63	169
5366	4	1	572	228	195	15	18	1
5367	56	5	1042	11	10	38	10	8
5368	4	1	572	228	38	15	170	1
5369	21	9	389	333	196	1	4	58
5370	2	4	74	12	8	178	15	12
5371	118	35	50	335	2	54	3	170
5372	4	89	244	336	8	10	4	2
5373	2	4	74	337	8	7	15	12
5374	17	22	12	28	198	10	7	6
5375	2	194	368	42	31	28	30	6
5376	12	3	23	19	10	1	1	172
5377	2	1	2528	342	46	29	7	8
5378	602	748	58	6	38	29	7	8
5379	2	28	87	281	8	38	10	46
5380	13	3	2529	8	8	40	59	6
5381	119	7	155	1	159	1	2	1
5382	2	16	2530	1	159	1	2	1
5383	2	1	2531	6	38	29	7	8
5384	6	4	10	2	200	2	3	2
5385	4	3	390	228	28	1	29	173
5386	488	1	2532	1	1	1	2	1
5387	4	1	2533	228	38	15	18	1
5388	6	7	1566	294	46	5	1	1
5389	118	35	50	8	2	54	3	170
5390	4	1	572	348	38	15	18	1
5391	4	1	572	228	38	15	175	1
5392	2	4	74	22	8	7	15	12
5393	2	82	2534	288	4	185	4	2
5394	12	3	393	19	10	1	1	1
5395	122	154	12	352	46	29	7	1
5396	123	45	67	354	8	1	28	1
5397	2	28	87	355	8	38	10	46
5398	603	2	2	12	8	7	15	12
5399	2	2	1186	356	4	2	3	2
5400	2	16	162	108	11	54	176	8
5401	6	35	593	1	206	1	4	24
5402	7	145	1187	1	1	187	177	1
5403	2	2	2	12	8	7	178	12
5404	2	200	2536	8	4	12	4	2
5405	2	2	2	358	8	7	15	12
5406	2	154	67	6	38	29	7	8
5407	2	2	2	12	8	1087	15	12
5408	126	203	155	1	209	77	4	2
5409	22	147	352	362	71	129	143	140
5410	4	1	2539	57	44	31	40	38
5411	12	3	2540	19	10	1	1	1
5412	2	2	2	2	211	2	3	2
5413	2	2	2	12	8	189	15	12
5414	6	3	1188	12	8	2	4	178
5415	6	79	154	1	8	190	28	5
5416	39	63	1189	94	11	38	10	8
5417	2	4	74	364	8	7	15	12
5418	2	127	10	8	2	1088	121	125
5419	13	4	2541	365	8	7	15	820
5420	127	204	2338	333	46	1	4	58
5421	2	1	1735	367	69	29	7	179
5422	2	2	2	12	8	191	15	12
5423	604	3	738	369	8	10	7	6
5424	2	3	2542	1	11	64	14	1
5425	13	31	102	8	213	7	7	54
5426	2	2	1052	228	8	193	28	8
5427	4	1	889	371	8	1	28	8
5428	6	207	593	1	71	1	4	24
5429	13	3	75	8	8	194	59	6
5430	2	208	135	8	4	12	4	2
5431	2	1	58	6	215	29	7	8
5432	12	30	41	357	71	131	28	28
5433	304	2	401	100	100	1	4	66
5434	2	1	58	6	216	29	7	8
5435	20	75	238	377	2	10	17	51
5436	4	89	2543	12	8	154	4	2
5437	20	11	1443	379	8	1	28	8
5438	21	154	402	380	133	132	17	152
5439	22	3	2544	381	11	10	4	8
5440	4	1	572	383	38	15	18	1
5441	4	89	2546	384	55	10	4	2
5442	2	1	403	6	38	29	7	8
5443	2	2	70	12	8	1	15	12
5444	12	30	41	357	71	1	28	28
5445	2	82	135	385	4	7	15	12
5446	12	30	41	35	71	198	28	28
5447	4	2	77	8	47	199	184	6
5448	12	749	284	200	140	15	40	1
5449	2	2	2	285	8	7	15	183
5450	12	30	41	35	218	1	28	28
5451	12	30	41	387	71	1	28	28
5452	12	30	41	388	71	201	28	28
5453	12	30	41	386	71	202	28	28
5454	2	120	748	8	2	1	3	2
5455	2	2	1756	12	8	7	15	12
5456	2	1	2338	89	46	29	7	58
5457	21	1	67	390	1	1	28	8
5458	76	213	960	1	71	10	4	2
5459	4	96	404	12	8	10	4	2
5460	2	2	1192	1	5	1	1	185
5461	6	190	405	379	1	125	185	2
5462	132	3	266	393	8	7	7	6
5463	4	1	2548	228	38	15	18	1
5464	56	45	1083	212	8	1	4	128
5465	2	65	204	12	8	10	186	2
5466	4	215	244	12	8	10	4	2
5467	2	2	75	8	8	40	59	6
5468	13	2	2549	323	222	28	30	2
5469	12	176	406	1	8	158	28	8
5470	12	1	358	235	1	206	149	1
5471	13	68	1193	300	8	40	59	6
5472	46	45	2552	398	46	1	4	1
5473	46	45	67	399	75	1	4	1
5474	2	9	407	12	186	15	4	8
5475	2	22	48	42	31	207	188	6
5476	2	45	129	400	8	1089	84	108
5477	4	2	2553	112	44	1	17	68
5478	54	86	408	24	42	17	39	15
5479	135	61	1406	401	226	23	190	1
5480	4	2	207	402	47	208	7	6
5481	4	75	928	12	4	209	191	2
5482	2	2	2	404	8	7	15	12
5483	68	5	217	405	8	7	15	12
5484	2	2	290	340	8	7	15	12
5485	6	11	1194	11	10	1	1	1
5486	6	35	50	43	1	10	193	30
5487	2	28	223	12	228	2	3	26
5488	2	221	2555	246	229	155	194	2
5489	3	3	3	1	3	210	4	3
5490	30	223	226	43	50	1	44	40
5491	12	2	604	407	46	10	28	28
5492	2	224	135	8	4	12	4	2
5493	46	1	2556	131	8	1	187	1
5494	2	225	411	8	4	12	4	2
5495	2	22	48	42	31	212	30	6
5496	2	1	2557	263	201	1	17	152
5497	2	28	87	12	924	38	10	46
5498	136	226	412	409	230	100	196	117
5499	2	2	2	12	8	7	197	12
5500	13	31	43	38	231	10	4	6
5501	46	228	413	389	46	9	96	1
5502	2	229	2	12	8	7	15	12
5503	2	2	2	411	8	7	15	12
5504	605	28	87	12	8	38	10	46
5505	7	230	415	274	17	213	198	193
5506	46	45	67	414	46	10	4	72
5507	2	231	58	6	38	29	7	8
5508	2	1	2559	1	34	1	28	31
5509	4	23	37	416	8	22	7	19
5510	15	233	417	417	236	18	200	117
5511	4	23	2560	29	8	22	7	19
5512	246	9	83	8	8	7	47	6
5513	17	22	12	28	237	10	7	6
5514	2	2	2	2	1	10	7	2
5515	9	13	419	259	23	9	201	195
5516	2	3	603	219	38	1	4	1
5517	138	27	422	419	110	17	203	15
5518	1	1	1	1	1	216	2	1
5519	14	77	424	121	110	217	39	15
5520	6	235	54	43	1	10	4	30
5521	56	75	996	277	239	1	28	2
5522	9	13	426	422	240	218	23	197
5523	139	9	47	423	8	1	4	29
5524	9	237	428	424	23	9	204	198
5525	195	7	1195	228	8	1	1	200
5526	6	7	1196	425	7	5	1	1
5527	2	1	2561	6	38	29	7	8
5528	5	143	431	427	199	1	116	1
5529	141	2	2	12	8	7	15	12
5530	2	3	2562	428	69	7	7	164
5531	2	2	2	12	8	225	15	12
5532	2	65	204	429	8	77	4	2
5533	2	2	2306	12	8	7	15	12
5534	2	2	2	431	8	7	15	12
5535	6	239	10	2	4	2	3	2
5536	3	3	3	1	3	1	206	3
5537	99	147	353	433	71	1	140	139
5538	17	22	1197	28	8	10	7	6
5539	12	2	135	8	4	2	4	821
5540	2	2	2563	12	8	7	15	12
5541	145	13	432	30	56	9	201	22
5542	12	2	135	8	4	1090	4	2
5543	2	82	2564	8	4	12	4	2
5544	2	2	936	8	4	12	4	1
5545	147	35	50	43	1	10	4	30
5546	2	82	435	91	70	1	63	1
5547	6	246	1198	1	252	1	61	1
5548	2	247	2565	439	46	29	7	8
5549	2	1	2234	441	17	29	7	8
5550	17	22	12	28	8	232	7	6
5551	150	147	353	1	71	1	140	139
5552	9	26	2567	33	16	24	22	20
5553	2	12	13	22	925	1	10	8
5554	4	750	37	29	8	22	7	822
5555	3	3	3	1613	3	1	4	3
5556	5	6	11	5	6	4	6	2
5557	5	6	11	445	6	4	212	2
5558	12	30	41	35	71	235	28	28
5559	3	3	2568	1	3	1	4	3
5560	14	80	439	24	92	17	56	15
5561	154	5	14	4	5	1	5	4
5562	6	7	440	6	7	5	1	1
5563	155	22	12	28	8	10	7	6
5564	2	45	129	8	8	7	84	207
5565	3	2	649	1	75	1	4	3
5566	2	4	442	12	8	7	15	12
5567	13	3	75	8	8	40	216	6
5568	2	82	110	91	70	1	217	1
5569	606	16	573	131	8	1	7	823
5570	4	23	37	29	8	22	218	19
5571	607	15	2569	12	13	10	4	2
5572	157	1	1	1	1	1	2	1
5573	2	2	2	12	8	1091	15	12
5574	13	31	43	452	8	10	4	6
5575	6	107	1200	6	47	1	132	1
5576	6	1	695	84	258	1	4	1
5577	4	89	244	1614	8	154	4	2
5578	4	89	244	453	8	154	4	2
5579	12	211	2570	1615	54	1	183	1
5580	12	211	341	228	259	1	183	1
5581	17	22	160	1617	8	21	7	6
5582	21	16	67	1618	46	1	7	212
5583	2	9	794	108	11	239	4	1
5584	17	151	2571	28	8	10	7	6
5585	2	28	39	454	26	240	3	26
5586	2	2	2	12	261	7	15	12
5587	13	31	444	38	8	10	4	6
5588	12	30	41	35	27	10	28	213
5589	2	254	13	12	11	1	10	8
5590	13	3	75	8	262	40	59	6
5591	2	82	135	8	4	12	222	2
5592	12	2	135	455	4	2	4	2
5593	4	16	445	1	1	10	4	215
5594	4	1	889	341	8	1	223	8
5595	2	255	335	8	2	2	121	125
5596	2	2	2	461	8	7	15	12
5597	2	2	2	462	8	7	15	12
5598	12	30	41	386	71	131	28	28
5599	2	2	2	12	8	1092	15	12
5600	6	63	1764	94	11	38	10	8
5601	2	2	653	8	264	241	10	217
5602	4	23	37	29	8	242	7	19
5603	12	2	135	8	4	244	4	2
5604	162	45	2	12	8	7	15	12
5605	12	3	23	469	10	1	1	1
5606	2	2	2	12	8	7	224	12
5607	163	102	10	12	8	28	7	219
5608	3	3	3	1	3	246	4	3
5609	6	257	1200	6	47	1	132	398
5610	1	81	447	1	71	1	4	221
5611	9	258	448	30	56	247	22	222
5612	4	1	668	8	2	1	10	1
5613	2	9	236	430	38	29	7	8
5614	12	30	41	35	71	248	28	28
5615	2	2	939	438	8	250	28	8
5616	2	82	2572	8	4	12	4	2
5617	13	31	112	12	31	251	30	6
5618	7	145	666	1	1	1	2	1
5619	6	3	2573	471	267	1	4	14
5620	608	82	110	472	70	1	63	1
5621	7	145	12	474	71	125	135	175
5622	2	2	241	8	8	1	228	108
5623	6	7	671	475	17	5	1	58
5624	2	751	87	12	8	38	10	46
5625	4	293	2574	8	4	10	4	264
5626	2	82	135	8	4	1093	4	2
5627	347	45	794	6	38	1094	28	8
5628	129	210	1002	1	474	476	181	107
5629	46	45	2575	1619	46	116	4	273
5630	610	2	169	131	11	1	755	2
5631	2	82	110	1623	70	1	63	1
5632	21	3	2578	1624	78	399	3	1
5633	2	22	2579	42	31	28	30	6
5634	7	753	102	1625	8	7	15	12
5635	2	2	2580	12	8	7	15	12
5636	21	35	355	279	46	15	4	8
5637	2	2	2581	131	11	1	1	2
5638	112	1	58	788	38	29	7	8
5639	136	754	1432	896	130	637	72	462
5640	117	1	388	131	132	132	17	58
5641	129	210	568	264	217	1	756	24
5642	9	755	2583	1627	927	9	250	825
5643	12	2	135	8	4	2	757	2
5644	6	756	269	6	7	5	1	1
5645	5	143	859	229	1	1	147	1
5646	15	116	2585	25	21	100	20	16
5647	2	35	77	8	2	10	4	2
5648	2	35	769	8	4	152	758	2
5649	2	9	631	12	4	10	4	827
5650	2	2	2586	12	8	1095	15	12
5651	2	1	2296	6	38	445	7	8
5652	2	757	2	12	8	7	15	12
5653	20	75	2587	8	2	10	17	51
5654	12	2	70	161	1	1	759	163
5655	45	45	2588	803	78	1	4	828
5656	112	1	58	6	38	29	7	1
5657	611	16	2589	131	8	1	7	19
5658	31	49	2590	1629	929	37	48	44
5659	612	2	2	12	8	7	15	12
5660	2	1	58	6	38	29	7	829
5661	12	39	59	49	1	26	4	1
5662	6	35	54	1630	1	10	4	30
5663	14	27	2591	146	131	17	41	15
5664	42	27	2592	121	92	17	39	15
5665	14	44	1260	250	701	70	86	90
5666	15	593	2593	1631	930	1096	506	135
5667	14	481	2594	1632	932	96	41	156
5668	15	148	1286	1633	181	55	72	81
5669	15	148	2596	1138	934	55	72	830
5670	15	116	840	925	130	100	478	462
5671	14	77	1836	1635	20	683	39	15
5672	14	758	170	873	544	688	565	831
5673	14	105	2597	900	118	23	56	103
5674	14	759	38	24	92	502	39	15
5675	15	262	459	485	270	100	72	229
5676	15	487	2598	1636	236	263	505	117
5677	15	475	1724	409	935	100	506	252
5678	14	516	2599	1637	315	1097	39	831
5679	14	27	72	1638	92	98	39	15
5680	14	80	439	24	92	1098	56	15
5681	42	27	1287	121	92	17	82	245
5682	15	271	348	274	406	380	72	351
5683	15	271	2600	274	406	380	72	351
5684	42	27	422	419	110	17	203	15
5685	42	94	2602	1639	937	1099	760	15
5686	14	80	2603	146	92	17	144	15
5687	614	760	2604	1640	938	70	82	832
5688	47	76	145	117	90	830	72	81
5689	15	503	1651	1641	939	276	259	266
5690	15	581	2605	1133	308	55	72	81
5691	615	148	2606	1642	940	1100	526	135
5692	15	363	940	675	410	1100	350	231
5693	14	27	2608	24	92	17	39	15
5694	6	4	10	2	113	2	3	2
5695	14	27	367	254	178	17	39	626
5696	14	762	367	254	178	17	39	626
5697	14	80	512	1643	92	1101	251	15
5698	14	80	493	506	544	17	39	15
5699	14	764	183	144	110	17	83	15
5700	616	765	2609	1644	92	68	119	93
5701	14	80	2610	78	120	17	39	15
5702	82	27	2611	192	135	270	92	90
5703	15	148	2612	1645	942	1103	762	834
5704	14	97	2613	113	95	17	41	15
5705	14	766	2614	144	943	1104	763	23
5706	178	442	2615	274	129	18	230	227
5707	14	72	2616	113	944	17	41	15
5708	42	27	2617	121	92	17	39	15
5709	14	25	2618	78	65	68	523	835
5710	617	116	2619	493	296	578	764	241
5711	15	593	1985	227	640	737	505	836
5712	15	148	2620	820	181	127	72	436
5713	330	338	2621	10	9	817	9	837
5714	330	767	2622	10	9	817	9	7
5715	16	21	117	92	945	19	64	69
5716	618	768	2623	1646	946	1105	765	838
5717	9	13	925	102	81	9	38	20
5718	619	13	2624	626	386	371	204	839
5719	16	21	117	92	285	1106	766	840
5720	9	13	499	1647	23	9	16	32
5721	9	13	82	30	23	1107	46	42
5722	620	770	2625	1629	947	62	767	841
5723	16	21	117	92	22	19	64	842
5724	15	771	2626	493	948	127	72	81
5725	15	69	2627	417	273	18	70	843
5726	26	13	2628	1648	23	9	53	36
5727	9	13	2629	482	269	9	38	22
5728	9	772	460	30	56	9	22	246
5729	9	479	2630	93	23	9	24	20
5730	9	773	2631	1650	16	9	16	32
5731	9	13	2633	30	23	9	24	43
5732	621	13	2634	1652	530	371	204	143
5733	9	13	2087	30	56	9	239	57
5734	9	110	2635	30	23	514	24	845
5735	9	13	1522	65	23	56	73	20
5736	9	13	2636	93	66	9	16	32
5737	9	13	460	59	16	9	322	20
5738	460	275	520	30	56	539	249	246
5739	222	350	2637	1653	23	9	323	328
5740	9	13	82	1654	23	9	46	42
5741	9	13	243	76	23	9	23	846
5742	9	13	2638	623	36	9	322	325
5743	9	13	838	623	36	613	322	325
5744	26	37	2639	76	16	9	105	32
5745	26	37	420	30	389	9	768	473
5746	622	13	1492	903	949	9	471	143
5747	623	24	1658	122	23	9	453	22
5748	9	37	2640	1655	36	9	53	36
5749	21	45	67	89	46	9	105	58
5750	9	13	1342	858	370	9	449	36
5751	9	13	283	88	68	1108	53	57
5752	9	13	1581	30	555	9	769	336
5753	9	13	2641	30	16	9	22	20
5754	9	24	35	31	23	9	770	22
5755	624	13	872	641	392	9	23	100
5756	9	13	499	93	66	9	23	32
5757	9	13	2050	1216	23	624	24	847
5758	9	40	60	50	23	397	36	34
5759	9	282	2642	30	306	9	250	848
5760	9	2	67	129	46	9	24	58
5761	14	53	280	65	17	9	46	78
5762	26	13	552	122	23	9	459	34
5763	9	24	1979	76	23	9	23	849
5764	9	774	60	50	23	9	36	34
5765	9	37	921	65	951	378	23	34
5766	9	36	2643	1656	952	492	23	22
5767	9	13	1405	122	23	9	23	461
5768	16	21	117	92	953	19	64	850
5769	9	37	2644	906	240	9	46	851
5770	9	13	2645	65	23	9	24	22
5771	26	13	200	76	16	1110	105	32
5772	9	13	2087	498	56	9	239	57
5773	9	53	166	65	23	1111	46	78
5774	9	17	21	17	954	666	16	105
5775	46	45	67	89	46	9	23	58
5776	9	13	2647	65	23	9	36	258
5777	9	236	2648	30	23	9	772	22
5778	626	775	2649	65	23	9	23	49
5779	9	13	2650	1016	23	9	517	48
5780	9	450	1339	1657	51	9	36	259
5781	9	13	2651	76	955	9	611	851
5782	9	13	225	93	66	9	16	852
5783	9	13	1591	966	48	9	23	505
5784	229	13	563	541	240	218	23	197
5785	9	13	2652	903	288	9	471	143
5786	9	13	2653	69	23	9	71	195
5787	9	13	2654	641	23	9	773	100
5788	9	776	2655	30	23	9	96	22
5789	26	13	200	76	16	9	16	32
5790	9	13	2656	30	23	9	774	853
5791	9	13	349	65	23	9	23	22
5792	9	36	1275	30	72	9	776	22
5793	9	13	2657	1658	23	9	510	854
5794	9	13	1699	122	23	9	24	855
5795	627	36	505	30	72	9	96	22
5796	26	777	150	122	93	9	16	32
5797	9	13	1522	65	23	1112	73	20
5798	9	13	2658	640	956	9	24	34
5799	26	58	2659	88	68	9	53	57
5800	9	13	2660	30	23	9	46	42
5801	9	13	2661	30	957	9	22	22
5802	9	13	2662	30	56	9	22	246
5803	26	58	107	88	68	9	53	856
5804	9	778	2663	31	384	9	327	331
5805	9	53	166	1659	23	9	46	78
5806	9	779	427	30	72	9	96	22
5807	628	13	232	30	56	9	24	22
5808	26	13	2664	122	23	9	24	34
5809	9	53	166	65	23	34	46	78
5810	9	37	2665	1660	958	9	23	22
5811	9	13	1853	857	16	1109	446	256
5812	9	13	2666	88	68	9	53	57
5813	61	3	996	277	100	15	4	142
5814	2	2	190	148	105	69	777	6
5815	9	13	2667	65	23	9	23	22
5816	17	22	1203	6	38	29	7	8
5817	12	2	135	295	4	2	4	2
5818	99	147	2668	1	71	1	140	139
5819	2	2	2	12	8	153	15	12
5820	630	2	2	12	8	7	15	12
5821	631	1	2669	1	1	1	161	1
5822	632	1	2669	1	959	1	2	1
5823	4	23	2670	29	8	22	7	19
5824	3	3	2183	1	960	1	4	857
5825	13	67	285	313	46	12	4	1
5826	2	2	2671	12	8	7	15	12
5827	2	182	2672	12	8	7	15	12
5828	2	183	2673	12	8	167	15	12
5829	12	184	2674	35	71	168	28	28
5830	3	3	2675	1	3	1	4	3
5831	633	147	353	1	71	1	140	139
5832	2	2	2	1661	8	7	15	12
5833	2	2	2676	12	8	7	15	12
5834	6	3	123	100	961	1113	1	63
5835	634	22	2678	12	4	1114	5	127
5836	612	2	2679	12	8	1115	15	858
5837	635	3	2680	1	3	452	4	3
5838	636	102	2681	235	70	1116	1	6
5839	2	2	2683	12	8	7	15	12
5840	637	782	2684	8	242	2	574	859
5841	2	2	2	426	8	222	15	12
5842	639	1	2686	6	38	1118	779	860
5843	640	23	2687	29	963	22	7	19
5844	2	2	2690	1665	964	7	780	862
5845	641	625	2691	1666	38	1119	7	863
5846	6	4	2692	2	4	1120	3	2
5847	6	7	2693	6	7	5	1	58
5848	1	784	2694	1667	678	1121	2	864
5849	2	1	2695	18	201	1	7	19
5850	6	47	75	8	243	32	4	1
5851	642	785	2696	1668	965	1122	781	865
5852	20	238	238	8	246	10	17	51
5853	2	2	2	12	247	7	15	12
5854	144	2	192	434	1	1	116	1
5855	2	781	2	12	8	7	15	12
5856	6	63	37	94	966	38	10	8
5857	643	786	2697	1669	967	1123	782	866
5858	17	244	12	28	8	10	7	6
5859	2	12	13	12	251	1	10	8
5860	7	31	102	8	8	1	1	203
5861	2	35	436	8	2	1	30	6
5862	151	7	155	1	159	1	2	1
5863	152	2	140	112	44	1	17	68
5864	12	3	23	1670	968	233	1	1
5865	6	787	50	8	2	54	3	2
5866	2	127	2698	8	2	2	121	125
5867	153	2	2699	2	1	234	7	867
5868	644	788	2700	1671	5	1124	783	868
5869	645	16	2701	1672	969	1125	4	869
5870	5	789	2702	1673	6	1126	784	870
5871	19	1	37	12	8	1127	4	24
5872	6	3	2703	100	83	10	7	6
5873	4	5	14	4	5	1128	5	871
5874	646	590	2704	1674	1	1129	785	872
5875	17	790	12	1675	970	10	7	6
5876	2	29	2705	1676	5	1	27	27
5877	18	1	32	1677	971	1130	7	873
5878	9	13	34	30	972	9	23	874
5879	14	25	36	32	24	23	25	875
5880	647	16	2706	1678	973	1131	4	14
5881	99	147	2707	1	71	1	140	139
5882	13	31	112	12	974	1	786	876
5883	13	31	112	1679	31	1	786	877
5884	13	31	112	12	975	1	30	6
5885	22	3	46	984	179	10	4	8
5886	2	16	2708	21	976	13	4	14
5887	2	16	573	131	8	1	7	58
5888	648	791	2709	1681	977	1132	787	878
5889	649	792	2710	1682	978	1133	788	879
5890	26	13	446	65	23	9	24	34
5891	1	793	2711	468	979	1	789	276
5892	6	3	129	100	83	10	7	6
5893	5	6	2712	5	6	4	6	2
5894	5	6	5	1683	980	4	6	2
5895	5	6	2713	445	6	4	6	220
5896	2	2	169	131	11	1	790	880
5897	6	35	2714	8	2	1134	4	1
5898	12	3	2715	19	10	1	1	1
5899	6	3	2	1684	8	7	15	12
5900	2	1	2716	6	38	445	7	8
5901	21	35	1983	8	8	7	47	6
5902	2	2	2	1685	8	7	15	12
5903	46	45	285	389	55	7	84	108
5904	297	61	953	263	18	12	4	2
5905	612	2	2717	12	8	1032	15	12
5906	94	2	2718	208	7	1135	132	1
5907	6	140	154	875	8	116	4	5
5908	2	2	2	12	8	282	15	883
5909	14	27	1350	1686	110	17	39	109
5910	6	416	1030	131	1	125	4	128
5911	39	63	37	789	11	38	10	8
5912	6	417	158	8	2	10	410	2
5913	38	61	89	134	46	17	39	58
5914	15	269	2720	409	981	127	72	884
5915	15	556	1865	1163	982	1136	792	885
5916	2	145	828	1	7	1	257	886
5917	2	45	129	8	983	29	7	8
5918	46	45	67	354	11	1	28	1
5919	2	28	2722	12	8	38	10	46
5920	2	2	2	1422	8	7	15	12
5921	129	210	1002	1	8	476	181	107
5922	2	248	2723	6	38	29	7	8
5923	2	331	20	711	11	1	4	1
5924	2	2	2	1690	8	7	15	12
5925	3	3	3	1	985	1	4	3
5926	17	22	12	442	8	10	793	6
5927	13	31	112	1691	31	1	30	6
5928	1	1	1	1692	1	1	2	1
5929	4	222	88	1693	8	1	4	8
5930	651	2	1209	1	5	1	794	1
5931	2	4	74	12	8	1137	15	12
5932	99	147	2725	1	71	1	140	139
5933	652	3	3	1695	3	1	4	3
5934	2	22	2726	42	31	28	30	6
5935	1	794	1	1	1	1	2	1
5936	6	3	2	1696	8	7	15	12
5937	17	22	12	28	987	10	7	6
5938	2	2	2727	12	8	7	15	12
5939	3	3	3	1	3	1138	4	3
5940	2	29	429	1	988	220	27	27
5941	17	22	12	1697	8	10	7	6
5942	6	3	2	12	8	7	795	12
5943	56	1	177	137	100	1	81	706
5944	2	1	88	73	8	40	3	2
5945	6	3	2	12	8	708	15	12
5946	2	28	87	12	8	38	796	46
5947	2	29	2729	1	5	220	27	27
5948	2	2	2	12	8	1139	15	12
5949	509	35	54	43	1	10	4	887
5950	6	4	10	708	4	2	3	2
5951	2	1	58	1702	38	29	676	8
5952	653	2	169	131	11	1	1	2
5953	7	145	2732	1	10	1	1	1
5954	6	63	2733	94	11	38	10	8
5955	2	4	74	12	8	1140	15	12
5956	4	1	156	1706	44	31	40	38
5957	46	154	2736	120	46	132	17	152
5958	26	13	2737	1707	23	1141	24	34
5959	3	3	2738	1	3	1	4	3
5960	42	72	170	1708	139	17	39	15
5961	117	1	2739	631	400	132	17	152
5962	9	497	836	65	23	9	36	259
5963	4	2	207	829	47	7	7	6
5964	2	1	2740	6	38	29	7	8
5965	4	420	1236	8	2	1	3	2
5966	4	2	207	295	47	7	7	6
5967	14	80	512	146	92	17	797	15
5968	2	190	1078	1	1	446	1	1
5969	655	3	3	1	3	1	4	3
5970	2	2	2742	12	8	7	15	12
5971	2	2	2	12	8	1142	15	12
5972	6	3	783	100	435	1	1	66
5973	6	47	175	8	2	32	4	1
5974	2	2	2	12	8	1143	15	12
5975	15	148	2743	1709	990	1144	798	266
5976	146	240	433	101	249	1145	70	117
5977	2	82	135	8	4	477	4	2
5978	657	230	458	274	129	18	230	227
5979	9	13	33	30	16	9	23	889
5980	2	2	2	12	8	1146	15	12
5981	2	2	2	12	8	7	15	890
5982	15	148	2744	261	731	516	72	205
5983	4	89	1206	12	8	10	4	2
5984	2	2	2745	12	8	7	15	12
5985	9	37	2746	76	23	9	24	891
5986	49	7	155	223	476	1	4	400
5987	56	4	273	2	53	2	3	2
5988	3	3	3	1	991	1	4	3
5989	2	2	2	12	8	7	15	892
5990	9	796	1451	30	16	9	799	42
5991	2	2	2	12	359	7	15	12
5992	2	2	2	1710	8	7	15	12
5993	14	301	183	1711	92	17	39	15
5994	2	797	74	12	8	7	15	12
5995	333	36	1818	1712	23	9	96	480
5996	15	148	2747	529	296	263	241	261
5997	2	167	635	8	8	40	59	893
5998	9	13	2748	65	992	9	23	22
5999	2	1	2749	6	582	29	7	8
6000	12	30	2041	35	71	766	800	28
6001	2	15	2751	8	8	59	801	2
6002	264	2	623	1	71	1	2	374
6003	14	457	1428	48	548	17	802	15
6004	6	35	2754	963	819	10	7	58
6005	42	84	170	160	98	65	56	543
6006	13	2	2755	123	78	7	15	1
6007	2	3	399	8	8	1147	7	6
6008	13	799	2756	1715	41	1	4	894
6009	13	31	2757	8	8	7	7	54
6010	21	9	47	41	8	1	4	357
6011	6	11	2758	11	10	1	1	1
6012	2	3	399	8	8	1148	7	6
6013	34	61	67	338	994	29	7	8
6014	200	61	67	338	17	29	7	8
6015	2	82	135	8	4	1149	4	2
6016	13	218	2759	951	11	1	683	1
6017	56	82	1	235	70	1	803	6
6018	21	1	347	1716	46	29	7	8
6019	21	1	2760	1717	46	29	7	1
6020	21	35	355	279	46	29	7	1
6021	2	1	2761	680	46	29	7	1
6022	21	2	357	680	38	29	7	1
6023	13	2	110	196	17	10	7	2
6024	20	67	678	604	46	817	9	1
6025	13	2	10	235	70	1	1	6
6026	21	22	12	28	8	10	7	6
6027	5	800	1436	229	1	1	116	1
6028	14	80	512	146	92	1101	251	15
6029	17	22	2763	28	8	10	7	6
6030	9	483	2767	930	996	526	429	34
6031	34	61	67	338	38	29	7	8
6032	5	143	1436	1724	1	1	116	1
6033	2	1	67	6	38	29	7	1
6034	6	801	37	94	11	38	10	8
6035	2	2	2	12	8	1150	15	12
6036	2	183	2	12	997	7	15	12
6037	3	3	1207	12	4	114	5	127
6038	17	45	67	389	46	21	7	164
6039	13	31	112	12	998	1	30	6
6040	15	363	916	663	273	1151	245	231
6041	13	5	1208	28	11	10	4	72
6042	4	1	1210	790	38	1	31	8
6043	14	97	197	153	61	17	804	429
6044	12	3	23	791	46	15	40	58
6045	2	4	110	12	8	1	3	2
6046	659	116	27	1725	21	100	20	16
6047	26	13	2770	30	23	9	519	255
6048	14	342	2771	165	92	17	805	646
6049	660	82	263	8	999	720	4	895
6050	2	9	786	1726	1000	2	305	2
6051	636	3	2772	1728	1001	1152	15	12
6052	13	18	24	20	1002	12	4	6
6053	2	2	2773	12	8	7	15	12
6054	56	1	2774	137	100	1	81	85
6055	21	9	2775	325	208	1153	4	29
6056	661	45	956	1729	8	1154	15	12
6057	6	11	1211	11	10	1	1	1
6058	6	11	2776	11	10	1	1	1
6059	20	3	1	12	119	1155	7	104
6060	2	15	1212	8	2	86	3	2
6061	4	1	572	228	460	15	18	5
6062	2	82	227	792	479	1	17	68
6063	13	31	43	38	8	478	4	6
6064	7	145	1213	1	1	1	28	1
6065	4	133	2777	213	151	1	124	1
6066	12	2	975	161	1	2	4	163
6067	17	22	1214	28	8	10	7	6
6068	13	2	355	89	1003	10	4	72
6069	13	2	355	89	46	10	4	72
6070	9	13	2778	65	23	9	22	100
6071	2	16	2779	8	8	196	4	2
6072	9	13	1423	65	23	9	23	49
6073	9	13	1444	903	288	9	806	143
6074	14	77	2780	78	104	43	56	346
6075	7	218	919	793	100	1	411	142
6076	9	13	1423	1730	66	9	16	32
6077	9	803	2781	857	16	9	807	36
6078	42	80	2782	199	139	1156	117	123
6079	14	173	2783	1731	42	1157	82	245
6080	1	804	1	1	1	1	808	1
6081	9	805	2784	122	23	9	24	34
6082	14	91	1945	1149	708	740	809	632
6083	9	13	2785	65	23	89	95	100
6084	14	249	441	58	92	17	810	15
6085	1	1	1	1	1	1	2	896
6086	2	1	1215	131	132	479	17	152
6087	15	269	488	493	292	263	511	476
6088	14	80	161	853	110	17	56	15
6089	2	9	631	12	4	10	811	6
6090	20	3	285	177	4	10	4	2
6091	9	13	82	1732	23	9	46	42
6092	15	806	2786	417	236	612	812	508
6093	2	82	1216	8	8	3	1	402
6094	6	63	37	94	11	40	4	289
6095	56	5	12	11	487	487	1	1
6096	2	16	734	339	7	1	61	171
6097	2	65	14	4	5	1	40	53
6098	17	807	12	28	8	10	7	6
6099	198	145	698	571	1	342	1	1
6100	2	3	1217	477	11	15	28	8
6101	6	808	70	21	336	29	7	1
6102	49	7	155	223	1004	1	4	74
6103	12	2	70	161	480	1	40	1
6104	6	7	269	6	7	1	1	1
6105	4	1	581	1733	32	10	4	2
6106	95	45	343	1	163	480	136	53
6107	2	2	1218	12	8	7	15	12
6108	2	45	129	1734	11	29	7	8
6109	70	1	229	12	8	1158	813	24
6110	14	809	257	24	1005	17	94	15
6111	15	810	348	274	406	726	72	351
6112	15	116	2787	859	296	127	242	443
6113	173	27	2788	144	290	17	82	235
6114	9	13	2789	244	56	9	22	897
6115	276	167	12	28	166	10	4	72
6116	56	1	2790	1	1006	1	4	898
6117	2	3	603	219	38	1	40	1
6118	4	33	824	1	375	1	4	142
6119	3	3	3	1	3	277	4	3
6120	662	2	2	12	8	7	15	12
6121	15	148	2791	1736	129	1159	72	899
6122	9	13	2792	30	23	9	23	21
6123	61	209	2793	378	1	10	181	182
6124	4	1	1220	108	84	1	1	1
6125	4	382	157	131	433	1	4	372
6126	4	1	307	1737	38	1	10	107
6127	663	13	150	1651	23	9	24	34
6128	113	65	1221	12	8	481	7	404
6129	98	811	67	24	89	17	41	15
6130	2	1	630	545	7	291	7	8
6131	6	3	122	20	71	1	814	1
6132	2	1	2794	6	38	29	7	8
6133	2	93	88	27	1007	10	815	2
6134	12	2	135	1738	1008	1160	4	900
6135	9	812	116	66	56	9	816	408
6136	2	9	83	8	1009	35	47	6
6137	195	3	266	798	69	423	4	164
6138	4	1	581	7	32	10	15	2
6139	46	61	89	66	46	375	250	58
6140	6	11	987	23	266	1	703	2
6141	307	33	1222	217	1	1	120	1
6142	110	175	2796	304	46	494	22	58
6143	15	148	2743	1709	990	1144	798	901
6144	136	116	1987	25	21	535	817	244
6145	14	27	463	121	272	1161	231	15
6146	2	4	326	12	3	15	287	27
6147	15	230	2797	1739	181	1162	243	435
6148	2	2	2798	12	8	7	15	12
6149	6	48	1159	799	469	1	17	2
6150	6	3	2	12	8	7	15	902
6151	662	2	2	12	8	7	818	12
6152	9	236	427	1740	72	9	96	22
6153	6	102	2799	235	70	1	1	6
6154	22	3	46	1	179	255	4	8
6155	61	219	717	1	11	1	28	405
6156	54	813	2800	24	42	17	39	15
6157	14	27	1933	111	25	1163	39	15
6158	2	2	2	12	8	7	15	903
6159	6	419	10	12	8	1	1	1
6160	12	30	41	35	64	1164	28	28
6161	2	2	190	800	105	69	3	6
6162	12	3	1223	618	54	117	4	1
6163	12	2	135	8	4	2	4	904
6164	12	2	70	161	1	1	4	406
6165	94	131	336	208	7	1165	132	1
6166	22	147	2801	231	71	10	143	140
6167	2	2	2802	28	8	10	819	6
6168	4	133	2803	213	151	1	124	1
6169	13	34	49	337	32	10	4	2
6170	2	16	822	131	8	1	820	19
6171	12	2	135	1403	4	2	4	2
6172	9	13	82	1741	23	9	23	521
6173	2	16	1224	131	482	10	412	19
6174	664	31	112	12	31	1	30	6
6175	9	13	856	1742	23	9	821	905
6176	14	25	36	1743	24	23	154	23
6177	2	82	2804	8	4	12	4	2
6178	9	13	2805	88	1010	9	822	22
6179	15	148	2806	409	273	18	230	243
6180	9	13	2807	76	16	9	16	105
6181	4	1	307	801	38	1	10	107
6182	9	55	100	76	16	9	24	43
6183	26	37	420	66	1012	9	46	20
6184	9	13	2808	1079	56	619	429	512
6185	14	274	2809	48	25	17	39	15
6186	229	13	2810	1744	48	9	265	143
6187	9	13	2811	1745	23	9	22	22
6188	2	45	642	68	8	1	28	407
6189	326	814	2812	1746	1013	1167	243	435
6190	665	175	2813	1747	1014	7	15	12
6191	16	21	111	92	22	19	823	17
6192	56	4	110	8	8	196	4	2
6193	15	815	2814	409	296	100	506	906
6194	6	35	50	8	2	1168	824	2
6195	2	2	939	1748	8	1	28	8
6196	13	665	24	20	18	12	4	6
6197	2	2	2	1749	8	7	15	12
6198	15	116	2816	1750	649	263	72	907
6199	15	493	2817	409	181	726	72	908
6200	9	13	116	76	59	41	23	49
6201	56	5	1225	11	10	482	10	8
6202	9	13	2818	1216	23	624	24	22
6203	9	13	82	660	16	9	23	22
6204	14	289	1541	24	92	17	39	50
6205	12	39	1227	49	1	10	4	1
6206	270	15	1058	210	8	1	1	323
6207	2	167	1228	28	166	483	413	72
6208	3	3	3	1	3	1	825	3
6209	14	27	179	109	86	52	56	87
6210	3	3	3	1	1015	1	4	3
6211	4	222	88	406	8	1	826	8
6212	6	35	1229	43	1	10	4	30
6213	13	3	75	288	8	40	59	6
6214	6	1	2819	84	202	1	4	1
6215	15	148	2820	1005	1016	263	241	261
6216	611	16	573	131	8	1	7	19
6217	9	13	856	259	1017	9	23	195
6218	9	13	2821	1751	1018	9	23	672
6219	9	236	427	30	72	1170	96	22
6220	666	2	70	161	1	1	4	163
6221	12	3	2822	19	10	1	1	1
6222	9	36	1327	845	508	9	96	22
6223	9	13	2823	66	23	9	827	34
6224	9	13	78	62	48	9	23	909
6225	15	503	1651	1641	939	1171	259	266
6226	667	296	259	181	129	263	106	116
6227	97	13	346	13	666	9	23	138
6228	9	13	2824	1752	1019	34	24	910
6229	9	13	1435	897	35	9	23	22
6230	9	13	2825	30	23	9	46	42
6231	15	816	458	274	129	18	230	227
6232	15	268	2826	1753	1020	1172	828	81
6233	9	13	2827	641	23	9	96	482
6234	46	45	67	389	46	9	16	1
6235	9	37	2828	1128	702	9	23	620
6236	26	13	2829	30	66	1173	829	911
6237	372	506	2830	25	1021	563	243	205
6238	136	432	1432	1754	130	637	72	462
6239	9	37	2831	76	23	95	23	254
6240	9	13	2832	30	23	9	519	912
6241	9	483	2767	930	23	526	429	34
6242	26	58	347	263	17	9	53	1
6243	9	528	2133	30	767	9	265	222
6244	9	53	2833	65	23	34	46	78
6245	15	442	503	409	273	127	232	231
6246	9	13	116	76	59	1174	23	49
6247	42	817	2834	78	98	60	56	15
6248	136	432	1432	896	1022	637	72	462
6249	9	818	2835	1755	36	9	53	913
6250	15	148	2836	1756	293	127	72	252
6251	9	13	2837	1757	16	9	23	20
6252	15	815	2838	409	296	100	506	906
6253	26	13	200	76	16	694	105	32
6254	9	13	2839	30	66	9	22	349
6255	9	53	166	65	1023	9	46	78
6256	136	432	2840	896	130	127	72	462
6257	9	13	875	1263	23	9	491	491
6258	178	272	503	409	1024	18	230	243
6259	9	603	57	1758	23	9	46	42
6260	9	819	98	79	23	9	23	21
6261	9	37	420	1759	1025	494	22	408
6262	9	13	915	660	56	1175	341	349
6263	26	13	243	76	23	9	23	39
6264	9	13	2841	30	35	9	23	32
6265	9	37	2644	906	240	9	23	914
6266	9	37	2842	65	23	9	36	259
6267	15	148	542	409	1026	263	241	135
6268	9	37	2843	66	16	9	105	32
6269	9	13	421	31	1027	9	471	143
6270	9	36	2844	999	16	9	446	256
6271	9	820	856	259	23	9	23	195
6272	9	13	57	47	370	340	33	36
6273	9	13	1435	30	23	9	491	22
6274	15	116	1669	409	591	263	106	135
6275	9	13	150	122	23	9	24	34
6276	15	148	2845	1760	1028	612	505	915
6277	26	520	1691	62	23	95	23	254
6278	15	821	2846	1756	293	264	72	239
6279	26	13	552	338	17	9	24	34
6280	9	540	1444	903	549	9	53	36
6281	9	37	2847	1761	23	9	24	34
6282	46	45	67	389	23	9	24	1
6283	9	13	1576	1762	23	9	239	22
6284	9	13	1835	1763	388	9	16	32
6285	9	822	2848	1764	72	9	96	22
6286	13	3	152	123	78	56	73	1
6287	26	13	2849	79	1029	9	24	34
6288	136	226	2850	1765	21	535	20	244
6289	15	148	489	1756	293	264	72	239
6290	326	823	2851	967	129	1162	831	529
6291	9	13	2852	903	288	9	471	143
6292	15	268	2853	526	129	1176	832	252
6293	15	824	2854	1766	230	100	478	916
6294	136	432	2840	896	130	535	20	81
6295	15	269	2855	976	1030	263	241	517
6296	9	24	929	865	23	9	453	22
6297	15	230	496	501	1031	18	230	227
6298	16	825	2856	1767	523	1177	833	447
6299	9	13	460	30	56	539	22	246
6300	9	13	2857	88	68	9	53	57
6301	9	826	915	660	56	375	341	349
6302	26	13	2829	30	66	1173	829	32
6303	9	13	2858	30	23	9	46	42
6304	9	827	60	50	23	33	36	34
6305	9	526	1712	30	1032	9	24	550
6306	184	502	1604	65	23	9	510	48
6307	97	13	1316	69	23	9	71	195
6308	15	116	1455	25	21	560	72	546
6309	9	828	856	259	23	9	201	195
6310	26	58	2859	88	68	9	834	917
6311	9	55	100	1768	23	33	23	52
6312	15	116	1615	891	1033	1178	20	462
6313	9	13	82	1769	23	9	46	918
6314	9	13	1435	897	23	1179	470	22
6315	9	13	1683	1004	56	619	429	512
6316	668	829	1497	78	574	17	89	15
6317	136	830	1432	896	130	637	835	462
6318	15	493	2860	820	591	263	106	135
6319	26	13	1981	31	23	9	24	22
6320	15	593	2861	1083	129	263	241	252
6321	15	116	2862	944	1034	127	72	497
6322	9	13	2863	259	23	9	24	20
6323	136	116	27	25	21	100	20	462
6324	15	831	2864	409	21	520	20	244
6325	136	432	2865	409	21	520	20	244
6326	15	116	1809	896	130	127	72	462
6327	9	13	499	93	509	1180	16	32
6328	15	116	2866	907	130	535	20	476
6329	9	55	2867	1770	309	378	23	22
6330	9	13	2868	857	16	9	446	256
6331	9	13	126	102	81	9	836	20
6332	9	13	2869	1771	23	9	96	919
6333	9	13	1853	47	36	9	53	36
6334	9	828	856	259	23	1181	201	195
6335	9	13	856	1772	23	9	23	195
6336	9	13	2870	641	23	9	96	482
6337	669	27	2871	48	110	640	39	626
6338	15	503	1651	1641	939	1182	259	266
6339	9	832	35	31	23	9	24	34
6340	46	2	185	116	46	23	25	58
6341	9	13	2872	30	35	9	23	22
6342	14	758	2874	1773	315	688	565	920
6343	9	13	365	1255	1035	9	24	22
6344	15	116	2875	967	1036	1162	243	435
6345	9	55	100	895	549	1183	53	36
6346	178	442	2876	409	1037	127	232	231
6347	9	833	1478	641	23	9	96	482
6348	9	13	2877	65	1035	9	24	22
6349	9	13	115	1774	73	9	16	60
6350	178	442	1785	962	640	665	70	231
6351	46	45	67	30	46	9	96	273
6352	9	62	2878	30	23	9	23	22
6353	625	13	1255	30	324	9	250	143
6354	9	13	2879	502	23	9	774	921
6355	9	13	1822	76	23	95	23	922
6356	9	13	2880	122	23	9	24	34
6357	15	269	2881	976	181	263	72	252
6358	15	435	1297	1775	296	127	72	923
6359	15	268	488	227	1038	1184	72	135
6360	14	301	183	506	92	1185	39	15
6361	60	77	2883	78	369	17	634	15
6362	13	2	2882	575	75	17	634	1
6363	14	27	2884	48	92	1186	39	15
6364	26	263	2885	30	56	9	201	22
6365	15	487	2886	1776	577	18	496	351
6366	14	92	2887	1777	61	17	92	924
6367	14	99	2888	977	1039	1187	56	93
6368	173	77	181	24	610	17	39	533
6369	14	516	2889	1778	1040	17	39	109
6370	9	13	2890	1779	16	95	23	32
6371	9	13	2891	630	23	9	22	22
6372	670	13	1451	30	16	9	23	32
6373	12	2	2892	19	700	15	28	1
6374	56	198	2893	325	204	125	40	58
6375	333	36	2894	1712	23	34	96	480
6376	14	77	1836	853	20	649	39	15
6377	178	243	2895	1780	270	18	70	925
6378	3	3	3	1	3	1	4	926
6379	22	3	46	1	179	10	837	8
6380	2	2	2	27	77	31	122	927
6381	330	448	2896	10	9	817	9	7
6382	262	45	2897	363	432	7	47	58
6383	2	3	7	8	485	7	7	6
6384	6	3	20	131	486	93	271	19
6385	12	3	1231	235	28	1	156	29
6386	6	35	770	1	151	1188	124	1
6387	17	93	1232	20	8	485	4	2
6388	671	45	129	8	8	7	84	108
6389	95	1	1233	131	8	15	4	5
6390	21	9	635	334	197	10	4	54
6391	305	1	1226	12	475	10	7	399
6392	2	4	1234	27	1	10	98	6
6393	2	93	1235	12	146	69	3	122
6394	21	45	67	89	46	10	4	58
6395	672	1	229	12	8	93	4	928
6396	4	89	1542	12	8	10	4	2
6397	14	481	2898	80	110	17	153	15
6398	9	13	1625	1782	1041	624	519	929
6399	178	76	2899	883	236	737	505	930
6400	9	13	2901	30	72	9	23	195
6401	26	13	200	76	16	9	16	931
6402	2	82	1237	211	8	486	1	1
6403	277	4	1082	742	469	1	4	6
6404	6	102	10	86	7	1	61	55
6405	56	5	1238	11	487	487	415	1
6406	407	128	2902	36	11	26	14	8
6407	2	82	2903	91	70	1	63	1
6408	2	7	339	1	159	1	838	1
6409	4	133	321	213	151	488	416	1
6410	15	493	2904	1783	181	263	839	252
6411	15	271	348	274	406	18	467	351
6412	12	30	41	35	71	1190	28	28
6413	673	3	2905	305	3	1	4	3
6414	2	2	1239	1	1	1	271	29
6415	12	30	41	35	1042	1	28	28
6416	674	31	112	12	31	1	30	6
6417	493	3	3	1	3	1	4	932
6418	17	22	12	28	8	10	840	6
6419	6	3	129	100	83	1192	1	66
6420	13	18	24	20	18	1193	4	933
6421	2	2	2	12	8	7	841	12
6422	676	3	23	19	10	1	1	1
6423	2	82	135	8	4	867	842	2
6424	2	2	2	12	1043	7	15	12
6425	3	3	2907	1	3	1194	4	3
6426	6	3	2346	12	8	7	15	12
6427	46	45	2908	389	46	1	28	934
6428	2	1	58	6	38	1195	7	8
6429	2	82	2909	8	4	12	4	2
6430	1	1	1	1	1	1196	2	1
6431	2	835	74	12	8	7	15	12
6432	17	22	282	12	4	1197	5	127
6433	2	12	13	12	11	1198	843	8
6434	56	1	177	137	100	1	844	85
6435	2	1	2234	1784	38	29	7	8
6436	3	3	3	1	3	1199	4	3
6437	2	2	1003	131	4	1200	1	128
6438	2	82	135	1785	4	7	15	12
6439	2	4	74	12	8	1201	15	12
6440	2	22	368	42	31	1202	30	6
6441	2	22	368	42	31	28	30	935
6442	2	22	368	42	31	1203	30	6
6443	277	82	135	8	4	12	4	936
6444	164	192	129	100	83	1204	226	66
6445	13	31	112	22	31	1	30	6
6446	6	7	269	6	7	1205	1	1
6447	2	2	2	1786	77	10	68	2
6448	2	1	58	1787	38	29	7	8
6449	1	1	1	1	1	792	2	1
6450	56	837	177	137	100	1	845	85
6451	2	4	74	12	8	7	846	12
6452	94	838	336	208	7	122	132	1
6453	164	839	129	100	83	7	226	66
6454	21	4	92	8	8	1206	51	112
6455	13	18	24	1789	18	12	4	6
6456	2	3	603	219	38	120	4	937
6457	12	2	135	8	4	2	4	938
6458	12	2	135	8	4	1207	4	938
6459	2	82	135	8	4	12	4	939
6460	56	1	2	12	8	7	15	12
6461	2	4	74	350	8	7	15	12
6462	13	31	102	880	8	7	7	54
6463	677	3	129	100	83	1	1	66
6464	678	2	2	12	8	7	15	12
6465	99	147	353	1790	71	1	140	139
6466	13	31	129	1791	452	2	3	54
6467	13	18	24	20	18	12	756	6
6468	13	840	285	323	17	12	4	162
6469	20	3	2910	39	8	10	7	6
6470	3	3	2911	1	3	1	4	3
6471	12	841	284	200	140	15	40	1
6472	2	22	48	42	31	28	30	940
6473	2	195	2912	339	7	1	61	171
6474	2	3	7	8	8	7	7	941
6475	2	159	109	3	4	1208	1	2
6476	2	1	58	6	38	1209	7	8
6477	679	3	3	1	3	1	4	3
6478	2	9	2913	8	8	7	47	6
6479	2	2	169	1793	11	1	1	2
6480	2	82	135	8	4	12	848	2
6481	2	193	13	12	11	1	10	942
6482	1	1	1	1	1	1210	2	1
6483	56	3	362	131	8	1211	1	6
6484	2	82	135	8	4	1212	4	2
6485	6	4	10	2	4	1213	129	2
6486	2	131	944	1794	166	155	157	72
6487	2	4	74	1795	8	7	15	12
6488	280	31	2915	12	174	10	4	54
6489	164	192	129	100	83	1214	226	66
6490	6	3	2916	12	8	7	15	12
6491	2	22	48	42	1045	28	30	6
6492	22	3	46	1	11	1215	4	8
6493	2	842	74	12	8	7	15	12
6494	2	193	13	297	11	1	10	8
6495	2	193	13	12	11	1216	10	8
6496	22	3	2917	1	11	1215	4	8
6497	2	193	2918	12	11	1	10	8
6498	2	843	13	12	11	1	10	8
6499	56	252	443	1	71	1217	4	1
6500	13	3	2919	8	8	40	59	6
6501	12	2	2920	8	4	2	4	2
6502	13	3	2919	880	8	40	59	6
6503	13	3	2919	1220	8	40	59	6
6504	2	60	110	1796	70	1	214	1
6505	3	3	3	1797	3	1	4	3
6506	92	127	10	880	2	40	121	125
6507	13	18	2144	1269	18	12	4	6
6508	12	329	751	339	159	1	849	1
6509	12	844	135	8	4	2	4	2
6510	12	2	660	793	8	1	7	107
6511	2	22	368	1798	31	28	30	6
6512	451	22	282	12	4	114	5	127
6513	2	845	734	339	7	1	61	171
6514	680	1	58	6	38	29	7	8
6515	4	5	14	1799	5	1	5	4
6516	2	9	631	1800	4	10	4	6
6517	2	28	39	22	26	2	3	26
6518	681	2	2921	1	100	1	269	8
6519	6	3	1108	1801	83	1	1	66
6520	2	4	2922	12	8	7	15	12
6521	682	4	10	262	4	2	3	2
6522	6	3	2924	100	83	1	1	66
6523	12	3	23	19	10	1219	1	1
6524	2	33	2925	8	4	10	4	2
6525	2	82	865	349	265	1	4	943
6526	2	22	368	42	1046	28	30	6
6527	12	846	135	8	4	2	4	2
6528	2	193	13	22	11	1	10	8
6529	2	22	48	1804	31	28	30	6
6530	20	238	238	1805	2	10	17	51
6531	2	3	7	1806	8	7	7	6
6532	12	3	23	1807	10	1	1	1
6533	683	2	135	880	4	2	4	2
6534	22	3	46	381	11	10	4	8
6535	2	22	48	42	31	28	30	944
6536	1	1	1	1	1	465	2	1
6537	13	665	2928	1269	18	12	4	6
6538	2	33	1226	263	17	158	1	1
6539	2	82	219	477	1	1	93	1
6540	204	321	2930	1808	1047	451	4	1
6541	129	16	1059	594	361	1	2	945
6542	2	2	689	27	77	1220	122	2
6543	1	847	1	1	1	1	2	1
6544	12	2	2931	275	168	1	4	141
6545	2	127	20	880	2	40	121	125
6546	6	4	273	1809	134	103	28	31
6547	391	82	135	8	4	12	4	2
6548	6	4	10	1221	53	2	3	2
6549	2	16	162	108	11	54	3	946
6550	2	9	10	323	89	15	4	164
6551	7	218	2932	1810	100	1	4	947
6552	2	2	1226	414	46	7	15	12
6553	13	18	24	1811	18	12	4	6
6554	2	1	58	6	38	1221	7	948
6555	2	2	2	1812	77	10	68	2
6556	2	12	13	1813	1048	1	10	8
6557	56	1	2933	137	100	1	81	85
6558	2	22	2934	42	31	28	30	6
6559	2	848	223	12	26	2	3	26
6560	6	3	2	1291	8	7	15	12
6561	17	22	12	28	8	1222	7	6
6562	4	1	889	1814	46	1	28	8
6563	6	4	2935	12	137	2	4	6
6564	2	1	2234	89	46	29	7	58
6565	7	218	2936	131	100	1	4	142
6566	4	5	14	1815	5	1	5	4
6567	1	81	2937	1816	44	7	7	68
6568	56	1	2938	137	100	1	81	85
6569	17	22	282	1817	4	114	5	127
6570	684	1	58	6	38	1224	7	8
6571	2	137	110	1796	70	1	63	1
6572	4	2	140	112	44	1	851	68
6573	17	22	282	12	4	1225	5	127
6574	12	2	135	1818	4	2	4	2
6575	6	849	154	1	8	116	4	5
6576	56	2	728	1819	71	1	294	68
6577	685	18	24	20	18	12	4	6
6578	12	3	23	1820	10	1	1	1
6579	13	3	103	8	62	40	59	6
6580	2	28	2940	12	8	38	10	46
6581	20	3	1	12	134	409	852	72
6582	22	3	46	1	11	10	4	950
6583	686	89	244	12	8	10	4	2
6584	4	5	2942	4	5	1	5	4
6585	13	31	2943	8	8	7	7	54
6586	2	29	2944	1	5	220	27	27
6587	2	1	58	1826	38	29	7	8
6588	17	22	230	6	1049	29	7	8
6589	6	4	2945	12	137	2	4	6
6590	6	4	10	2	4	1227	3	2
6591	2	82	2947	8	4	12	4	2
6592	61	3	996	277	100	484	4	142
6593	6	3	1780	12	8	7	15	951
6594	6	4	10	2	4	2	3	952
6595	12	30	41	35	71	1	853	28
6596	20	238	2948	8	2	10	17	51
6597	689	82	135	8	4	12	4	2
6598	6	47	75	8	2	1230	4	1
6599	12	851	135	8	4	2	4	2
6600	12	30	2949	35	71	1	28	28
6601	4	413	304	1832	203	1229	1	1
6602	24	1	53	1833	34	896	28	31
6603	2	852	58	6	38	29	7	8
6604	6	35	2950	803	1052	10	7	76
6605	4	65	608	12	1	7	854	2
6606	4	89	2951	12	8	10	4	2
6607	17	22	12	1837	8	10	7	6
6608	2	1	2953	6	38	29	7	8
6609	13	31	739	1839	44	146	4	148
6610	692	16	2954	339	7	1	61	171
6611	2	2	2	12	8	1232	15	12
6612	4	2	2955	112	117	87	17	68
6613	4	2	140	112	44	1233	17	68
6614	12	2	135	1840	4	2	4	2
6615	12	2	135	1840	4	2	4	904
6616	2	16	20	793	8	1	7	19
6617	13	683	24	20	18	12	4	6
6618	3	3	2956	1	3	1	4	3
6619	3	3	3	1841	3	1	4	3
6620	56	853	1042	11	10	38	10	377
6621	3	854	3	1	3	1	4	3
6622	3	3	3	1	3	1	4	954
6623	2	855	135	8	4	12	4	2
6624	564	45	129	1218	8	7	84	108
6625	2	1	53	1842	1	1	28	133
6626	2	1	53	161	1	1	28	133
6627	3	3	3	1	3	1	207	3
6628	3	3	3	1	3	1235	207	3
6629	2	2	623	1	71	1	2	955
6630	2	2	2	12	8	1236	15	12
6631	693	120	1014	1	260	114	15	1
6632	2	1	58	6	1054	29	7	8
6633	2	856	2	12	8	7	15	12
6634	3	3	2957	1	3	1	4	3
6635	3	3	3	1	3	1237	4	3
6636	3	3	3	1	3	1238	4	3
6637	5	143	659	1843	1	1	116	1
6638	2	22	48	1844	31	28	30	6
6639	2	22	48	42	31	94	30	956
6640	56	198	2958	325	204	125	40	58
6641	694	143	659	229	1	1	116	1
6642	695	2	2959	112	44	1	17	68
6643	4	96	244	12	1055	10	4	2
6644	6	3	2	1845	8	7	15	12
6645	12	2	135	8	4	1239	4	2
6646	46	698	583	131	8	1	187	186
6647	3	3	3	811	3	1	4	3
6648	3	3	3	1	3	1240	4	3
6649	22	147	353	1847	71	1	140	139
6650	4	23	37	1848	8	22	7	19
6651	2	15	129	848	2	1242	3	2
6652	2	2	2	12	1057	7	15	12
6653	2	82	2960	8	4	12	4	2
6654	3	3	2961	1	3	1	4	282
6655	6	3	2	12	8	1243	15	12
6656	2	1	58	6	38	29	855	8
6657	6	3	2962	12	8	7	15	12
6658	698	45	1306	832	46	7	15	12
6659	6	3	2	12	8	7	15	957
6660	2	16	2555	246	229	155	194	2
6661	2	2	2963	131	1	125	4	128
6662	4	858	37	29	8	22	7	19
6663	2	1	58	6	1058	29	7	8
6664	6	3	2	12	245	7	15	12
6665	12	2	2964	8	4	2	4	2
6666	159	7	2965	223	71	1	4	958
6667	12	2	70	161	1	1244	4	163
6668	2	82	135	12	4	12	4	666
6669	6	102	10	12	8	7	91	2
6670	2	82	135	848	4	12	4	2
6671	4	96	244	12	8	1245	4	2
6672	12	3	23	44	1059	10	4	2
6673	6	3	2966	12	8	7	15	12
6674	2	15	18	12	1061	10	4	2
6675	56	860	2967	212	8	790	4	128
6676	2	9	83	8	8	7	220	959
6677	1	1	2968	1	1	1	2	1
6678	12	2	135	8	4	1246	4	2
6679	21	1	58	6	38	29	7	8
6680	6	3	2969	100	79	1	1	63
6681	13	31	750	246	359	324	7	6
6682	22	861	46	1	11	10	4	8
6683	17	3	75	8	2	1247	4	6
6684	12	211	341	228	54	429	183	1
6685	2	45	129	8	1064	7	84	108
6686	279	28	87	12	8	38	10	46
6687	2	2	2972	1	1	1	28	1
6688	12	30	41	35	71	1248	28	28
6689	2	7	333	12	1065	1	30	6
6690	2	863	135	27	1066	1	1	66
6691	2	1	2973	6	38	1249	7	8
6692	6	864	317	8	2	115	128	1
6693	700	22	160	28	8	21	7	6
6694	5	143	659	229	199	1238	116	1
6695	227	3	2974	629	385	1	93	1
6696	6	35	50	43	1	1250	4	30
6697	164	192	129	100	1068	7	226	66
6698	2	9	83	8	1	7	47	6
6699	56	1	177	137	1069	1	81	85
6700	6	1	2975	2	2	2	3	2
6701	2	7	84	1852	4	152	4	128
6702	56	253	2976	1853	8	85	93	6
6703	2	2	2977	12	8	7	15	12
6704	701	3	738	12	8	10	856	6
6705	13	866	2979	323	17	12	4	162
6706	2	2	1821	12	8	1251	15	12
6707	322	30	41	35	1070	1	28	28
6708	322	30	41	35	71	1252	28	28
6709	12	2	135	8	4	2	4	960
6710	322	30	41	35	71	1254	857	28
6711	2	1	58	6	38	29	7	961
6712	2	82	2980	91	70	1	63	1
6713	2	2	2981	12	8	7	15	12
6714	702	1	58	6	38	29	7	8
6715	2	1	58	6	1071	29	7	8
6716	2	1	58	6	1072	29	7	8
6717	12	2	135	8	4	1255	4	2
6718	2	2	2983	12	8	226	15	12
6719	6	3	2984	12	8	7	15	12
6720	12	2	135	8	4	1256	4	2
6721	6	867	2	12	8	7	15	12
6722	117	1	388	371	132	132	17	152
6723	2	2	2	12	8	1257	15	12
6724	348	2	2	12	8	7	15	12
6725	2	1	58	1854	38	29	7	8
6726	4	89	244	12	399	10	4	2
6727	2	2	2	12	793	7	15	12
6728	703	147	353	1	71	1	140	139
6729	2	868	13	12	11	1	10	8
6730	4	11	1084	1	1076	1	1	1
6731	2	1	2987	6	38	29	7	8
6732	2	1	58	6	38	29	7	950
6733	99	147	353	1856	71	1	140	139
6734	2	869	2	12	8	7	15	12
6735	2	16	942	676	44	1	1	5
6736	470	870	353	1	71	1	140	139
6737	2	1	58	1857	38	29	7	8
6738	6	3	1598	12	8	7	15	12
6739	2	82	2988	472	70	1	63	1
6740	99	147	2989	1	71	1	140	139
6741	6	871	154	1	8	1	28	5
6742	4	2	2990	1497	44	1009	17	68
6743	2	2	2	1859	8	7	15	12
6744	2	2	2	1860	8	7	15	12
6745	4	872	244	12	8	10	4	2
6746	3	3	3	465	3	1259	4	3
6747	2	1	58	1861	38	29	7	8
6748	4	1	572	1862	1077	15	18	1
6749	453	30	41	1863	71	1	28	28
6750	2	4	2992	12	8	7	15	12
6751	4	1	572	228	38	1260	18	1
6752	2	1	2993	6	38	29	7	8
6753	12	2	135	8	4	2	858	2
6754	3	3	2994	1	3	1	4	3
6755	3	3	3	1	3	1	268	3
6756	2	2	2995	27	77	31	122	2
6757	2	873	2190	42	31	28	30	6
6758	3	3	3	1	3	1	4	964
6759	211	874	633	321	1078	10	4	54
6760	2	1	2993	6	38	29	859	8
6761	2	9	10	1864	2	219	3	199
6762	6	139	204	12	8	10	4	2
6763	6	35	54	43	1	1261	4	30
6764	2	140	2996	1	1079	116	4	5
6765	4	293	1081	378	910	1	2	2
6766	6	3	2	12	8	7	860	12
6767	17	22	160	28	8	21	7	965
6768	2	1	58	6	1080	29	7	8
6769	2	82	2997	91	70	1	63	1
6770	22	3	2998	1	11	10	4	8
6771	17	3	75	8	2	1262	4	353
6772	706	133	2999	213	151	1	861	1
6773	2	1	58	1866	38	29	7	8
6774	12	3	23	1867	10	1	1	1
6775	4	210	1484	443	4	3	1	62
6776	12	875	41	649	1082	366	1	966
6777	79	1	864	607	360	1	270	83
6778	22	3	3000	1	11	10	4	8
6779	22	3	46	1	1083	10	4	8
6780	99	147	353	1	71	1	862	139
6781	708	18	3001	1868	1084	12	4	6
6782	2	876	3002	43	1	10	100	967
6783	13	877	3003	1869	18	1263	4	968
6784	20	3	738	1870	1085	361	7	6
6785	13	18	24	1872	18	12	4	6
6786	2	1	3004	1874	360	1264	270	83
6787	20	3	55	46	1	1	863	5
6788	117	878	388	18	201	132	17	58
6789	709	4	3005	12	1086	7	864	12
6790	22	879	46	1	1087	1265	865	8
6791	22	3	46	1	11	10	4	969
6792	6	35	3006	1875	71	1	866	24
6793	12	880	3007	1876	1088	1	867	970
6794	6	7	3008	1877	1089	5	868	971
6795	6	4	3009	1878	1090	1266	28	31
6796	710	881	3010	1	11	10	4	8
6797	711	18	3011	1879	18	12	869	6
6798	30	82	3012	8	50	1	44	40
6799	712	1	581	7	32	10	4	2
6800	22	3	3013	1	11	10	4	8
6801	6	882	10	2	2	2	3	2
6802	6	35	50	558	1091	10	15	2
6803	239	625	899	654	399	370	2	6
6804	20	3	42	292	1092	1	29	1
6805	2	12	13	12	11	1	10	972
6806	2	2	2	12	8	1267	15	12
6807	22	147	3014	231	71	129	143	140
6808	715	3	46	1881	11	10	4	8
6809	2	127	10	8	2	1268	121	125
6810	717	2	917	12	8	3	4	12
6811	22	3	46	1882	11	10	4	8
6812	12	2	3015	8	4	2	4	2
6813	2	45	3016	1883	11	1269	7	8
6814	4	82	341	1884	161	117	4	131
6815	2	4	74	12	8	383	870	12
6816	718	3	46	1	11	10	4	8
6817	2	4	3017	12	1093	7	15	12
6818	2	82	135	8	4	386	4	2
6819	2	82	135	8	4	1270	4	2
6820	719	172	3018	8	8	1271	84	344
6821	3	3	3	1	3	1	4	974
6822	2	12	3019	12	11	1	10	8
6823	720	3	46	1885	11	10	4	8
6824	1	1	1	1	1094	1	2	1
6825	2	12	13	12	11	1273	10	8
6826	6	3	2	1886	8	7	15	12
6827	22	662	352	231	71	1274	143	140
6828	12	30	41	1887	71	131	28	28
6829	12	2	1743	8	4	1275	4	2
6830	12	2	135	8	4	2	4	669
6831	6	3	2	1888	8	7	15	12
6832	3	883	3	1	3	1	4	3
6833	6	35	50	43	1	1276	4	30
6834	12	2	135	8	4	2	4	975
6835	12	2	3022	1345	4	2	4	2
6836	3	3	3	1889	3	1	4	3
6837	12	2	135	1890	4	2	4	2
6838	4	5	14	4	1096	1	5	4
6839	20	3	55	46	1	1	32	976
6840	4	5	14	4	5	1277	5	4
6841	1	1	1	1	1097	1	2	1
6842	4	5	14	4	5	182	5	4
6843	1	884	1	1	1	1	2	1
6844	1	1	1	14	1	1210	2	1
6845	4	885	14	4	5	1	5	4
6846	2	22	368	1892	31	28	30	6
6847	17	22	3025	28	8	10	7	6
6848	1	1	1	1	1	1	2	977
6849	1	1	1	1893	1	1	2	1
6850	1	1	1	1894	1	1	2	1
6851	1	1	3026	1	1	1278	2	1
6852	1	1	1	1	1	1	2	978
6853	1	1	1	1	1	1	871	1
6854	722	5	14	4	5	1	5	4
6855	1	1	3027	1	1	1	2	1
6856	20	3	3028	46	1	1	32	5
6857	4	89	244	12	1098	154	4	2
6858	17	22	3029	28	8	21	7	6
6859	4	23	3030	29	8	22	7	19
6860	46	61	89	1418	46	10	4	58
6861	113	65	1221	12	8	481	7	19
6862	12	3	284	200	1100	1	4	710
6863	56	3	362	131	8	85	1	742
6864	723	35	50	558	338	10	15	2
6865	2	4	74	12	8	1280	15	12
6866	12	2	70	56	43	1281	4	1
6867	6	404	303	131	145	30	3	2
6868	4	2	3031	112	44	1282	17	68
6869	4	96	244	1800	8	10	4	2
6870	2	29	40	477	1	15	28	8
6871	2	1	58	761	501	29	7	8
6872	2	2	3032	23	8	7	15	12
6873	725	2	689	12	8	7	15	12
6874	4	89	3033	12	8	90	4	2
6875	3	146	3	1563	3	1	4	3
6876	3	146	3	1899	3	1	4	3
6877	6	102	2186	1900	70	1	1	6
6878	6	102	3034	235	70	1	1	6
6879	17	22	160	1901	8	21	7	6
6880	17	22	3035	1901	8	21	7	6
6881	2	2	2	12	8	1283	15	12
6882	6	102	2186	235	70	1	1	979
6883	2	2	3036	12	8	7	15	12
6884	726	1	31	8	2	10	17	1
6885	3	3	3037	1	3	1	4	3
6886	56	1	177	137	100	1	81	980
6887	3	886	3	1	3	1	4	3
6888	2	887	110	91	70	1	214	1
6889	2	33	3038	8	4	10	4	2
6890	211	1	633	321	174	10	873	54
6891	56	1	3039	137	100	1	81	85
6892	2	2	2	1903	8	7	15	12
6893	2	2	2	12	8	1284	15	12
6894	727	2	3040	12	8	7	15	12
6895	2	2	3041	12	8	518	15	12
6896	6	888	75	1907	2	1285	4	1
6897	17	22	3042	28	8	21	7	6
6898	728	1	58	6	38	29	7	8
6899	3	3	3	1	3	1286	4	3
6900	3	3	3	1908	3	1	4	3
6901	22	3	46	1899	179	10	4	8
6902	729	2	135	8	4	2	4	2
6903	56	15	651	556	19	15	4	14
6904	12	2	135	1909	4	2	4	2
6905	6	3	2	12	8	1287	15	12
6906	2	2	3043	12	8	961	15	12
6907	12	889	135	8	4	2	4	2
6908	6	7	269	6	7	1288	1	1
6909	12	2	135	8	4	2	4	981
6910	2	890	223	12	26	2	3	26
6911	345	3	3	344	3	1	4	3
6912	2	82	135	1829	4	12	4	2
6913	3	891	3	1	3	1	4	3
6914	490	2	135	1218	4	2	650	2
6915	3	3	3044	1	3	1	4	3
6916	2	2	2	1611	8	7	15	12
6917	94	2	3045	208	7	122	132	1
6918	12	2	135	1910	4	2	4	2
6919	2	892	2	12	8	7	15	12
6920	56	893	177	137	100	851	81	85
6921	4	89	904	12	8	10	225	2
6922	730	3	3	1	3	1	4	3
6923	20	3	3046	46	1	1	32	5
6924	12	3	652	200	1102	15	40	1
6925	12	2	135	8	4	1289	4	2
6926	2	2	190	148	105	40	3	6
6927	6	3	2	12	8	215	15	12
6928	99	147	3047	1	71	1	140	139
6929	12	2	70	161	1	1192	4	163
6930	732	3	3	1	3	1	4	3
6931	12	2	3048	8	1103	2	4	2
6932	6	3	3049	12	8	7	15	12
6933	6	3	3050	12	8	7	15	12
6934	733	1	177	137	100	1	81	85
6935	4	894	3051	8	4	10	4	264
6936	2	9	3052	12	38	29	7	8
6937	56	1	177	137	100	1290	81	85
6938	734	47	75	954	2	1291	4	1
6939	1	1	3053	1	1	1	2	1
6940	2	82	865	349	1104	1	4	128
6941	2	1	58	1915	38	29	7	8
6942	12	2	135	8	4	1292	4	2
6943	200	61	67	89	46	40	59	58
6944	2	82	135	8	1105	7	15	12
6945	134	2	3054	35	71	1	189	28
6946	2	2	3055	131	11	342	1	2
6947	6	4	10	2	1106	2	3	2
6948	2	2	10	356	4	2	3	2
6949	30	82	548	8	50	1	44	983
6950	3	3	3	1	1107	1	4	3
6951	117	1	388	131	132	132	874	152
6952	6	79	154	1	8	186	28	5
6953	2	29	429	1916	5	220	27	27
6954	46	61	89	128	1074	1258	17	53
6955	2	1	58	1917	501	29	7	8
6956	4	23	37	1919	8	22	7	19
6957	21	158	361	11	70	1	875	1
6958	2	16	758	18	11	64	14	8
6959	436	2	135	8	4	2	4	2
6960	6	35	50	1920	1	10	876	30
6961	2	2	3058	12	8	7	15	12
6962	6	11	3059	11	10	1	1	1
6963	2	2	2	12	8	1294	15	12
6964	4	2	88	12	8	1	838	8
6965	2	2	241	8	1108	1	1	108
6966	17	22	3061	28	8	119	130	6
6967	17	22	3062	28	8	10	7	6
6968	2	2	2	1921	8	7	15	12
6969	6	35	1061	43	449	10	384	30
6970	12	897	3063	8	4	2	4	2
6971	2	4	3064	325	8	7	877	6
6972	2	16	20	1922	11	1295	878	8
6973	736	898	3065	1	145	10	7	984
6974	20	899	3066	292	1110	1	29	985
6975	2	82	3067	8	4	12	4	2
6976	345	3	3	465	3	1	4	3
6977	6	900	2	12	8	7	15	12
6978	2	3	3068	35	71	1	28	28
6979	6	3	3069	12	8	7	15	12
6980	13	3	3070	8	8	40	59	6
6981	2	4	3064	325	8	7	7	6
6982	13	3	3071	8	8	40	59	6
6983	2	2	2	12	8	1296	15	12
6984	17	22	160	1923	8	21	7	6
6985	17	22	1203	6	460	29	7	8
6986	22	3	46	1924	11	10	4	8
6987	2	1	3072	89	46	29	7	58
6988	6	47	75	1925	2	32	4	1
6989	17	22	160	1926	8	21	7	6
6990	738	2	2	12	8	7	15	12
6991	2	2	2	12	1111	7	15	12
6992	2	4	74	12	8	7	879	12
6993	56	2	728	349	71	1	880	986
6994	13	31	43	1927	8	10	4	6
6995	2	127	335	1928	2	2	121	125
6996	6	2	749	282	138	103	28	2
6997	22	3	46	1929	179	10	4	8
6998	2	643	3073	6	38	29	881	8
6999	12	2	3074	8	4	2	4	2
7000	2	28	3075	12	1112	38	10	46
7001	20	82	135	8	4	12	4	2
7002	1	1	1	1	1	1	882	1
7003	6	4	10	2	4	10	129	987
7004	2	16	3076	131	8	1	7	19
7005	2	3	40	361	656	1	61	1
7006	2	4	3078	8	2	31	4	73
7007	1	1	3079	1	1	1	2	1
7008	4	5	3080	4	5	1	5	4
7009	6	140	154	1524	8	116	4	5
7010	2	172	129	8	8	7	84	193
7011	6	4	10	2	53	2	3	988
7012	20	75	633	702	1	10	278	2
7013	6	35	54	1930	1	10	4	30
7014	3	3	3	1931	3	1	4	3
7015	3	3	3	1	3	1297	655	3
7016	17	22	3081	6	38	29	7	8
7017	12	1	751	1932	159	1	2	1
7018	2	1	58	6	38	1241	7	8
7019	6	903	770	1	151	165	124	1
7020	2	1	388	332	132	1	17	152
7021	2	1	3082	761	38	29	7	8
7022	2	904	1123	8	8	2	884	2
7023	117	1	3083	131	132	132	17	152
7024	6	3	2	12	8	1298	15	12
7025	2	45	658	349	1113	15	4	107
7026	2	905	83	8	8	7	47	6
7027	2	1	58	1933	38	29	7	8
7028	2	3	7	8	8	7	885	6
7029	2	2	241	8	8	1	886	108
7030	4	1	572	228	38	1299	18	1
7031	3	3	3	1	3	1300	4	3
7032	4	133	321	213	151	1301	124	1
7033	2	93	1361	12	8	1302	887	2
7034	13	31	112	12	31	1	888	6
7035	2	4	109	3	4	3	1	989
7036	6	35	3084	8	2	10	4	2
7037	12	30	3085	35	27	10	28	28
7038	2	2	3086	12	183	7	15	12
7039	2	906	58	366	38	29	889	8
7040	13	3	75	829	8	40	59	6
7041	17	907	12	28	8	10	7	6
7042	117	1	388	1934	132	132	17	152
7043	2	4	3087	8	8	7	47	6
7044	20	908	37	3	4	10	4	62
7045	56	1	3088	137	100	1	81	85
7046	6	35	1243	43	1	1303	4	30
7047	2	2	3089	12	8	7	15	12
7048	2	2	2	12	8	1304	15	12
7049	6	909	2	12	8	7	15	12
7050	6	3	2	1937	8	7	15	12
7051	2	15	3090	12	13	10	4	2
7052	3	3	3	1	3	1305	4	3
7053	2	2	2	12	8	989	15	12
7054	2	2	2	1800	8	7	15	12
7055	2	5	49	12	1114	1	3	990
7056	6	35	317	8	2	1306	128	1
7057	22	147	3091	231	71	256	143	140
7058	4	23	30	29	8	1307	7	19
7059	2	82	3094	91	70	1	63	991
7060	12	120	1014	470	260	114	15	1
7061	2	15	2054	8	1116	59	3	2
7062	4	82	327	217	1	1308	3	1
7063	13	31	3095	38	8	10	4	6
7064	3	146	3096	1	3	1	4	3
7065	90	1	316	131	1	1	891	128
7066	22	3	3097	1	11	10	4	8
7067	2	1	74	12	8	1309	15	12
7068	4	1	3098	228	38	15	18	1
7069	2	127	335	1052	2	2	121	125
7070	2	2	2	1939	8	7	15	12
7071	20	75	238	8	2	10	17	993
7072	6	3	2	12	8	1310	892	12
7073	739	5	167	577	7	15	4	1
7074	12	2	70	161	1	1	893	133
7075	2	127	3099	8	2	40	121	125
7076	2	910	58	6	38	29	318	8
7077	2	82	110	91	70	1	894	1
7078	2	1	74	12	8	7	3	12
7079	12	3	23	19	1117	1	1	1
7080	17	151	12	28	262	10	7	6
7081	310	2	2	12	8	7	15	12
7082	724	3	1024	8	11	40	59	6
7083	740	1	572	228	1118	15	18	1
7084	2	127	335	8	2	2	895	125
7085	6	2	3100	8	138	103	28	2
7086	2	4	109	3	4	3	896	2
7087	12	911	135	8	4	2	4	2
7088	5	143	659	229	1119	1	116	1
7089	2	1	3101	1940	38	29	7	8
7090	2	16	2434	131	8	1	7	19
7091	741	3	46	1	11	10	4	8
7092	2	4	3102	12	8	7	15	12
7093	2	28	3103	12	8	90	4	46
7094	2	2	689	27	77	10	68	2
7095	438	16	20	1	11	64	14	8
7096	2	4	74	299	1120	7	15	12
7097	6	912	269	6	7	5	1	1
7098	2	1	58	1943	38	29	7	8
7099	742	2	70	161	1	1311	4	163
7100	56	913	3104	12	71	1	4	68
7101	95	6	3105	1944	71	10	181	1
7102	6	35	50	43	1	10	4	994
7103	6	4	14	4	5	40	897	53
7104	5	3	3106	86	7	1	898	55
7105	2	3	7	8	8	7	899	6
7106	4	1	581	1945	32	10	4	2
7107	2	366	74	12	8	1312	15	12
7108	4	3	284	200	140	1313	4	1
7109	4	1	52	131	173	125	151	53
7110	2	2	2	12	8	7	900	12
7111	2	1	58	6	38	29	901	8
7112	2	914	20	1	11	64	14	8
7113	3	3	3107	1	3	1	4	3
7114	744	45	794	6	38	228	28	8
7115	2	1	3109	6	38	29	7	8
7116	6	3	2	12	8	1314	15	12
7117	2	2	3110	12	8	1315	15	12
7118	20	75	238	8	2	10	902	51
7119	2	1	58	6	38	29	7	995
7120	2	2	2	1951	8	7	15	12
7121	746	1	58	6	38	29	7	8
7122	3	3	3112	1	3	1	4	3
7123	6	147	3113	1	71	1	140	139
7124	2	28	223	12	1121	2	3	26
7125	2	2	2	12	8	1316	15	12
7126	2	1	3114	6	38	29	7	8
7127	2	918	58	6	38	29	7	8
7128	2	919	2	12	8	7	15	12
7129	4	89	3115	12	8	10	4	2
7130	4	9	2170	8	2	442	3	125
7131	2	15	129	1953	2	399	3	2
7132	12	30	41	35	1122	10	28	28
7133	747	2	2	12	8	7	15	12
7134	2	444	169	131	11	1	1	2
7135	4	96	196	12	8	10	4	2
7136	29	920	71	57	44	31	40	38
7137	6	246	1869	1	1123	1	61	1
7138	107	716	12	28	8	10	7	6
7139	17	22	160	1954	8	21	7	6
7140	22	147	352	231	71	2	903	140
7141	334	12	13	12	11	1	10	8
7142	4	89	244	12	8	1317	4	2
7143	2	28	87	12	1124	38	10	102
7144	20	3	42	292	1125	1	29	1
7145	4	23	30	29	8	1318	7	19
7146	6	921	2	12	8	7	15	12
7147	748	2	2	12	8	7	15	12
7148	2	65	676	94	8	3	1	62
7149	2	1	3116	1955	38	29	7	8
7150	4	23	37	1956	8	22	7	19
7151	17	22	3118	28	8	21	7	6
7152	61	209	3119	378	1	10	181	182
7153	6	35	158	8	2	1319	4	996
7154	17	22	12	28	8	10	7	997
7155	4	23	30	29	1126	22	7	998
7156	2	1	3120	12	174	10	4	54
7157	39	63	37	94	11	38	904	8
7158	2	1	58	6	1127	29	7	8
7159	2	127	335	1351	2	2	121	125
7160	2	16	20	131	8	15	28	313
7161	13	31	102	8	1128	7	7	54
7162	6	922	2	12	8	7	15	12
7163	3	923	3	1	3	1	4	3
7164	12	30	984	35	71	1	28	28
7165	12	30	3121	35	71	1	28	28
7166	12	3	23	19	1129	1	1	1
7167	749	143	2416	229	1	1	116	1
7168	2	2	2	12	8	7	905	12
7169	2	16	20	131	1130	1	7	19
7170	2	4	109	1958	4	3	331	2
7171	2	2	2	12	8	1321	15	12
7172	2	924	2	12	8	1322	15	12
7173	2	2	2	12	8	1320	15	12
7174	12	30	41	35	71	131	28	999
7175	3	925	3	1	3	525	4	3
7176	3	926	3	1	3	1	4	3
7177	12	2	3122	8	4	988	4	2
7178	1	1	1	1	1	1323	2	1
7179	2	1	58	6	1131	29	7	662
7180	2	9	83	8	8	7	907	6
7181	2	4	74	12	8	1324	15	12
7182	200	61	3124	89	46	5	1	58
7183	2	22	3125	42	31	28	30	6
7184	76	112	3126	1	38	1	40	1
7185	6	3	2179	12	8	7	15	12
7186	6	922	3127	12	8	7	15	12
7187	3	3	3	391	3	1325	4	3
7188	117	1	388	1960	132	132	17	152
7189	4	1	572	228	38	1326	18	1
7190	4	1	572	228	38	1326	18	1000
7191	3	3	3129	1	3	1	4	3
7192	6	4	110	12	137	1328	4	6
7193	2	2	2	12	8	7	908	12
7194	2	2	2	299	8	1329	192	12
7195	2	2	3130	397	8	7	192	12
7196	12	2	135	748	4	2	4	2
7197	6	3	2	12	8	7	15	1002
7198	3	3	3	1	3	1330	4	3
7199	2	2	3131	12	1133	7	15	12
7200	6	3	123	1961	79	1	1	63
7201	2	82	3132	848	4	12	4	2
7202	3	927	3	1	3	1	4	3
7203	2	3	7	8	8	1331	7	6
7204	12	45	67	563	46	197	2	273
7205	56	201	3133	1	1	15	28	8
7206	12	30	358	235	1134	1	149	1
7207	1	1	1	1	1	551	2	1
7208	2	4	3134	71	55	7	7	6
7209	2	3	3135	1	1	1	1	1
7210	2	2	2	543	1136	10	15	2
7211	56	1	177	137	100	1332	81	85
7212	12	928	3136	8	4	1333	909	2
7213	20	4	3137	3	4	10	4	62
7214	3	3	3138	1	3	1	4	3
7215	2	28	3139	12	26	2	3	26
7216	2	1	3141	366	38	29	7	8
7217	2	28	87	370	8	38	10	46
7218	2	2	2	1964	1137	7	15	12
7219	2	28	87	12	8	1334	10	46
7220	3	3	3	1	3	1335	4	3
7221	2	28	87	23	8	38	10	46
7222	6	47	75	8	2	1336	4	1
7223	5	143	2416	1965	1	1337	116	1
7224	2	31	87	12	8	38	10	46
7225	2	28	3142	12	8	38	10	46
7226	2	28	87	12	8	38	10	1003
7227	2	28	3143	12	8	38	10	46
7228	750	4	3144	1516	8	491	15	12
7229	3	3	3	1	3	1282	4	3
7230	94	2	336	208	7	1165	132	1
7231	2	1	3145	1966	10	1	148	1
7232	17	22	230	1967	38	29	7	8
7233	751	79	154	1968	8	1	28	5
7234	12	2	3146	8	4	2	4	2
7235	2	9	10	1969	186	15	4	8
7236	3	3	3	1	3	1	4	1004
7237	21	32	3147	39	29	1338	4	24
7238	2	7	3148	228	38	15	40	1
7239	2	4	281	8	8	7	910	6
7240	2	1	1057	1970	17	1	17	152
7241	281	31	102	8	8	7	7	54
7242	2	2	2	12	8	1339	15	12
7243	571	3	254	131	8	1340	28	8
7244	752	3	3	1	3	1	655	3
7245	2	930	3149	8	735	12	4	2
7246	6	931	10	235	70	1	1	6
7247	5	143	659	229	1138	1	116	1
7248	22	3	46	1	11	10	911	8
7249	2	22	379	1974	31	28	30	6
7250	17	22	12	28	8	10	912	6
7251	753	133	321	1975	151	1	124	1
7252	2	82	135	8	4	12	913	2
7253	12	2	135	8	4	2	4	1005
7254	2	60	110	1976	70	1	320	1
7255	2	2	3152	12	8	7	15	12
7256	2	2	2	1978	8	7	15	12
7257	6	3	2	12	8	7	15	1008
7258	17	22	12	1979	8	10	7	6
7259	754	22	48	42	827	28	30	6
7260	6	129	269	6	7	5	1	1
7261	6	3	3154	12	8	1342	15	1009
7262	4	65	3155	12	8	7	15	2
7263	6	3	2	12	465	7	15	12
7264	2	15	3156	246	166	155	4	382
7265	2	127	1368	8	1139	85	93	6
7266	99	147	353	1	71	577	140	139
7267	3	3	3	1980	3	1	4	3
7268	2	45	67	1981	38	29	7	58
7269	12	933	684	228	348	10	283	1
7270	17	22	3157	28	8	10	7	6
7271	12	2	135	1983	4	1343	4	1011
7272	5	143	3159	1984	199	1344	116	1
7273	61	209	608	378	1007	10	181	182
7274	6	4	110	278	137	2	4	6
7275	17	22	12	12	8	21	890	6
7276	2	4	74	12	916	1345	15	12
7277	13	31	3160	309	8	7	7	54
7278	164	192	129	1985	83	7	226	66
7279	755	82	135	8	77	12	4	2
7280	2	61	3124	89	46	29	7	8
7281	3	3	3161	1	3	1	4	3
7282	2	1	3162	6	38	29	7	8
7283	2	2	3163	12	8	7	15	12
7284	2	22	48	42	31	1346	30	6
7285	2	1	58	6	38	29	915	8
7286	756	376	41	35	71	1	4	139
7287	2	81	1180	242	1140	280	7	8
7288	204	321	3164	131	8	1	7	19
7289	2	1	58	6	1054	29	7	58
7290	6	3	129	1986	83	424	1	66
7291	22	147	352	1987	71	256	143	140
7292	757	4	3166	12	1141	7	15	1012
7293	2	4	3167	12	8	7	15	12
7294	17	22	160	28	8	1347	7	1013
7295	12	935	135	1988	1142	2	4	2
7296	94	2	3168	208	1143	122	132	1
7297	2	2	3169	1	100	1	269	8
7298	94	2	3170	208	7	122	132	1
7299	94	936	3171	208	7	122	132	1014
7300	758	1	58	6	38	29	7	8
7301	17	22	3172	1989	8	10	7	6
7302	2	82	3173	8	4	12	4	2
7303	2	4	3175	12	127	99	4	6
7304	2	1	58	1991	38	29	7	8
7305	2	16	774	1992	11	327	4	128
7306	759	2	2	12	8	7	15	12
7307	20	2	3176	1043	260	114	15	1
7308	21	9	47	1994	8	1	4	381
7309	2	2	2	12	1146	7	15	12
7310	3	3	3	1	3	1348	917	1016
7311	2	937	3177	12	8	1349	15	12
7312	3	938	3178	1	1147	1	4	1017
7313	12	939	3179	1995	4	2	4	1018
7314	4	1	3180	1996	146	38	10	1
7315	12	2	3181	282	4	2	4	2
7316	760	1	58	6	38	29	7	8
7317	2	2	2	12	8	1350	15	12
7318	12	2	660	131	8	1351	7	107
7319	2	2	1379	12	8	7	15	12
7320	2	2	2	12	8	1352	15	12
7321	2	2	2	12	8	1353	15	12
7322	2	2	2	12	8	1354	15	12
7323	2	2	2	2000	8	1354	15	12
7324	12	2	2165	8	4	1355	4	2
7325	2	2	2	12	8	1356	15	12
7326	2	1	3182	6	38	29	7	8
7327	2	2	2	12	8	383	15	12
7328	2	3	399	848	8	7	7	6
7329	12	30	41	2001	71	1	28	28
7330	140	2	2	12	8	7	15	12
7331	13	179	285	323	17	1357	4	162
7332	17	22	3183	28	8	21	7	6
7333	17	22	282	12	4	114	918	127
7334	2	47	75	8	2	1358	4	1020
7335	2	2	1379	2002	8	7	15	12
7336	6	47	75	2003	2	32	4	1
7337	6	3	2	1190	8	7	15	12
7338	2	1	58	6	38	1359	7	8
7339	763	3	3	1	3	1	4	3
7340	6	3	2	12	8	195	15	12
7341	2	2	1240	438	8	1	28	8
7342	2	28	87	12	287	38	920	46
7343	6	3	2	1614	8	7	15	12
7344	4	35	1	805	8	1	4	29
7345	31	768	3185	1646	526	1360	457	451
7346	6	4	3186	4	5	40	4	53
7347	2	159	109	2004	4	833	1	2
7348	2	3	7	290	69	7	7	164
7349	4	1	156	2005	44	31	40	38
7350	279	82	135	8	4	7	15	1
7351	2	942	2	12	8	7	15	12
7352	487	1	41	35	27	10	28	28
7353	29	3	3187	123	78	31	40	1
7354	9	943	419	260	1148	514	429	417
7355	9	13	2175	30	555	9	24	477
7356	14	77	181	121	1149	17	251	109
7357	765	76	3188	409	236	263	921	266
7358	616	944	3189	1644	92	70	56	1022
7359	2	1	53	1	34	1	417	31
7360	13	31	75	8	2	10	4	125
7361	17	22	3190	94	11	40	51	1
7362	2	2	3191	131	11	1	1	2
7363	56	3	362	131	8	85	1	1023
7364	4	4	752	2006	11	107	922	83
7365	2	2	1242	12	8	7	15	12
7366	30	46	226	43	50	1361	44	40
7367	15	230	3192	274	129	18	230	227
7368	13	31	49	12	174	1362	4	54
7369	7	3	152	2007	78	484	4	1
7370	6	35	1243	43	1	10	4	30
7371	13	56	3193	2008	10	40	59	5
7372	13	56	3194	123	78	40	59	1
7373	13	2	3195	2009	46	31	122	2
7374	9	37	1245	30	56	492	134	1024
7375	9	13	82	30	1150	9	46	42
7376	9	13	856	2010	23	9	23	195
7377	9	528	520	244	66	9	16	32
7378	46	45	2901	30	72	9	23	195
7379	9	275	3197	30	56	539	249	246
7380	9	13	3198	65	1151	594	923	49
7381	26	13	3199	122	51	9	24	34
7382	9	945	448	30	56	539	22	222
7383	331	13	3200	47	370	9	924	1025
7384	9	13	3201	30	23	9	46	42
7385	534	88	1360	136	46	9	23	1
7386	9	88	1360	136	46	9	23	1
7387	26	13	3202	122	23	9	925	34
7388	9	13	283	88	68	9	926	57
7389	9	24	1504	62	543	590	23	36
7390	26	13	929	630	23	9	22	34
7391	9	13	3203	2012	23	1363	927	1026
7392	766	45	996	90	69	526	23	1027
7393	9	13	3204	65	23	9	23	49
7394	26	13	3205	65	23	9	551	34
7395	225	37	3206	626	386	9	325	49
7396	9	13	67	389	46	9	22	1
7397	9	13	150	2013	23	56	928	20
7398	13	61	67	193	46	1364	45	1028
7399	767	13	225	93	66	9	16	32
7400	9	263	2832	30	66	9	22	22
7401	13	2	67	129	46	9	929	58
7402	9	13	3207	541	1152	1365	23	1029
7403	9	13	3209	93	66	9	16	32
7404	26	58	3210	88	68	9	53	57
7405	13	2	67	389	46	1364	45	164
7406	26	13	89	71	16	9	105	32
7407	9	24	3211	30	957	9	22	22
7408	9	263	460	30	56	9	22	1030
7409	26	13	200	342	16	9	105	58
7410	9	13	929	2016	389	9	930	473
7411	9	13	3212	482	269	9	38	22
7412	9	109	232	2017	56	9	24	22
7413	9	13	1423	65	23	9	492	43
7414	9	13	873	237	23	9	931	34
7415	9	40	3213	2018	23	9	36	1031
7416	9	13	872	641	392	9	23	1032
7417	9	13	460	30	56	9	932	1033
7418	9	946	3214	50	1153	1366	933	1034
7419	354	263	3216	30	288	9	471	143
7420	9	13	873	237	23	9	934	34
7421	768	45	67	389	46	9	24	1
7422	9	13	1490	2020	23	9	487	34
7423	9	13	225	93	1154	9	24	348
7424	9	13	926	30	23	1367	16	32
7425	9	236	427	2021	72	9	96	22
7426	9	13	1471	2022	23	9	477	479
7427	9	13	1516	122	561	1368	935	34
7428	769	13	871	640	23	9	24	34
7429	9	37	57	47	36	9	53	1036
7430	222	350	3218	625	23	9	323	328
7431	9	13	3219	65	51	34	45	41
7432	9	53	3220	65	23	9	46	78
7433	9	13	1450	30	384	9	332	336
7434	770	13	432	30	56	9	201	22
7435	46	45	67	389	23	9	23	1
7436	26	13	200	2023	16	9	105	32
7437	9	45	67	2024	46	9	23	273
7438	9	13	2880	2026	23	9	937	34
7439	9	13	522	619	23	1369	255	256
7440	9	37	3222	906	240	9	475	1037
7441	9	13	3223	65	23	9	771	449
7442	9	13	3224	498	56	9	244	57
7443	9	55	491	497	294	265	204	143
7444	9	13	96	502	23	9	246	57
7445	9	13	3225	69	23	267	71	195
7446	771	36	505	30	72	9	96	22
7447	9	24	35	31	23	9	520	22
7448	9	13	82	66	1155	9	46	42
7449	9	36	505	647	16	9	22	20
7450	9	53	166	65	23	1370	46	78
7451	9	13	3226	244	56	9	239	57
7452	9	947	505	30	72	9	96	22
7453	772	45	67	563	46	9	24	273
7454	9	263	3227	2027	66	9	22	22
7455	9	263	3228	76	288	56	204	143
7456	9	13	3229	76	23	9	23	22
7457	9	948	457	482	269	9	38	22
7458	9	17	21	17	16	9	16	105
7459	9	37	3230	30	56	9	938	246
7460	9	13	3231	2028	309	9	22	22
7461	9	45	2338	389	46	9	96	1
7462	9	13	1719	999	16	9	446	256
7463	534	236	720	563	46	9	96	22
7464	9	13	3232	66	23	9	46	42
7465	9	13	2789	244	56	9	22	246
7466	9	13	128	237	23	9	23	43
7467	534	526	1451	30	46	9	46	1
7468	9	13	116	62	621	9	53	36
7469	222	350	3233	625	23	9	323	328
7470	9	13	3234	2029	66	9	16	32
7471	97	13	3235	13	666	9	23	138
7472	9	236	427	30	72	9	939	22
7473	9	13	2338	389	46	9	600	1
7474	9	13	3236	13	12	9	11	9
7475	9	13	460	2030	23	1371	38	20
7476	26	13	1270	257	497	9	23	49
7477	625	13	3237	2031	1156	9	250	143
7478	9	275	520	30	1157	539	249	246
7479	26	58	107	88	68	9	53	1038
7480	9	13	3238	88	68	9	53	57
7481	9	13	522	619	23	1372	255	256
7482	9	13	3239	93	66	9	16	32
7483	9	13	3240	2032	567	9	446	1039
7484	26	13	96	2033	23	9	940	532
7485	26	13	945	30	1158	9	23	352
7486	9	13	82	30	23	1373	46	42
7487	9	523	3241	1011	23	9	23	22
7488	9	263	1514	30	56	95	38	246
7489	773	13	200	76	16	9	105	32
7490	26	275	520	30	23	9	23	1041
7491	9	13	817	617	753	1374	239	57
7492	9	13	460	2034	56	492	134	1042
7493	9	13	3242	93	66	9	16	32
7494	13	61	67	193	46	395	354	164
7495	330	448	3243	850	9	395	354	7
7496	774	448	1333	850	9	395	354	7
7497	46	45	67	316	69	395	533	58
7498	46	338	956	116	89	395	354	58
7499	13	3	152	123	78	395	354	1
7500	330	338	1347	10	9	395	354	7
7501	20	67	3244	10	46	817	9	1
7502	330	338	956	116	46	817	9	58
7503	110	175	2813	304	1159	8	9	58
7504	46	45	67	389	46	395	533	1
7505	14	481	3245	48	110	17	39	15
7506	14	591	181	24	722	17	941	646
7507	42	80	1350	822	321	65	56	232
7508	14	80	3246	873	315	688	565	831
7509	14	949	159	113	95	1375	942	15
7510	15	950	3247	2035	1160	127	72	1043
7511	136	432	412	980	21	520	20	244
7512	14	27	1296	822	503	17	76	50
7513	14	951	512	146	92	17	251	15
7514	42	27	170	48	1161	17	39	15
7515	60	77	471	488	281	261	236	1044
7516	14	27	3248	2036	1162	17	944	1045
7517	14	953	3249	2037	503	17	39	15
7518	14	249	441	58	1163	17	39	15
7519	14	27	367	2038	1164	17	39	15
7520	14	27	1671	48	92	17	39	15
7521	54	86	3250	24	92	17	39	15
7522	14	80	512	146	92	1376	251	15
7523	14	249	3251	58	92	17	39	15
7524	14	27	367	254	178	339	39	15
7525	42	72	170	2039	139	17	39	15
7526	54	86	173	24	42	1377	39	15
7527	33	27	367	123	78	17	56	1
7528	42	27	3252	111	534	17	39	455
7529	178	442	1489	681	129	18	230	227
7530	14	27	3253	80	574	17	89	15
7531	775	2	3254	110	87	74	39	58
7532	33	27	367	80	315	17	56	428
7533	21	45	67	2041	46	540	56	58
7534	181	954	544	409	273	1378	70	249
7535	14	163	366	48	176	580	153	149
7536	42	3	1430	168	46	17	76	50
7537	13	3	152	123	78	17	56	1
7538	15	432	1291	25	1165	520	20	244
7539	383	283	3255	2042	181	643	72	1046
7540	42	27	553	121	1166	17	39	15
7541	13	3	367	123	315	17	56	1
7542	14	80	234	78	120	17	39	1047
7543	15	277	509	409	273	18	945	231
7544	46	61	1572	78	17	60	56	15
7545	15	580	1927	1134	672	1380	570	1048
7546	38	61	89	134	46	98	103	87
7547	14	27	367	254	78	1381	39	1
7548	46	61	956	116	89	100	506	58
7549	13	3	152	123	78	17	56	428
7550	13	3	152	123	78	17	41	1
7551	42	957	170	2044	110	17	39	15
7552	15	363	2815	409	17	556	545	58
7553	15	363	503	1776	577	18	496	351
7554	14	77	1836	168	46	683	39	15
7555	15	76	3258	274	254	236	213	205
7556	14	27	201	144	92	17	82	245
7557	14	27	3262	2047	92	17	39	1050
7558	185	284	530	521	312	100	72	340
7559	14	960	3245	389	46	17	943	1
7560	14	27	1482	918	1167	17	39	484
7561	14	77	187	78	104	43	56	1051
7562	178	272	503	409	273	18	949	243
7563	14	481	3264	78	25	1078	950	1052
7564	46	45	67	389	46	1383	39	1
7565	15	116	3265	967	1036	1162	243	435
7566	14	27	38	487	110	23	82	15
7567	46	61	956	116	46	65	56	58
7568	14	74	956	114	46	53	41	15
7569	14	27	179	110	87	52	56	58
7570	13	2	67	121	92	17	75	15
7571	133	274	2060	111	110	17	56	15
7572	178	76	496	501	295	18	70	1055
7573	14	27	3269	58	45	17	41	15
7574	14	301	183	2050	92	17	39	15
7575	14	97	159	113	95	1384	41	1056
7576	13	2	3272	353	69	17	41	58
7577	13	2	3272	48	69	17	41	58
7578	14	961	1836	853	20	731	951	15
7579	42	94	3273	2051	42	70	952	1057
7580	14	342	2795	1154	110	17	82	15
7581	14	342	3274	1154	110	17	82	15
7582	173	27	476	608	284	1385	56	269
7583	14	57	104	2052	63	17	60	15
7584	52	80	165	48	37	17	39	15
7585	782	962	1331	48	110	70	82	1058
7586	178	272	3275	409	273	18	953	243
7587	47	76	145	2053	90	55	72	81
7588	783	76	145	389	46	55	72	1
7589	14	80	3276	146	92	17	144	15
7590	15	148	3277	978	273	18	70	231
7591	178	272	503	409	273	18	953	243
7592	60	77	187	78	369	17	955	15
7593	14	964	36	32	24	23	154	23
7594	14	77	3278	24	92	17	19	15
7595	14	465	3279	24	92	17	39	15
7596	785	61	89	71	46	683	39	2
7597	14	72	159	421	110	1386	39	15
7598	14	342	3249	2037	503	17	39	15
7599	14	27	1646	178	125	98	41	1059
7600	42	27	170	48	1170	70	82	15
7601	28	45	67	487	46	74	39	1
7602	469	27	366	48	176	580	153	149
7603	14	44	3280	2055	779	68	101	106
7604	42	84	170	160	1171	1387	56	15
7605	786	2	2883	575	75	17	634	15
7606	54	86	3281	2056	42	17	39	15
7607	14	101	1510	156	109	1388	461	1060
7608	14	101	1510	156	109	1388	461	50
7609	14	27	1386	873	534	17	39	1061
7610	14	27	68	2057	1172	17	39	15
7611	136	226	412	25	21	535	72	1062
7612	14	27	3285	24	1173	17	39	15
7613	14	45	1430	389	46	17	39	1
7614	13	2	3286	563	46	65	56	15
7615	15	966	458	274	129	18	230	227
7616	173	27	1261	78	178	17	39	15
7617	42	80	1350	24	92	1389	39	15
7618	14	455	179	139	86	52	56	87
7619	15	142	1990	521	1175	1390	603	231
7620	14	967	3288	196	17	17	41	1063
7621	54	86	173	24	123	17	39	1064
7622	15	116	27	25	21	100	20	16
7623	15	593	1985	227	640	737	505	585
7624	14	968	3289	156	109	1391	957	50
7625	14	481	3290	80	110	17	153	15
7626	60	77	187	78	1176	17	39	15
7627	14	27	170	2062	1177	580	153	1065
7628	46	1	67	48	78	17	83	1
7629	46	61	89	128	69	1392	1	1
7630	14	968	3291	156	109	1391	957	50
7631	6	4	10	2	113	2	958	2
7632	341	27	1396	487	110	17	39	15
7633	386	61	956	116	89	17	959	58
7634	792	970	1717	116	89	17	959	58
7635	14	45	1067	121	46	17	39	1
7636	14	77	3292	342	46	23	82	1068
7637	14	301	3293	506	92	1393	39	15
7638	15	148	950	681	129	1394	106	135
7639	146	240	3294	101	249	1395	70	1069
7640	42	27	170	48	110	17	39	15
7641	14	27	3295	139	86	17	56	87
7642	15	493	2791	409	319	127	241	252
7643	196	257	662	1	3	15	4	1
7644	6	3	1599	2064	8	7	15	12
7645	99	147	353	870	71	1	140	139
7646	14	80	512	146	92	17	251	15
7647	2	82	135	8	1179	12	4	2
7648	6	7	671	323	17	5	962	58
7649	1	1	1	1	1	1	963	1
7650	308	4	998	137	71	490	4	68
7651	2	65	157	96	44	1	63	305
7652	20	3	3297	235	1	1	149	1
7653	6	3	2	2066	8	7	15	12
7654	4	4	3298	219	38	15	4	1
7655	59	1	3299	1	8	1	10	283
7656	6	862	2971	228	348	10	283	1
7657	2	45	1	12	54	1	4	1
7658	2	971	794	43	8	1	127	1
7659	56	45	3300	323	89	7	47	58
7660	46	61	3301	121	46	17	39	58
7661	42	27	170	263	17	17	830	15
7662	12	30	41	35	71	1396	28	28
7663	794	30	41	35	71	1	28	28
7664	795	30	41	35	71	1	28	28
7665	12	30	41	35	71	132	28	28
7666	12	30	41	35	71	1397	28	28
7667	6	4	20	43	1180	1	4	19
7668	2	82	573	28	8	1398	7	6
7669	12	30	41	35	71	1	965	28
7670	12	30	3302	35	71	1	28	28
7671	3	3	3	2068	3	1	4	3
7672	4	89	3303	73	8	10	4	2
7673	42	973	3304	111	534	17	89	15
7674	14	27	257	24	103	17	966	15
7675	15	230	417	417	236	18	70	117
7676	2	33	3306	8	8	1	295	2
7677	9	974	1712	30	623	9	24	550
7678	14	27	3307	153	1183	1399	153	15
7679	14	101	1510	156	109	1391	968	50
7680	2	81	3308	1	159	1	2	1
7681	4	138	20	2070	1	1	93	1
7682	9	62	3309	30	1184	9	23	32
7683	26	13	200	76	16	9	769	1070
7684	796	69	3310	507	181	1400	235	1071
7685	14	516	2599	1637	315	98	565	831
7686	146	503	3311	2071	129	1401	72	135
7687	14	91	3312	2072	779	98	969	50
7688	9	13	3313	1627	927	9	250	825
7689	14	72	3314	113	46	17	89	58
7690	797	116	1495	2073	21	535	478	244
7691	2	33	3315	8	8	1	295	2
7692	2	2	2	2	4	2	3	2
7693	9	13	3316	541	240	218	23	197
7694	4	4	752	108	44	319	4	305
7695	15	975	3317	2074	1185	1402	970	205
7696	9	13	2087	498	56	9	971	57
7697	6	408	1013	2075	375	1	1	323
7698	9	36	3318	647	23	9	566	22
7699	2	1	88	28	8	407	4	24
7700	42	27	553	121	92	1403	39	15
7701	9	627	2080	2076	56	393	201	22
7702	798	432	3319	2077	1186	535	20	81
7703	26	13	1348	76	16	1404	16	105
7704	14	72	170	48	110	17	82	245
7705	9	13	3320	2078	240	218	23	1072
7706	15	76	3321	227	236	1405	243	426
7707	9	976	3322	626	1187	1406	23	32
7708	14	977	3323	2036	1162	98	56	90
7709	14	516	3324	2079	290	98	39	109
7710	9	13	3325	498	56	9	250	851
7711	15	363	503	2080	577	18	496	351
7712	9	13	460	2081	56	9	22	246
7713	9	13	1449	2082	23	9	972	22
7714	799	37	1245	30	56	492	134	246
7715	14	978	1331	2083	315	683	39	1073
7716	15	979	468	507	295	18	235	248
7717	14	27	3326	154	42	17	39	1074
7718	9	263	3327	76	23	1407	23	254
7719	9	13	3328	541	240	218	973	197
7720	14	27	3329	929	303	1408	974	15
7721	9	13	3330	541	240	218	23	1072
7722	54	86	439	24	92	1409	975	15
7723	136	432	1432	896	130	1410	72	462
7724	14	27	257	24	103	17	976	15
7725	800	980	3331	2084	1188	1411	977	1076
7726	14	981	161	2085	139	17	39	15
7727	2	3	688	43	1	10	100	30
7728	9	982	1426	888	288	393	250	143
7729	39	63	37	94	11	1412	10	8
7730	14	77	187	512	663	270	252	15
7731	14	342	3332	154	92	339	311	15
7732	26	13	485	30	23	1413	979	22
7733	14	80	439	2086	1189	17	56	1078
7734	15	442	3333	409	273	127	980	231
7735	14	77	3334	78	106	1414	56	93
7736	373	983	3335	2087	240	526	429	1079
7737	14	27	1497	78	574	17	981	15
7738	9	263	3228	76	23	95	23	254
7739	14	978	1331	2088	315	683	39	1073
7740	14	984	3336	154	110	98	56	156
7741	56	5	3337	11	10	1	1	1
7742	42	957	170	2044	110	17	39	1080
7743	9	24	3338	2089	395	9	24	34
7744	801	11	3339	2090	25	17	39	15
7745	9	985	522	66	23	9	982	256
7746	14	591	181	24	1190	17	153	646
7747	9	13	1426	888	288	393	250	1081
7748	136	986	3340	896	130	1415	72	462
7749	14	274	2060	121	92	17	82	245
7750	22	147	1861	231	71	1416	143	140
7751	38	61	89	134	46	18	230	58
7752	9	37	2653	69	23	9	71	195
7753	9	13	3341	122	23	9	24	34
7754	14	516	3342	24	1191	688	565	831
7755	9	13	3343	630	56	9	24	22
7756	56	33	714	28	1192	2	7	6
7757	2	82	10	8	8	7	84	108
7758	14	27	170	1686	110	17	39	15
7759	14	27	1568	165	1194	74	39	15
7760	15	987	3344	2092	129	1417	983	1082
7761	9	263	1249	809	56	494	22	408
7762	9	13	1703	2093	23	9	322	52
7763	9	988	1245	30	56	1418	134	246
7764	13	31	3345	12	31	1	30	6
7765	804	13	1703	2093	23	33	23	52
7766	9	989	3346	2094	23	9	466	34
7767	9	13	1449	905	23	9	972	22
7768	9	13	82	2095	23	9	24	43
7769	15	148	3347	409	273	127	232	231
7770	15	116	27	1725	21	100	20	16
7771	14	19	26	24	1195	23	39	15
7772	21	990	361	11	70	1	4	1
7773	14	991	187	2096	110	98	41	156
7774	9	37	3348	65	23	1419	38	1083
7775	173	58	107	24	68	17	39	57
7776	14	80	461	24	92	17	39	1084
7777	9	13	232	30	56	9	24	22
7778	805	80	3349	24	92	98	984	109
7779	9	13	3316	541	240	218	973	197
7780	9	37	1245	30	753	492	134	246
7781	9	53	3350	47	36	9	33	36
7782	806	632	3351	1271	110	17	633	15
7783	14	992	3352	245	1196	17	39	15
7784	9	110	3353	30	23	514	24	845
7785	9	13	3354	2081	23	34	774	480
7786	9	13	3355	2097	23	9	255	256
7787	46	993	89	128	69	643	72	1
7788	9	13	3356	62	1197	9	22	22
7789	15	76	496	978	1198	263	70	231
7790	9	263	1249	809	23	9	985	254
7791	15	268	3357	2098	1199	55	72	81
7792	9	13	73	59	16	9	322	20
7793	2	65	88	94	8	1	110	24
7794	146	296	259	2099	181	263	986	1085
7795	9	13	3358	65	23	9	23	49
7796	9	13	3359	30	23	9	24	21
7797	14	27	3360	78	110	17	39	15
7798	9	994	1444	903	288	9	471	143
7799	26	275	520	30	23	9	201	254
7800	6	4	10	2	4	2	3	1086
7801	9	13	3361	30	23	9	322	1087
7802	26	13	3362	2100	23	9	24	34
7803	82	27	480	192	135	73	41	90
7804	17	22	160	28	208	21	7	6
7805	2	2	3363	12	8	7	15	12
7806	6	995	3364	6	1200	1	1	1
7807	807	22	12	28	8	1420	4	6
7808	13	31	3365	1	8	10	4	54
7809	6	4	10	2101	4	112	3	2
7810	2	15	20	21	1	1	93	1
7811	2	996	2	12	8	7	15	12
7812	101	34	49	12	172	10	987	2
7813	127	2	3366	120	46	29	7	2
7814	12	2	135	2102	4	2	4	2
7815	2	45	642	68	8	63	28	407
7816	13	31	3368	38	8	10	4	6
7817	17	22	282	12	4	1421	988	127
7818	15	230	3369	274	129	18	230	227
7819	2	22	88	21	1202	1	10	2
7820	808	997	3371	235	70	1	989	6
7821	6	998	3372	554	335	1	4	14
7822	6	4	10	2104	4	10	129	1089
7823	46	45	89	1418	46	105	990	1090
7824	9	13	225	93	66	9	991	32
7825	14	72	159	113	95	17	39	1091
7826	15	268	3374	1783	1203	263	241	135
7827	14	97	197	78	61	17	94	429
7828	13	31	112	2107	31	1	992	6
7829	9	1000	3376	31	23	9	24	22
7830	46	2	280	435	46	9	24	58
7831	809	33	1374	1	71	10	7	19
7832	46	61	89	1418	46	85	4	1092
7833	2	2	169	2108	11	1	1	2
7834	14	27	367	2110	42	17	39	15
7835	12	30	41	2111	71	1422	28	28
7836	9	13	563	541	240	218	23	1072
7837	14	27	3377	2112	1204	96	101	15
7838	46	45	67	389	46	1423	56	25
7839	42	27	3378	111	534	98	39	1093
7840	17	22	12	28	8	10	7	1094
7841	810	4	109	3	4	3	1	2
7842	15	76	3379	128	46	638	496	58
7843	9	13	1611	30	56	9	996	57
7844	811	65	3380	8	2	1	17	1
7845	812	13	3381	2115	240	1425	23	1072
7846	813	13	3382	2116	16	9	23	1096
7847	9	13	3383	541	240	218	23	1072
7848	9	13	3384	970	395	9	24	341
7849	2	4	655	12	266	31	3	2
7850	9	55	3385	83	23	33	58	52
7851	14	77	480	192	135	68	112	90
7852	14	27	170	487	110	17	39	71
7853	14	465	3386	918	544	17	39	484
7854	814	27	1377	506	25	580	56	25
7855	61	209	3387	378	1	10	181	182
7856	9	13	3388	88	1010	9	822	22
7857	6	3	129	100	79	1	1	66
7858	2	1003	3389	131	11	10	1	85
7859	6	48	3390	1	232	1426	17	68
7860	9	13	82	30	567	9	46	1097
7861	15	148	3391	409	249	18	70	231
7862	14	77	3392	2120	1205	68	997	23
7863	12	2	135	2121	4	2	4	2
7864	2	1004	630	545	11	125	40	2
7865	15	487	3393	2122	1206	127	998	266
7866	2	1005	3394	2123	8	1427	999	1098
7867	42	27	3395	1271	110	17	236	15
7868	14	80	3396	121	110	17	251	109
7869	2	2	953	8	2	1	4	1099
7870	2	35	436	8	2	1	30	1100
7871	31	49	86	2124	52	37	48	44
7872	35	1006	104	85	63	17	60	15
7873	2	1	3397	18	17	1	17	152
7874	4	9	3398	12	54	1	4	1
7875	2	377	630	545	7	291	7	8
7876	15	761	3399	535	941	100	72	833
7877	22	3	3400	1	11	10	4	8
7878	815	268	488	227	1038	1428	72	135
7879	20	13	2077	342	56	619	429	58
7880	21	45	67	89	46	17	39	58
7881	816	957	7	8	8	7	7	6
7882	6	3	3401	131	252	1	61	1
7883	2	2	3402	8	2	1	4	1101
7884	15	487	503	409	273	127	72	135
7885	17	22	12	442	8	10	7	1102
7886	2	15	129	19	10	1	1	1
7887	56	45	1083	212	8	790	4	128
7888	14	301	183	506	1207	17	39	15
7889	6	35	54	43	1	1429	4	30
7890	13	3	75	8	494	511	59	6
7891	17	22	160	2125	8	21	7	6
7892	15	363	916	2126	1208	1430	245	231
7893	42	27	422	2127	110	17	203	15
7894	2	82	3404	8	4	12	4	2
7895	3	3	3	1	3	1431	4	3
7896	2	4	326	12	34	1	28	31
7897	49	2	3405	131	7	122	132	1
7898	2	16	3406	21	1	1	93	1
7899	2	12	13	12	1209	1	10	8
7900	2	82	263	28	8	21	7	1103
7901	817	1008	3407	2128	557	1432	1001	424
7902	2	2	2	2	2	2	3	1104
7903	12	1009	135	8	4	2	4	2
7904	2	9	3408	1838	2	30	3	2
7905	136	226	3409	2129	21	535	20	244
7906	2	2	190	148	1210	69	3	6
7907	15	76	468	501	295	18	235	230
7908	13	1010	643	12	11	40	51	1
7909	204	152	1032	594	28	1	271	29
7910	20	3	3410	2130	11	1	4	1105
7911	13	3	3411	8	8	40	59	6
7912	2	1	58	6	38	29	7	1106
7913	95	1	1233	131	8	1433	1002	5
7914	2	1	58	6	1211	29	7	8
7915	330	338	1347	10	9	1434	1003	7
7916	13	31	739	2131	44	146	4	148
7917	13	31	739	2132	44	146	4	148
7918	3	3	3	1	3	1	1004	3
7919	6	16	322	2133	4	1435	1	2
7920	13	31	739	2134	44	146	4	148
7921	13	31	739	2135	44	146	4	148
7922	13	31	3412	57	44	146	4	148
7923	818	4	74	12	8	7	15	12
7924	13	31	739	2136	44	146	4	148
7925	12	211	341	2137	1212	429	183	1
7926	13	31	739	57	1213	146	4	148
7927	2	2	2	2138	8	1436	194	218
7928	2	2	2	28	8	1436	194	218
7929	17	151	12	2139	8	10	7	6
7930	6	3	2	1800	8	7	15	12
7931	12	30	167	123	71	1	1	114
7932	20	4	37	2140	4	10	4	62
7933	122	1	3413	460	8	407	4	24
7934	17	22	3029	2141	8	21	7	6
7935	6	35	50	43	1	10	4	1107
7936	2	2	2	12	8	1437	15	12
7937	6	47	75	954	2	32	4	1
7938	2	1	727	2142	38	29	7	8
7939	1	1	1	1	1	1438	2	1
7940	2	2	2	12	8	7	1005	12
7941	2	2	3414	12	8	7	15	12
7942	14	27	3415	48	110	17	153	50
7943	70	1	229	12	8	1158	4	24
7944	2	65	3416	96	44	1	63	53
7945	12	3	3417	618	54	117	4	1
7946	2	1011	3418	1	1215	1439	1006	1108
7947	15	148	3419	2144	1216	18	72	1109
7948	3	3	3	1	3	1361	4	3
7949	12	3	23	2145	10	1	1	1
7950	6	107	3420	6	47	1	132	1
7951	476	28	87	12	8	38	10	46
7952	46	61	89	71	46	9	23	2
7953	9	13	499	62	36	9	53	247
7954	22	147	3421	231	1217	336	143	140
7955	820	275	3422	30	23	9	201	254
7956	26	13	3423	30	56	9	471	246
7957	16	21	117	2146	285	1106	766	840
7958	9	37	1378	76	23	1440	23	254
7959	9	13	3424	30	16	9	46	42
7960	20	4	3425	12	8	1	5	104
7961	2	2	3426	84	229	1	4	65
7962	2	28	1022	12	7	1	1	1
7963	20	2	3261	323	89	114	15	164
7964	4	2	3427	8	47	751	7	6
7965	12	30	41	2147	71	1	28	28
7966	2	2	169	131	11	1	1007	2
7967	821	23	37	29	8	22	7	19
7968	2	2	3428	12	8	7	15	12
7969	3	3	3	1	3	1	4	1110
7970	21	1012	3429	589	11	1	4	58
7971	822	3	3	1	3	1	4	3
7972	2	1013	129	8	8	7	84	108
7973	22	3	46	1	1218	10	4	8
7974	2	2	2	2148	8	7	15	12
7975	2	2	3431	12	8	7	15	12
7976	12	2	135	2149	4	2	4	2
7977	2	2	2	12	1	7	15	12
7978	2	28	87	1058	8	38	10	46
7979	823	1	1	1	1	1210	2	1
7980	6	3	3433	12	8	7	15	12
7981	824	3	2	12	8	7	15	12
7982	2	248	58	6	38	29	7	8
7983	2	1	58	6	1219	1241	7	8
7984	2	2	2	12	8	7	15	1111
7985	6	344	14	4	1220	40	4	53
7986	29	3	71	2151	44	31	40	38
7987	2	4	3436	12	8	7	15	12
7988	12	1014	23	19	10	1	1	1
7989	6	35	3437	2152	1	1441	838	30
7990	12	2	135	2153	4	2	4	2
7991	2	382	3438	131	433	10	4	372
7992	2	45	129	2154	11	29	7	8
7993	1	1	1	1	1	1442	2	1
7994	6	3	2	1156	8	7	15	12
7995	3	3	3	2156	3	1	4	3
7996	12	3	3439	19	10	1	1	1
7997	21	4	92	880	8	40	51	112
7998	17	22	12	28	8	10	7	1112
7999	2	159	109	3	1221	3	1	2
8000	6	3	129	2159	852	1	1	66
8001	2	3	3440	8	8	7	7	6
8002	2	22	3441	42	31	28	30	6
8003	3	3	2991	1	3	1	4	3
8004	3	3	3	1	3	1	650	3
8005	2	1	58	6	38	1443	7	8
8006	195	7	208	131	7	122	132	2
8007	825	4	129	8	8	1444	100	6
8008	2	1015	1123	8	8	2	4	2
8009	56	1016	912	12	8	103	28	2
8010	56	1	163	1	1222	1445	2	1
8011	199	1	58	6	38	29	7	8
8012	2	9	83	2161	8	7	47	6
8013	2	82	135	2162	4	12	4	2
8014	13	31	174	8	50	767	44	40
8015	2	312	3442	2164	71	10	3	290
8016	6	4	3443	12	137	2	4	6
8017	2	16	162	108	11	1446	3	77
8018	99	147	353	1	71	38	140	139
8019	20	331	2110	12	8	7	15	12
8020	2	82	3444	8	1	12	4	2
8021	3	3	3	1	3	1	1008	3
8022	20	3	3446	161	1	2	4	19
8023	20	75	238	8	1224	10	17	51
8024	1	1	1	2166	1	1	2	1
8025	6	3	2	301	8	7	15	12
8026	2	1	58	6	1225	29	7	8
8027	2	1	58	2168	38	29	7	8
8028	13	1017	75	8	8	40	59	6
8029	2	9	3448	12	337	15	4	8
8030	6	35	870	210	472	467	405	29
8031	6	3	3449	554	335	1	4	14
8032	2	2	1875	1	219	203	28	184
8033	6	3	3450	12	8	7	15	12
8034	2	1018	13	12	1227	1	10	8
8035	2	35	769	8	4	1447	4	2
8036	22	3	46	1	11	1448	4	8
8037	3	3	3	1	3	1	4	1114
8038	360	22	160	28	8	21	7	6
8039	12	2	135	8	4	1449	4	2
8040	12	2	135	8	4	1450	4	2
8041	2	9	3452	12	8	1	127	212
8042	6	505	263	8	4	1	4	2
8043	127	45	3453	2169	220	1451	59	2
8044	827	2	2	2170	8	7	15	12
8045	2	2	2	12	8	1452	15	12
8046	828	1	1	1	1	1	2	1115
8047	2	2	2	2171	8	1453	15	12
8048	2	2	3454	2172	8	7	15	12
8049	2	2	2	1225	8	1454	15	12
8050	6	1019	2	2173	8	7	15	12
8051	2	2	3455	12	8	7	15	12
8052	829	2	2	12	8	7	15	12
8053	2	2	2	12	8	1455	15	12
8054	2	1020	2	12	8	7	15	12
8055	4	23	37	2174	8	22	7	19
8056	22	1022	46	1	11	10	4	8
8057	13	18	3460	20	18	12	4	6
8058	1	1023	1	1	1	1	2	1
8059	12	3	284	2176	140	15	40	1
8060	2	4	74	12	8	1457	15	12
8061	2	2	2	2177	8	7	15	12
8062	12	2	135	8	4	1458	4	2
8063	2	193	3462	12	11	1459	10	8
8064	14	80	1933	111	25	66	39	15
8065	42	957	170	2178	25	17	39	15
8066	14	77	187	2179	303	270	252	15
8067	14	1024	3463	24	92	1460	39	1116
8068	14	77	3464	2180	104	1461	76	1117
8069	46	45	3465	389	46	17	56	1
8070	14	27	3466	78	1228	17	26	488
8071	14	481	3264	78	25	1078	950	814
8072	14	45	170	34	46	17	56	1
8073	14	1025	512	146	92	17	251	15
8074	14	44	3467	250	701	70	86	90
8075	42	27	553	2181	1229	17	39	15
8076	42	27	3468	121	92	17	1010	15
8077	15	480	3469	409	130	127	72	462
8078	6	73	3470	887	92	17	39	15
8079	14	92	183	2182	110	17	83	15
8080	14	27	3471	254	178	17	39	15
8081	33	3	152	123	78	17	56	1
8082	14	2	347	146	46	17	251	164
8083	14	57	104	2052	1230	17	60	15
8084	832	1026	145	2183	46	55	72	1
8085	182	279	3473	499	129	263	72	135
8086	14	25	36	2184	24	23	154	1118
8087	42	27	553	2185	92	17	39	15
8088	14	80	181	2186	610	732	39	1119
8089	15	1027	3474	1133	308	728	72	81
8090	14	80	3342	24	1231	688	1011	831
8091	9	40	961	2188	23	397	36	34
8092	9	13	563	2189	240	574	23	471
8093	834	1030	3478	18	1232	9	96	22
8094	9	13	2087	498	56	1463	239	57
8095	9	13	3479	640	23	9	24	34
8096	26	58	107	88	68	1464	53	57
8097	9	17	1683	1004	23	619	52	22
8098	9	13	1584	630	23	9	1013	22
8099	9	13	1401	30	23	9	46	100
8100	9	13	3480	93	73	9	16	60
8101	26	13	3481	31	16	590	23	1121
8102	9	13	3482	30	23	9	46	42
8103	9	45	3483	325	89	813	239	58
8104	9	13	351	69	169	9	145	1122
8105	9	13	67	389	46	9	23	1
8106	2	29	429	1	5	220	27	1123
8107	6	3	3486	12	8	7	15	12
8108	12	1032	135	8	4	2	4	2
8109	22	147	352	828	71	1466	143	140
8110	17	22	12	28	451	10	7	6
8111	3	3	3487	344	3	1	4	3
8112	6	3	3488	12	8	7	15	12
8113	2	2	2	12	8	7	15	1125
8114	2	9	83	8	8	7	47	1126
8115	3	3	3	344	3	391	4	3
8116	12	2	135	8	1234	2	4	2
8117	12	2	135	954	4	2	4	2
8118	6	3	2	2192	8	7	15	12
8119	2	1	58	2193	38	29	7	8
8120	277	2	2	1886	8	7	15	12
8121	17	22	12	28	8	1467	7	6
8122	348	1	58	6	38	29	7	8
8123	3	3	3	344	3	1040	4	3
8124	4	5	14	2194	5	1	5	4
8125	2	4	74	543	8	7	15	12
8126	12	218	23	19	10	1	1	1
8127	4	2	77	2196	47	7	7	6
8128	13	31	3489	12	1236	10	4	1127
8129	2	3	3490	89	46	7	7	6
8130	6	3	2	12	8	1469	15	12
8131	2	2	2	2197	8	7	15	12
8132	12	2	135	8	4	2	4	1128
8133	22	147	352	2198	71	129	143	140
8134	2	22	48	2199	31	28	30	6
8135	17	22	230	448	38	29	7	8
8136	4	82	453	228	1237	1	29	1
8137	2	2	3492	12	8	7	15	12
8138	2	1	3493	6	38	29	7	8
8139	2	2	2474	12	8	7	15	12
8140	2	33	708	263	17	1470	1	1
8141	17	22	12	28	1240	509	130	6
8142	17	22	3494	28	8	10	7	6
8143	6	35	50	43	1	10	1015	30
8144	835	3	3495	1	11	10	4	8
8145	2	2	3496	12	8	7	15	12
8146	21	9	3497	41	8	1	4	29
8147	30	46	3498	148	105	69	3	6
8148	17	22	12	28	8	1471	7	6
8149	2	1	58	2142	38	29	7	8
8150	6	35	3499	43	1	10	4	30
8151	13	665	2144	1269	18	12	4	6
8152	2	1	3500	761	38	29	7	8
8153	2	4	74	12	8	1472	15	12
8154	2	82	110	91	1241	450	63	1
8155	836	2	2	12	8	7	15	12
8156	2	1	58	6	38	29	676	8
8157	837	22	12	28	8	10	7	6
8158	2	2	2921	1	100	1	269	8
8159	2	82	110	91	1241	1	63	1
8160	838	4	74	12	8	7	15	12
8161	4	81	745	2205	202	182	173	8
8162	12	30	41	35	27	10	28	1132
8163	2	4	3501	12	8	7	15	12
8164	6	3	2773	12	8	7	15	12
8165	6	3	3502	12	8	7	15	12
8166	6	1034	3503	12	8	7	15	12
8167	17	22	315	2207	4	1473	5	127
8168	2	1	3504	6	38	29	7	8
8169	129	16	3505	594	361	1	2	1
8170	20	3	738	39	1244	10	1016	6
8171	56	1	177	2208	100	1	81	85
8172	2	2	2	12	8	1474	15	12
8173	2	4	3506	3	4	3	331	2
8174	12	2	3507	8	4	2	4	2
8175	12	30	41	35	71	1475	28	28
8176	12	2	135	8	4	2	4	1133
8177	2	2	2	2209	8	1320	15	12
8178	6	3	3508	12	8	7	15	12
8179	6	1035	2	12	8	7	15	12
8180	2	2	2	12	8	7	1017	12
8181	839	2	135	8	4	2	4	2
8182	17	22	3509	28	8	10	7	6
8183	12	2	135	8	4	1476	4	2
8184	20	1036	238	8	2	353	17	51
8185	3	3	3510	1	8	10	7	19
8186	5	143	1436	229	1	1	116	1134
8187	17	22	315	2207	4	114	5	127
8188	6	79	3511	1	8	1477	1018	5
8189	17	71	12	28	8	319	7	6
8190	22	590	46	1	11	1478	4	8
8191	22	3	46	1	11	1478	4	8
8192	22	3	46	2210	11	10	4	8
8193	15	116	840	925	1245	100	478	462
8194	15	271	3512	101	80	18	70	64
8195	15	363	3513	409	591	263	511	476
8196	840	952	3514	2120	1246	73	1019	23
8197	14	27	3515	146	131	17	474	15
8198	14	80	3516	822	61	17	94	531
8199	146	148	3517	507	295	1479	1020	230
8200	14	27	2089	1148	290	17	499	235
8201	841	481	3518	80	110	17	153	15
8202	801	11	3339	1686	993	98	1021	87
8203	14	25	3519	2212	550	1480	56	103
8204	45	2	3520	80	46	17	56	25
8205	15	264	3521	409	236	276	72	231
8206	146	142	1990	521	273	263	603	231
8207	14	73	3522	179	321	65	56	232
8208	15	581	3523	2213	308	595	72	81
8209	14	249	3524	58	92	17	39	15
8210	842	101	3525	981	20	78	39	423
8211	14	80	3526	121	110	17	252	109
8212	14	80	181	918	544	17	39	484
8213	14	77	3527	2214	566	270	92	15
8214	14	94	3528	2215	779	70	86	90
8215	15	116	1709	25	21	127	72	546
8216	14	27	2599	1132	665	688	565	15
8217	186	116	1343	859	296	127	242	443
8218	146	240	3529	101	249	18	70	117
8219	178	1038	3530	1090	236	127	72	266
8220	843	27	476	608	284	338	56	269
8221	15	76	3188	409	236	263	921	266
8222	14	27	1851	24	92	1383	39	15
8223	14	27	1933	111	110	1481	56	15
8224	844	77	3531	48	110	98	251	109
8225	15	268	488	499	297	263	72	135
8226	14	1039	3532	2216	98	1163	464	1137
8227	14	516	1847	853	315	17	39	109
8228	14	27	220	121	110	98	251	109
8229	14	27	3533	2217	103	17	522	15
8230	14	27	1646	178	550	98	41	56
8231	42	80	276	2057	1172	17	39	15
8232	14	80	439	822	61	1482	94	531
8233	14	80	3534	24	92	17	56	1078
8234	82	27	480	192	135	1483	41	90
8235	14	57	250	146	103	17	39	1138
8236	15	116	3536	925	130	100	478	462
8237	54	86	173	24	42	17	236	15
8238	14	44	1260	250	701	70	86	1139
8239	15	1040	3537	496	181	127	106	252
8240	14	77	3538	943	86	1484	1024	87
8241	845	1041	170	48	46	17	39	2
8242	136	226	3539	409	130	100	20	16
8243	42	84	473	78	98	65	56	15
8244	15	1042	1990	521	273	768	603	649
8245	14	27	1377	506	1248	78	461	50
8246	14	516	1847	873	315	17	39	109
8247	14	27	170	2083	1177	580	153	1065
8248	14	77	3278	24	92	17	19	1141
8249	847	1043	3540	2218	1249	1485	1025	1142
8250	14	77	187	78	104	68	76	1143
8251	7	522	3286	563	46	65	56	15
8252	14	299	3541	78	321	17	99	269
8253	33	3	270	389	46	17	56	2
8254	13	72	159	113	95	17	41	58
8255	14	623	2118	24	92	1486	39	15
8256	14	1044	170	487	46	74	39	15
8257	42	27	1296	822	503	17	76	50
8258	848	45	1019	363	432	1487	56	1144
8259	15	487	3543	2220	1250	127	232	117
8260	42	77	3544	144	557	1488	82	15
8261	850	2	3520	121	17	17	39	122
8262	14	2	1067	128	69	17	39	1
8263	46	265	170	78	46	65	56	15
8264	42	84	170	78	98	1489	56	15
8265	46	61	3545	128	69	17	60	1
8266	14	27	1933	24	380	17	94	15
8267	15	269	1600	2222	1251	100	506	252
8268	14	274	2060	121	92	98	82	245
8269	14	80	3546	48	1252	70	82	439
8270	14	291	68	530	315	98	1026	262
8271	136	226	2850	2223	21	535	20	244
8272	14	758	170	2224	315	688	565	1145
8273	14	27	3415	2225	110	17	153	50
8274	42	27	1654	989	110	98	1027	93
8275	14	274	2060	121	1253	807	82	245
8276	337	73	181	116	89	17	39	58
8277	42	80	2782	199	139	17	117	123
8278	178	272	3548	409	649	276	70	231
8279	14	27	3549	121	107	17	231	15
8280	15	296	3550	974	181	263	72	529
8281	14	27	3551	487	110	17	39	71
8282	14	27	3552	24	1254	1383	39	15
8283	14	481	3264	78	25	1078	753	814
8284	14	80	3553	78	120	17	39	15
8285	14	77	3554	2226	1255	23	56	103
8286	15	268	3555	991	181	55	72	252
8287	14	80	3556	48	45	17	1028	15
8288	42	27	553	121	92	1490	39	15
8289	14	77	480	192	943	68	112	90
8290	14	27	1933	2228	534	17	39	455
8291	15	148	3558	409	273	127	232	231
8292	15	442	503	409	273	1491	232	231
8293	173	27	3559	608	284	1385	56	269
8294	47	76	145	2229	90	55	72	81
8295	14	25	36	32	24	1492	154	23
8296	42	1046	422	419	110	17	203	15
8297	42	1047	3560	78	104	270	92	15
8298	14	1048	3561	900	42	96	56	15
8299	854	57	104	85	63	17	60	15
8300	855	27	1671	48	1256	17	39	15
8301	15	368	3562	976	181	771	241	650
8302	431	519	3563	2230	1257	578	472	1147
8303	42	27	3564	929	42	43	56	489
8304	15	363	916	663	273	276	70	231
8305	14	27	3565	2231	1258	17	39	15
8306	14	25	3566	900	1204	23	630	106
8307	14	114	843	2232	380	17	94	15
8308	47	1049	145	117	90	55	72	81
8309	14	965	3283	506	503	68	92	106
8310	54	86	173	24	42	1493	39	15
8311	326	814	3567	967	129	1162	243	435
8312	15	271	1849	1090	661	1494	72	579
8313	178	76	2900	409	273	276	259	266
8314	178	1050	1829	1083	655	18	431	534
8315	15	230	3568	417	236	18	70	117
8316	15	262	459	485	270	1495	72	229
8317	189	297	3569	2233	1259	1496	72	266
8318	15	230	458	274	129	127	72	227
8319	178	76	3570	501	295	18	70	230
8320	312	45	67	389	46	502	39	1
8321	14	455	251	179	126	540	56	232
8322	14	27	72	58	45	1497	41	15
8323	14	57	3571	85	63	17	60	15
8324	14	77	187	2235	663	270	252	15
8325	14	249	3572	58	92	17	810	15
8326	14	77	3573	943	86	98	103	87
8327	14	27	170	487	46	74	39	58
8328	42	84	170	160	98	1498	56	15
8329	14	27	3574	78	562	1499	26	109
8330	14	27	179	139	86	52	56	87
8331	15	243	3575	496	273	127	232	231
8332	330	338	1338	854	510	1500	354	316
8333	216	1051	3577	2238	368	337	354	1148
8334	330	338	1347	2239	9	395	354	7
8335	6	2	3578	10	46	817	9	58
8336	9	13	200	76	23	9	24	1149
8337	856	275	520	2240	56	539	249	246
8338	222	350	2637	625	23	9	323	328
8339	9	13	856	259	1260	9	23	195
8340	9	1052	3579	2241	306	273	253	253
8341	26	13	200	76	1261	9	105	32
8342	26	13	3580	2242	23	9	23	22
8343	857	53	3581	65	23	9	46	78
8344	26	13	3582	122	23	9	131	34
8345	9	13	856	2243	23	1501	1031	195
8346	9	13	3583	30	16	9	255	256
8347	820	13	3584	2244	51	514	429	512
8348	9	236	427	2245	72	9	96	22
8349	9	37	3586	1128	702	9	23	672
8350	165	45	67	389	46	9	23	1
8351	26	13	200	76	668	9	105	32
8352	26	58	107	88	68	1502	53	57
8353	184	282	3579	514	306	273	253	253
8354	9	13	82	30	23	9	1032	42
8355	9	13	3587	65	23	89	95	100
8356	9	13	536	523	23	1504	36	259
8357	9	13	3588	888	288	393	250	143
8358	46	45	67	563	46	9	53	273
8359	9	13	3589	30	56	9	22	246
8360	26	13	3590	79	1029	9	1033	34
8361	9	13	3591	30	753	9	239	57
8362	165	13	57	47	36	9	53	1151
8363	9	13	3592	660	56	375	341	349
8364	9	17	1947	630	1262	9	1034	1152
8365	9	13	3593	660	1263	1506	52	42
8366	26	13	200	76	23	9	24	20
8367	9	1053	3594	541	240	218	23	1153
8368	9	13	2632	1651	23	9	24	844
8369	9	13	452	279	46	9	23	1
8370	9	37	2080	2246	56	393	201	22
8371	9	13	82	2247	23	9	46	42
8372	9	13	3595	2248	23	9	24	1154
8373	9	13	856	259	23	1507	23	195
8374	454	350	841	2250	23	9	323	328
8375	9	13	929	630	23	9	22	1155
8376	9	1054	1450	30	384	9	332	336
8377	9	1055	2867	1770	309	378	23	22
8378	9	263	3597	2251	288	9	23	1156
8379	858	1056	3598	2252	66	1508	16	32
8380	16	1057	3599	1646	1265	62	1035	463
8381	859	36	505	30	72	1509	96	22
8382	9	13	3600	65	23	9	24	1157
8383	9	13	1719	999	16	9	1036	22
8384	26	13	200	89	46	9	105	58
8385	13	2	67	129	46	9	24	58
8386	9	1058	491	497	530	371	204	143
8387	9	40	60	50	618	9	36	34
8388	21	3	67	89	46	9	23	58
8389	46	45	67	389	46	9	24	1
8390	9	13	1853	857	16	9	446	256
8391	9	36	3602	30	72	9	776	22
8392	9	13	3603	259	23	778	23	195
8393	9	236	427	30	72	9	96	1159
8394	9	275	520	30	56	1510	249	246
8395	46	45	67	563	46	9	24	273
8396	26	13	3604	2253	23	9	23	470
8397	9	13	1435	897	1266	1179	470	22
8398	9	13	225	131	8	1	24	19
8399	26	58	3210	88	68	1511	53	57
8400	9	13	90	66	56	375	250	1161
8401	9	13	3605	2081	56	9	22	246
8402	356	13	1509	2254	36	9	322	325
8403	9	13	2087	30	751	1512	239	57
8404	9	37	3606	259	23	493	24	195
8405	9	1059	427	30	72	9	96	1162
8406	222	1060	841	625	23	9	323	328
8407	356	13	1509	2254	1267	9	322	325
8408	9	13	3607	65	1268	9	23	259
8409	9	13	82	30	23	1513	46	42
8410	9	13	3608	30	23	9	340	20
8411	336	13	460	30	56	9	239	1163
8412	860	13	2087	30	751	813	239	57
8413	9	13	3609	30	23	9	46	42
8414	9	13	3610	102	1269	9	38	20
8415	9	37	3611	482	269	9	22	22
8416	9	13	552	122	23	9	1037	34
8417	9	497	3612	65	23	9	36	259
8418	9	13	90	66	56	375	250	349
8419	769	45	67	563	46	9	96	273
8420	9	1062	1697	69	23	9	24	43
8421	9	13	499	93	1270	350	16	32
8422	9	1063	3613	2248	23	9	24	57
8423	861	45	67	30	46	539	105	58
8424	9	13	3614	2255	23	9	46	42
8425	9	13	460	2034	56	492	134	246
8426	9	13	872	641	23	9	23	1164
8427	862	13	485	847	1271	9	23	143
8428	9	13	3615	102	81	9	38	20
8429	9	13	3616	640	23	9	24	34
8430	9	236	427	30	72	9	1038	22
8431	26	58	107	2256	68	9	53	57
8432	9	24	3617	122	23	9	23	105
8433	26	13	499	30	56	494	490	408
8434	9	630	3618	1650	1273	9	16	32
8435	9	37	3619	1660	72	9	23	22
8436	863	13	3620	2257	56	1515	429	58
8437	97	108	3621	2258	66	1516	16	32
8438	46	45	67	389	46	9	239	1
8439	53	85	3622	2259	1265	1517	1035	463
8440	9	24	3623	31	23	9	24	22
8441	9	37	1247	259	23	493	1039	195
8442	9	13	3624	1004	56	619	429	512
8443	9	13	2837	79	16	9	23	20
8444	222	350	841	625	23	9	323	1165
8445	864	13	1400	30	23	9	96	22
8446	9	40	3625	50	23	9	36	34
8447	9	13	3626	2260	23	9	446	256
8448	9	13	3627	30	56	492	134	246
8449	9	13	1276	265	56	9	239	57
8450	26	1062	200	76	16	9	105	32
8451	9	13	3610	2261	1269	9	38	20
8452	9	37	3629	47	36	33	53	36
8453	9	13	82	66	23	9	46	1166
8454	86	124	3630	628	1233	105	443	121
8455	45	45	3124	89	46	105	1014	2
8456	2	2	2	12	8	7	15	1167
8457	13	31	43	38	1274	10	4	6
8458	8	3	254	793	8	1	28	8
8459	865	22	1031	715	8	1	4	2
8460	6	3	2	12	8	7	1040	12
8461	2	4	74	12	8	1518	15	12
8462	6	3	3632	12	8	7	15	12
8463	22	3	3633	1	11	10	4	8
8464	12	2	135	8	4	1519	4	2
8465	5	143	659	229	199	1520	116	1
8466	6	102	10	12	8	1521	1	1
8467	866	143	659	2263	199	1	116	1
8468	867	9	83	8	8	7	47	6
8469	2	28	87	12	8	1522	10	46
8470	2	4	3634	12	8	1324	15	12
8471	244	4	74	12	8	7	15	12
8472	2	356	876	2264	38	1	28	387
8473	866	143	659	229	199	1	116	1
8474	5	143	659	229	199	1523	116	1
8475	2	4	74	12	8	1524	15	12
8476	17	22	12	28	8	10	7	1168
8477	6	3	2	2265	8	7	15	12
8478	1	1065	1	1	1	1	2	1
8479	1	1	3635	1	1	1	2	1
8480	1	1	1	1	1	1525	2	1
8481	1	1	1	1	1	745	2	1
8482	1	1	3636	1	1	1	2	1
8483	1	1	1	1	1	551	2	1170
8484	1	1	1	1	1	450	2	1
8485	2	22	3637	42	31	28	30	6
8486	4	199	396	131	8	1526	63	1
8487	6	1066	157	1	71	1	4	1
8488	6	4	10	2	4	2	3	1005
8489	2	16	1648	2266	161	117	4	131
8490	2	9	10	8	2	16	3	1171
8491	2	9	10	8	2	1527	3	1171
8492	868	2	135	1473	1275	2	4	2
8493	2	2	2	1691	8	7	15	12
8494	2	1067	109	3	1276	3	1	2
8495	6	1068	2	12	8	7	15	12
8496	12	2	135	8	4	2	4	1172
8497	2	28	87	12	287	1528	10	46
8498	7	2	3638	131	11	1	1	2
8499	6	79	354	544	8	1	1041	5
8500	7	218	576	131	1	1	4	142
8501	13	1069	129	8	8	7	272	6
8502	21	5	296	241	4	3	4	904
8503	2	4	3639	43	1	40	4	83
8504	2	82	110	91	70	168	63	1173
8505	12	2	135	282	4	2	4	1174
8506	12	2	3640	1351	4	2	4	2
8507	15	1071	3641	493	292	263	511	476
8508	14	27	3642	24	1173	17	39	15
8509	9	13	460	2268	56	9	22	246
8510	9	37	1378	76	23	1530	23	1175
8511	13	34	208	8	4	152	4	2
8512	56	1	3643	137	100	1	81	85
8513	3	3	3	1	3	1531	4	3
8514	2	4	74	12	8	1532	15	12
8515	13	31	360	246	359	138	7	6
8516	869	11	12	11	10	1	1	1
8517	12	3	23	2269	10	1	1	1
8518	2	2	3644	276	105	69	3	6
8519	209	1	58	6	38	29	7	8
8520	2	82	3645	349	1	1	4	128
8521	2	131	944	246	166	1533	157	72
8522	12	2	135	8	4	1534	4	2
8523	6	7	671	2270	17	5	1	58
8524	6	3	2	12	8	7	15	1176
8525	870	2	135	8	4	2	4	1005
8526	871	2	2	12	8	7	15	12
8527	107	22	12	2271	8	10	7	6
8528	872	3	2	12	8	7	15	12
8529	5	143	659	229	199	1536	116	1
8530	2	2	2	2272	8	7	15	12
8531	12	30	41	35	1277	377	28	28
8532	12	1073	3646	8	1278	2	4	2
8533	2	1074	135	8	4	867	4	1177
8534	873	1	58	6	38	29	7	8
8535	2	2	3647	339	44	1537	181	386
8536	2	1075	2	12	8	7	15	12
8537	2	22	368	42	31	28	30	1178
8538	2	15	18	12	1279	10	4	2
8539	874	192	129	100	83	7	226	66
8540	94	1076	336	208	7	122	132	1
8541	2	1	58	6	1281	29	7	8
8542	4	5	3648	4	5	1	5	4
8543	2	1077	18	12	13	10	4	2
8544	877	1078	1	1	1	1	1044	1
8545	2	1079	2963	131	1	125	4	128
8546	677	3	129	100	83	1	1	1179
8547	6	4	3649	4	5	40	4	53
8548	2	1080	289	203	144	7	3	6
8549	4	22	1675	137	202	10	286	1
8550	20	75	897	8	2	10	57	51
8551	56	1	177	137	100	202	81	85
8552	7	218	3650	131	100	1	4	142
8553	6	140	154	1	1283	116	4	5
8554	2	1	58	2273	38	29	7	8
8555	2	82	135	2274	4	12	4	2
8556	21	5	3651	241	4	3	4	2
8557	12	1	41	35	27	10	28	28
8558	113	65	10	2275	8	28	7	19
8559	4	5	10	8	4	10	4	2
8560	6	4	14	4	5	1538	666	53
8561	2	9	631	12	4	10	4	353
8562	21	3	3652	20	18	12	4	1180
8563	878	127	10	8	2	40	121	125
8564	4	3	824	1	375	551	1	323
8565	13	34	3653	12	32	10	4	2
8566	4	96	3654	12	8	10	4	2
8567	30	46	226	1341	50	1	44	40
8568	13	5	167	2277	7	15	4	1
8569	2	28	3655	12	8	541	10	46
8570	2	4	3656	12	8	7	15	12
8571	17	22	12	28	8	509	7	6
8572	2	1	58	6	1284	29	7	8
8573	17	22	12	2278	8	10	7	6
8574	4	45	67	611	8	1	28	8
8575	14	27	1838	2280	503	68	92	106
8576	146	240	3657	409	606	263	241	266
8577	15	148	3658	1224	270	1540	72	659
8578	14	86	68	24	92	1383	39	15
8579	14	77	181	24	92	1376	56	15
8580	46	61	67	506	89	1393	39	15
8581	880	1081	3659	2281	17	580	86	58
8582	46	61	3660	2282	17	502	39	15
8583	14	27	367	254	178	17	1045	15
8584	14	1083	367	254	178	17	39	15
8585	15	297	3661	2284	298	100	20	266
8586	15	116	3662	2285	21	535	20	244
8587	15	503	3663	883	1185	1151	1046	205
8588	15	264	3521	2286	1287	276	72	231
8589	42	27	3664	121	1288	1542	39	15
8590	42	27	553	121	92	17	203	15
8591	60	77	3665	78	369	17	634	15
8592	14	1085	441	58	92	17	39	15
8593	42	80	1350	24	1289	17	39	15
8594	42	80	1350	2287	92	17	39	15
8595	14	27	3667	1154	711	17	596	15
8596	15	142	1990	521	273	263	603	1183
8597	15	503	3668	417	236	612	1047	915
8598	178	1086	503	409	273	18	230	243
8599	14	77	3669	78	104	43	56	346
8600	15	475	1466	2288	297	263	72	135
8601	14	80	242	176	92	17	984	109
8602	380	27	1671	48	92	1543	39	15
8603	42	27	3671	2290	92	17	39	15
8604	881	503	3668	417	236	612	505	915
8605	14	99	3672	78	1291	1544	56	535
8606	15	148	3673	2291	295	100	72	1185
8607	437	148	3674	2292	741	363	839	659
8608	14	1088	159	2293	95	1545	41	15
8609	146	240	433	2294	249	18	70	117
8610	14	27	3675	58	45	17	41	15
8611	178	442	503	409	273	18	230	243
8612	14	72	159	113	95	17	233	15
8613	14	516	3676	518	290	640	39	109
8614	14	27	2089	48	290	17	499	235
8615	883	116	3677	25	1021	563	243	205
8616	15	116	1528	944	1034	127	497	497
8617	14	77	3678	853	20	731	39	15
8618	14	1089	159	113	95	1375	942	15
8619	15	1090	3679	409	1292	18	235	248
8620	14	80	439	822	61	17	94	531
8621	15	142	1990	521	273	263	603	231
8622	15	240	3681	2296	291	18	70	231
8623	782	61	1430	338	17	68	56	93
8624	15	277	509	409	69	18	70	231
8625	178	76	496	501	295	18	1049	230
8626	46	45	67	389	46	23	25	1
8627	14	27	170	1154	608	732	153	646
8628	14	27	1497	78	562	17	26	109
8629	14	80	3342	24	1231	688	565	578
8630	15	363	3684	663	273	1547	245	231
8631	14	27	170	518	544	1097	39	109
8632	42	27	3664	121	92	1542	39	15
8633	42	94	3685	144	557	589	56	15
8634	437	148	3674	2292	741	100	839	659
8635	15	116	1528	944	1034	127	72	497
8636	887	80	891	121	110	98	251	109
8637	14	77	3686	2214	566	588	86	90
8638	15	487	503	2298	1293	18	1050	1187
8639	136	432	2086	25	1021	563	243	205
8640	14	1091	1671	48	92	17	39	15
8641	146	240	433	101	249	18	245	117
8642	297	1092	3687	263	17	17	39	1
8643	42	77	3688	58	25	17	39	15
8644	14	1093	3689	2299	42	17	56	15
8645	42	27	3690	24	92	17	39	15
8646	14	25	36	2300	24	23	154	23
8647	15	69	3691	417	236	612	1051	915
8648	14	27	170	34	92	17	56	15
8649	33	460	367	80	315	17	56	25
8650	60	77	471	2303	281	261	236	1044
8651	888	338	1347	10	9	817	9	7
8652	26	1095	3230	30	56	9	22	246
8653	20	67	670	263	17	1549	23	1027
8654	889	40	60	50	23	9	36	34
8655	9	1096	60	50	23	9	36	34
8656	9	236	427	30	72	1550	96	22
8657	9	13	3692	623	36	9	322	325
8658	9	1097	1387	76	23	9	463	22
8659	9	17	3694	2305	23	9	23	100
8660	862	13	499	93	1295	1551	16	32
8661	9	13	3616	640	23	9	24	1188
8662	735	45	3695	389	23	9	24	332
8663	46	45	67	389	46	9	24	332
8664	165	45	67	389	46	9	24	1
8665	9	13	57	65	23	1552	73	20
8666	26	1099	420	66	23	9	46	20
8667	26	13	200	2306	16	9	105	32
8668	20	67	678	342	56	9	22	1
8669	9	45	844	18	17	9	250	58
8670	9	483	2767	2307	23	526	429	34
8671	9	13	3696	62	48	1553	250	143
8672	9	13	875	65	23	1554	24	22
8673	55	63	421	2308	17	9	46	58
8674	314	1100	619	18	201	9	250	58
8675	9	13	283	2309	68	9	53	57
8676	297	144	347	263	23	397	36	34
8677	165	45	754	18	17	9	96	58
8678	9	1101	872	641	392	9	23	100
8679	72	484	3697	936	16	9	253	493
8680	9	13	3698	2311	66	350	16	32
8681	9	1103	3700	2312	16	9	46	1189
8682	72	110	1508	2313	570	591	204	143
8683	893	13	499	2314	56	494	490	408
8684	9	236	427	2315	72	9	96	22
8685	356	13	2295	263	201	9	23	193
8686	9	40	60	50	23	1108	36	34
8687	9	13	1581	30	555	1557	769	336
8688	9	13	3702	237	23	9	23	22
8689	9	13	871	640	23	9	1052	34
8690	9	13	421	2316	240	9	23	42
8691	9	13	365	244	23	9	22	1190
8692	9	40	3703	50	23	9	36	34
8693	9	236	427	2317	72	9	96	22
8694	9	1104	3704	259	23	493	24	195
8695	9	13	871	640	23	1558	24	34
8696	46	45	2338	389	46	9	776	1
8697	165	3	3705	123	78	1559	73	1
8698	9	1105	536	523	23	9	36	259
8699	9	13	283	2318	68	9	53	57
8700	9	13	855	630	23	1560	24	332
8701	9	37	2665	1660	72	9	23	22
8702	9	13	875	2319	12	9	24	22
8703	9	13	115	2320	73	9	16	60
8704	9	13	421	2316	23	9	53	1191
8705	9	53	3706	65	23	9	46	78
8706	9	36	3707	641	1297	9	201	20
8707	9	1106	427	30	72	9	96	22
8708	9	1063	3613	2248	23	9	24	1192
8709	9	1107	1581	62	1298	1561	23	505
8710	9	13	67	89	46	619	429	58
8711	31	1108	3708	869	526	57	457	451
8712	26	13	200	76	1299	9	105	32
8713	21	35	355	279	46	9	250	1
8714	625	35	1255	30	46	9	250	1
8715	46	45	67	389	46	9	776	1
8716	26	58	2859	88	68	9	53	917
8717	46	45	67	66	46	9	23	1
8718	46	45	82	30	46	9	46	273
8719	225	37	3206	626	386	9	1053	49
8720	9	1109	283	2321	68	9	53	57
8721	9	13	421	2322	16	9	46	196
8722	894	13	82	30	23	9	46	42
8723	9	13	3710	12	8	7	24	12
8724	9	13	3711	62	48	9	23	505
8725	9	13	2583	1627	927	9	250	825
8726	46	45	2338	389	46	9	46	42
8727	45	2	3712	2323	46	9	24	34
8728	9	1101	460	30	56	9	22	246
8729	26	13	3713	672	23	378	23	34
8730	9	13	452	18	201	9	600	58
8731	9	13	3714	93	73	9	16	60
8732	9	1110	427	30	72	9	1054	1193
8733	9	36	1275	30	1300	9	776	1194
8734	26	45	945	389	46	9	23	1
8735	9	45	283	389	46	9	53	1
8736	9	236	427	30	1301	9	96	22
8737	895	236	427	30	72	9	96	22
8738	9	13	3715	65	1023	9	204	1083
8739	9	13	3716	903	288	9	471	143
8740	14	73	179	139	86	17	56	58
8741	42	84	170	686	98	65	56	15
8742	46	61	3718	10	46	1563	9	58
8743	14	1098	3719	1	38	1	10	107
8744	20	2	3720	2324	174	10	4	54
8745	330	35	3282	435	46	1564	9	58
8746	14	2	347	48	46	17	39	164
8747	2	4	1425	12	8	565	1	6
8748	2	127	337	8	2	10	215	1196
8749	2	4	326	2326	8	22	1056	54
8750	4	4	752	2006	11	107	118	83
8751	2	82	887	27	83	1	1	66
8752	14	27	170	2327	110	74	39	15
8753	12	3	23	2328	10	1	1	1
8754	136	432	3722	896	130	127	72	462
8755	70	1	229	12	8	1565	4	24
8756	191	1112	155	209	38	1	10	107
8757	22	3	46	1	1303	10	4	8
8758	9	13	3723	62	48	9	23	505
8759	14	27	179	139	86	17	1058	87
8760	775	2	3254	110	87	17	39	15
8761	51	80	161	126	97	1566	39	15
8762	775	1113	3254	110	87	17	39	15
8763	2	120	3724	43	8	1567	100	2
8764	12	2	660	131	775	1	7	107
8765	6	11	12	11	10	1568	1	1
8766	93	3	7	8	1304	10	7	6
8767	2	4	129	2329	83	2	1	66
8768	2	9	83	8	8	1570	47	6
8769	56	1114	728	349	1305	1	294	68
8770	12	3	23	2330	10	1571	1	1
8771	2	1	58	6	38	1572	7	8
8772	2	2	3725	12	8	7	15	12
8773	20	3	1	12	119	1573	7	104
8774	2	82	3726	8	4	12	4	2
8775	2	1115	236	2334	38	29	7	8
8776	61	209	3727	378	1	10	181	182
8777	2	82	865	349	265	1	430	128
8778	898	22	12	28	8	10	7	6
8779	2	4	3728	12	8	7	15	12
8780	13	31	3729	12	31	1	30	6
8781	6	3	2	2335	8	7	15	12
8782	2	3	1051	131	372	10	361	31
8783	99	147	353	810	71	1	140	139
8784	2	9	659	2336	1	1	116	1
8785	128	2	939	2337	11	1	2	1
8786	6	3	2	12	1307	7	15	12
8787	56	5	275	11	11	1	1061	65
8788	12	2	3730	8	4	2	4	2
8789	2	1	388	2339	132	1	17	58
8790	2	16	20	1	11	64	14	1197
8791	4	133	321	213	151	1	1062	1
8792	13	877	24	20	18	12	4	968
8793	2	12	13	12	11	1	1063	8
8794	4	82	882	228	851	1	29	1
8795	2	1118	110	91	70	1	214	1199
8796	901	1120	3735	2341	11	10	7	1200
8797	13	1122	112	12	1309	1576	30	1201
8798	6	1	695	84	403	1	1064	1
8799	13	31	585	12	407	285	4	1202
8800	8	3	3736	131	8	1	28	201
8801	2	4	3017	12	8	7	15	12
8802	2	1123	932	287	173	387	151	53
8803	3	3	3737	344	3	1	4	3
8804	6	3	3738	12	8	7	15	12
8805	2	2	2	23	8	7	651	12
8806	393	3	2	12	8	7	15	12
8807	2	12	13	2346	11	1	10	8
8808	4	5	14	4	5	1	12	4
8809	2	1125	368	42	31	28	30	6
8810	6	47	75	2349	2	32	4	1
8811	903	35	50	43	500	10	4	30
8812	4	1126	140	112	44	1	17	68
8813	2	2	2	12	8	1578	15	12
8814	4	1	52	45	1311	1	31	8
8815	6	35	3744	8	4	1	4	2
8816	6	35	3745	8	2	40	1065	2
8817	13	3	3746	8	8	40	59	1204
8818	2	2	3747	131	11	1579	1066	2
8819	20	47	129	1490	8	54	7	6
8820	6	35	50	67	2	54	3	2
8821	2	2	3748	12	8	7	15	12
8822	3	146	3	2352	3	1	4	3
8823	64	1127	869	28	354	1	40	6
8824	13	3	75	2355	8	40	216	6
8825	4	65	3750	12	8	1580	4	2
8826	3	220	3751	1	3	1	4	3
8827	22	147	3752	1	71	1	140	139
8828	905	3	3	1	3	1	4	3
8829	12	2	3753	131	8	1	7	107
8830	3	3	3	1	3	1581	4	3
8831	56	406	303	131	146	1582	10	1
8832	64	140	869	2356	354	1	40	6
8833	2	2	2	12	8	1583	15	12
8834	12	30	41	35	71	1584	28	28
8835	2	2	2	12	8	1585	15	12
8836	100	16	570	1	8	1	28	1208
8837	2	4	3064	325	8	7	7	1209
8838	20	3	3066	292	28	1	29	1
8839	2	2	1374	1	145	10	7	19
8840	46	61	3757	6	1314	29	7	8
8841	2	1	3758	6	38	29	7	8
8842	2	2	2	1888	8	7	15	12
8843	12	2	135	8	4	1586	4	2
8844	2	1128	2	12	8	7	15	12
8845	2	2	2	12	8	7	15	1210
8846	13	31	3759	246	359	324	7	6
8847	22	3	46	1566	11	10	4	8
8848	12	2	135	8	4	1587	4	2
8849	907	82	3760	2360	4	12	39	2
8850	121	3	630	2362	205	186	125	175
8851	2	4	74	12	8	7	1067	12
8852	6	3	3761	12	8	7	15	12
8853	99	147	2432	1	71	1	140	139
8854	4	23	30	29	8	1588	7	19
8855	20	238	238	2364	2	10	17	51
8856	2	1132	2	12	8	7	15	12
8857	908	2	2	12	8	7	15	12
8858	6	1134	75	8	2	32	4	1
8859	2	1	58	6	38	29	7	662
8860	2	2	2	2366	8	7	192	12
8861	5	1135	2416	229	1	1	116	1
8862	12	2	993	28	1317	1589	7	6
8863	4	82	327	217	1318	7	15	2
8864	12	30	41	35	71	1229	28	28
8865	12	30	3764	35	71	1	28	28
8866	2	16	573	131	8	1590	787	19
8867	909	82	135	8	4	12	4	2
8868	30	46	226	43	50	420	1068	40
8869	12	176	375	1	1320	158	28	8
8870	3	3	3	1	3	1591	4	3
8871	911	23	37	29	8	22	7	19
8872	2	82	135	1218	4	12	4	2
8873	20	3	3769	292	28	1	29	1
8874	22	3	46	1	1321	10	4	8
8875	2	3	7	8	8	1592	7	6
8876	2	2	2	2370	1	7	15	12
8877	3	3	3	1	3	1	4	1211
8878	22	1136	3770	1	11	10	4	8
8879	913	1	3771	6	38	1593	7	1212
8880	4	1	889	341	1	1	1070	8
8881	2	22	48	2372	827	28	30	6
8882	2	1	58	2373	38	29	7	8
8883	13	31	49	12	174	1594	4	54
8884	4	81	3772	84	202	182	173	8
8885	2	1	3773	6	38	29	7	8
8886	2	2	2	55	1322	7	15	12
8887	2	4	74	12	8	7	15	1213
8888	2	22	48	42	827	1595	30	6
8889	22	2	3774	2374	1	10	4	1
8890	6	3	2	12	8	1596	15	12
8891	6	102	10	2375	70	1	1	6
8892	6	47	75	1907	2	1285	4	1
8893	6	3	2345	12	8	7	15	12
8894	2	12	1913	12	8	28	7	19
8895	4	1	581	7	32	1597	4	2
8896	21	1012	3429	12	8	1	1071	8
8897	21	9	47	41	208	1	1072	29
8898	6	7	269	749	7	1598	1	1
8899	20	3	3776	292	28	1	29	1
8900	12	30	41	35	71	487	28	28
8901	36	1	58	6	1324	29	7	8
8902	6	16	329	1	149	1	1073	11
8903	6	3	3777	12	8	531	15	12
8904	4	2	140	112	44	1	39	68
8905	2	2	2	12	183	1599	15	1215
8906	2	2	2	2378	8	7	15	12
8907	200	3	1	12	119	7	7	1216
8908	2	1137	2	12	8	1600	15	12
8909	2	22	3778	42	31	28	30	1217
8910	2	2	2	2379	8	7	15	12
8911	2	2	2	2381	8	7	15	12
8912	2	2	3780	2382	8	7	1074	1218
8913	2	2	2	1472	8	7	15	12
8914	2	2	3781	12	8	7	15	12
8915	2	4	74	12	8	7	1075	12
8916	2	2	2	462	8	7	15	1219
8917	2	2	2	12	8	1601	15	745
8918	4	1138	3782	2383	8	829	7	19
8919	2	2	2	12	8	7	1076	12
8920	2	2	3163	12	8	7	15	1221
8921	2	16	378	1	44	1603	165	68
8922	914	1139	3784	323	1327	12	4	1223
8923	12	3	23	19	10	1604	1	1
8924	2	16	3785	2384	1328	1605	1077	1224
8925	2	22	379	42	31	1606	30	6
8926	6	11	12	11	10	1	1	10
8927	13	67	3786	2385	196	10	7	1
8928	13	31	49	12	174	10	1079	54
8929	22	147	3787	231	1329	10	1080	140
8930	2	1	266	1494	201	1	17	152
8931	2	22	3788	42	31	28	30	6
8932	2	1	58	6	38	1608	7	8
8933	915	2	140	112	44	1	17	68
8934	4	2	140	112	44	1	17	1225
8935	4	65	110	2386	8	40	3	2
8936	5	143	659	1984	199	1	116	1
8937	20	172	129	365	8	7	84	108
8938	17	1140	160	28	8	21	7	6
8939	2	82	135	8	4	12	4	1226
8940	916	101	1510	156	109	78	461	50
8941	16	21	141	92	74	19	1081	69
8942	14	27	139	111	25	1610	39	15
8943	15	243	434	101	80	127	1082	64
8944	6	80	165	48	37	17	34	15
8945	4	2	167	406	8	441	4	8
8946	12	3	23	19	10	1	1	1227
8947	3	3	3	2387	188	171	4	3
8948	2	245	373	8	235	10	1	1
8949	2	22	48	42	1331	28	30	6
8950	12	2	135	282	4	2	4	18
8951	2	2	169	2388	11	1	1083	664
8952	4	1	889	341	8	1	28	1228
8953	17	22	12	28	8	1611	7	6
8954	918	3	75	8	8	40	59	6
8955	13	31	3791	8	8	1	1	66
8956	4	5	14	2389	5	1	5	4
8957	919	16	573	131	8	1	7	19
8958	4	5	14	4	5	1	5	1229
8959	6	102	10	235	1332	1	1	6
8960	2	28	3792	12	8	38	10	46
8961	2	4	252	12	1333	99	4	6
8962	2	22	48	2390	1045	28	30	6
8963	2	1	58	2391	38	1612	7	8
8964	2	1	58	6	38	29	1084	8
8965	920	35	593	1	71	1	4	24
8966	2	1141	135	880	4	867	4	2
8967	2	82	135	8	4	867	4	1230
8968	2	82	135	8	4	1613	4	2
8969	2	82	135	8	4	1614	4	2
8970	2	82	135	1220	4	867	4	2
8971	2	82	135	8	4	1617	1085	2
8972	921	1143	135	8	4	867	4	2
8973	2	2	2	12	8	1620	15	12
8974	922	31	43	38	8	10	4	6
8975	12	2	3794	1473	4	2	4	2
8976	20	4	37	3	4	10	4	1233
8977	2	65	157	96	44	1	1086	68
8978	2	16	1077	246	1334	155	194	2
8979	2	2	2	2002	8	7	15	12
8980	12	2	135	1233	4	1621	4	2
8981	6	35	50	8	179	54	3	1
8982	12	30	41	35	71	1622	28	28
8983	20	75	238	8	2	1623	57	51
8984	5	6	11	445	6	4	6	2
8985	2	1	3795	6	38	29	7	8
8986	2	16	3796	131	8	1	7	19
8987	2	3	7	2393	8	54	1087	6
8988	139	9	47	279	46	1	4	1
8989	5	143	659	2394	1	1	147	1
8990	117	1	3797	131	132	132	17	152
8991	5	143	3798	229	1	1	116	1
8992	12	30	358	235	1	1138	149	1
8993	5	143	2416	229	1	1624	116	1
8994	2	82	135	27	83	1237	1	66
8995	2	3	7	2395	8	7	7	802
8996	6	4	10	2	4	7	15	12
8997	2	1	3799	6	38	29	7	8
8998	56	1	3800	137	100	1	81	85
8999	2	2	3043	12	8	7	15	12
9000	4	89	3801	2370	8	10	1088	2
9001	924	30	41	35	71	131	28	28
9002	12	2	135	8	4	2	4	1234
9003	6	4	10	2	4	1625	3	2
9004	22	3	46	14	11	10	4	8
9005	13	179	129	8	1	7	84	108
9006	202	5	167	577	1336	15	4	1
9007	6	35	3802	8	2	10	4	2
9008	99	147	353	2398	71	1	140	139
9009	2	2	2	12	8	708	15	12
9010	2	2	2	12	8	1626	15	12
9011	2	2	2	2399	8	7	15	12
9012	2	2	3803	12	8	7	15	12
9013	2	2	3804	12	8	7	15	12
9014	6	3	2	12	8	7	15	1236
9015	2	2	2	12	8	7	15	1237
9016	2	2	2	12	8	7	15	1238
9017	2	2	2	12	1337	7	15	12
9018	2	2	2	12	8	221	15	12
9019	2	2	2	12	8	7	1089	12
9020	12	2	660	131	8	1627	7	107
9021	2	2	3805	12	8	7	15	12
9022	925	2	169	131	11	1	1	1239
9023	926	1	177	137	100	1	81	85
9024	2	1146	2	12	8	7	15	12
9025	12	1	31	8	2	1628	17	1
9026	2	193	13	1168	11	1	10	1240
9027	17	22	3806	28	8	10	7	6
9028	2	82	2245	8	4	12	4	2
9029	20	1147	633	702	8	10	278	2
9030	12	2	135	8	1338	2	4	2
9031	95	1148	661	1	340	10	1	1
9032	12	2	70	161	19	1	17	68
9033	30	46	135	707	8	1629	129	2
9034	56	1	177	137	100	1021	81	1241
9035	13	31	43	20	8	10	4	6
9036	2	1	3809	6	38	29	7	8
9037	6	11	12	2400	10	1	1	1
9038	3	1149	3810	1	3	1	4	3
9039	12	30	41	2401	71	1	28	28
9040	12	3	23	19	10	1	1090	1
9041	2	1	58	6	1339	29	7	8
9042	2	4	3811	12	8	7	15	12
9043	2	2	2	2402	365	2	3	2
9044	12	1	3812	8	2	10	17	1
9045	928	834	3813	28	1	10	7	6
9046	6	3	2	1478	8	1469	15	12
9047	17	22	3814	6	38	1630	7	8
9048	6	3	123	100	79	1	1	1242
9049	12	2	135	2403	4	2	4	2
9050	2	247	58	6	38	29	7	8
9051	929	2	288	1	8	109	120	24
9052	2	9	3815	12	4	10	4	6
9053	12	2	135	954	4	1631	4	2
9054	2	1150	13	12	11	1	10	8
9055	17	22	12	442	8	10	7	1243
9056	4	75	88	12	4	152	4	2
9057	20	3	738	2404	8	10	7	6
9058	4	1	3816	2405	38	15	18	1
9059	56	5	3817	1	11	10	4	8
9060	4	1151	88	12	4	152	4	2
9061	12	2	135	8	4	1632	4	2
9062	2	4	3818	12	8	7	15	12
9063	36	615	129	100	83	1	1	66
9064	6	3	939	1	179	10	4	8
9065	930	140	154	1	8	116	4	5
9066	931	3	2	12	8	7	15	12
9067	61	2	3819	21	19	109	4	14
9068	17	2	3820	2406	8	21	7	6
9069	2	2	2	12	8	7	15	1244
9070	2	2	2	12	8	7	15	1245
9071	2	2	3821	12	8	7	15	12
9072	2	2	3822	12	8	7	15	12
9073	2	2	2	12	8	7	15	1246
9074	2	2	3823	12	8	7	15	12
9075	2	2	2	2409	8	7	15	12
9076	22	3	46	1	11	10	380	8
9077	2	1	58	6	38	29	1092	8
9078	1	1	3824	1	1	1	2	1
9079	2	82	3825	349	1340	1	4	128
9080	932	3	129	100	83	1	1	66
9081	17	22	160	28	8	1634	7	6
9082	2	15	18	12	13	10	4	1247
9083	933	145	898	1	10	1	1	1
9084	2	22	48	42	31	28	30	1248
9085	934	47	75	8	2	10	4	1249
9086	2	2	2	12	8	7	15	1250
9087	2	28	87	12	8	1636	10	46
9088	22	3	46	1	11	1637	4	1251
9089	30	46	3827	43	50	1	1094	40
9090	13	138	129	228	7	7	7	8
9091	13	31	3829	246	359	324	7	6
9092	49	1152	155	223	71	1	4	74
9093	3	3	3	1	3	1638	4	3
9094	4	1	889	653	8	1639	28	1228
9095	935	31	49	12	174	10	4	54
9096	12	1153	135	8	4	2	4	2
9097	12	2	135	8	4	1640	4	2
9098	6	3	2	281	8	7	15	12
9099	3	3	3	1	3	1641	4	3
9100	2	1154	109	3	4	3	1	2
9101	6	7	671	2410	17	5	1	58
9102	2	2	3831	12	8	7	15	1252
9103	2	2	2	12	8	7	15	1252
9104	2	2	3832	12	8	136	15	12
9105	2	2	2	12	8	7	1095	12
9106	2	82	135	8	4	1642	4	1232
9107	2	4	74	12	8	1643	15	12
9108	6	3	3833	12	8	7	15	12
9109	12	2	135	2411	4	2	4	2
9110	2	22	48	2412	31	28	30	6
9111	2	1	58	6	38	1645	1092	8
9112	12	2	135	8	4	1646	4	2
9113	2	2	3835	12	8	7	15	12
9114	2	2	3836	12	8	7	15	12
9115	2	2	3834	12	8	7	15	12
9116	2	1	58	6	1341	29	7	8
9117	2	82	135	8	622	7	15	12
9118	2	1155	135	2413	1342	488	4	14
9119	6	3	2	1409	8	7	15	12
9120	264	2	3837	1	71	1647	2	374
9121	2	1	58	6	38	1648	7	8
9122	936	3	3838	12	8	7	15	12
9123	937	4	74	12	8	7	15	12
9124	5	143	659	229	199	1	1096	1
9125	2	127	10	8	2	40	1097	2
9126	4	1	156	57	44	1649	40	38
9127	938	60	110	91	70	1	214	1
9128	2	2	169	2415	11	1	1098	2
9129	12	1156	341	228	54	1	183	1254
9130	22	3	46	1	11	10	4	1255
9131	6	3	3840	12	8	7	15	12
9132	17	22	160	2416	8	21	7	6
9133	2	82	3841	8	4	12	4	2
9134	3	3	3	1	3	745	4	3
9135	940	3	3	1	3	1	4	3
9136	2	4	3634	12	8	491	15	12
9137	3	3	3842	1	3	1	4	3
9138	6	3	2	12	8	674	15	12
9139	12	30	41	35	71	131	1100	28
9140	2	666	135	8	4	12	4	2
9141	56	82	1	235	70	1650	1	6
9142	127	204	67	333	46	1	4	58
9143	2	65	204	12	8	10	129	1257
9144	2	2	2	12	8	7	1101	12
9145	6	3	2	280	8	7	15	12
9146	4	5	14	4	5	229	5	4
9147	476	16	20	1	11	64	179	8
9148	13	2	347	89	46	10	4	1258
9149	942	3	455	481	4	28	1	225
9150	6	1	864	607	360	1	270	83
9151	6	140	154	1	8	1651	4	5
9152	2	2	2	2433	8	7	15	12
9153	4	210	3845	443	4	40	3	2
9154	2	3	3846	2435	8	1	93	1
9155	2	461	3847	12	232	186	17	68
9156	2	65	204	12	8	77	4	1259
9157	42	1159	1296	24	25	17	39	15
9158	33	460	367	80	315	17	39	15
9159	9	37	3849	47	36	9	53	36
9160	6	48	3390	1	232	1	17	68
9161	9	13	3850	79	16	9	23	20
9162	14	301	183	506	1207	17	1103	15
9163	618	1160	3851	62	778	9	250	143
9164	14	57	3852	78	42	1652	56	90
9165	20	3	3854	219	263	1	40	1
9166	2	1161	655	8	4	10	4	2
9167	2	1	721	100	83	7	226	66
9168	2	1162	58	6	38	29	7	8
9169	9	13	57	65	23	1653	73	20
9170	2	45	129	8	8	1654	84	108
9171	2	1	3855	6	38	29	7	8
9172	6	4	14	2437	5	40	4	53
9173	56	33	3856	12	8	10	4	2
9174	14	27	250	146	103	17	39	71
9175	4	75	322	1	1	1	2	1
9176	12	329	3857	339	1349	1	2	1
9177	14	27	3858	2438	92	17	39	15
9178	26	13	3859	65	23	9	71	43
9179	9	1063	3613	2248	23	9	24	1260
9180	22	147	3860	1	71	1	140	139
9181	14	27	3861	1686	1350	17	76	50
9182	14	80	493	2439	544	17	39	15
9183	6	102	10	235	1351	1	1	6
9184	26	13	552	122	23	9	24	544
9185	9	13	3862	93	66	9	16	32
9186	12	329	751	339	1352	1	2	1
9187	56	1	2	12	8	7	15	1261
9188	9	13	3863	2440	23	9	36	259
9189	204	1163	3865	378	1182	1	1	1
9190	9	13	2657	1216	23	1655	24	34
9191	20	3	55	2441	1	1	32	5
9192	9	1164	1719	999	16	9	566	22
9193	26	13	150	1651	23	9	24	34
9194	2	2	3866	746	8	15	4	5
9195	14	516	3867	1773	544	1656	39	109
9196	6	1066	157	2443	71	1	4	1
9197	2	1	3869	366	38	29	7	8
9198	56	1	2	12	8	7	91	665
9199	49	7	3870	2444	8	1	1	1262
9200	173	77	170	2445	503	17	39	15
9201	178	272	3871	409	649	276	70	231
9202	15	363	503	1776	1353	18	496	351
9203	2	328	3872	2435	8	1	28	1263
9204	14	809	257	2446	1005	17	94	15
9205	9	13	3873	1762	23	9	239	22
9206	12	2	70	161	1	1657	4	163
9207	136	432	1404	25	21	520	1106	244
9208	20	162	1273	1	145	1	124	1
9209	2	75	573	131	8	1	7	19
9210	173	27	3875	48	110	1658	464	1264
9211	947	493	3876	921	1354	100	20	1265
9212	42	27	553	325	92	17	39	15
9213	56	1	3877	408	46	2	3	1
9214	15	76	438	274	254	1659	213	205
9215	2	167	3878	2447	38	15	1	1266
9216	13	1165	75	8	8	40	1107	6
9217	6	4	3880	2	4	10	129	2
9218	42	957	170	123	78	17	39	280
9219	13	3	152	117	78	830	72	81
9220	4	9	3881	1	159	1	2	1
9221	14	27	3882	2448	95	17	39	15
9222	4	1	3883	131	173	125	151	53
9223	12	16	287	21	19	1	4	14
9224	15	487	503	409	1293	18	1050	1187
9225	9	13	57	47	36	362	53	36
9226	9	13	116	2449	1355	9	53	36
9227	2	78	3884	8	2	7	7	73
9228	15	432	3885	944	1356	100	1108	476
9229	204	152	3886	84	44	1660	7	1267
9230	2	16	754	18	8	1	7	19
9231	82	27	3887	192	135	68	112	90
9232	9	13	2653	2450	23	9	71	195
9233	15	76	3888	274	254	236	213	205
9234	9	36	3889	845	72	9	96	22
9235	56	2	709	131	1	1661	4	1
9236	2	1	3890	6	38	29	7	8
9237	2	65	157	8	4	125	4	2
9238	2	1	721	100	83	7	1109	66
9239	9	13	958	30	16	9	1110	1268
9240	4	1	307	2451	38	1	10	107
9241	13	31	3891	8	71	29	7	6
9242	15	116	1343	859	296	1662	242	443
9243	14	27	257	24	503	68	92	106
9244	14	97	1654	121	92	17	76	1073
9245	15	148	529	520	1357	275	243	252
9246	2	4	110	2452	8	2	4	6
9247	9	55	3892	83	1358	33	23	52
9248	2	2	642	1	252	1	61	1
9249	9	1166	1658	122	23	9	453	22
9250	2	47	3893	8	212	1	1	1
9251	2	82	135	2454	1360	1664	4	2
9252	2	65	10	12	1361	1	4	8
9253	4	1167	3895	1997	8	1	124	1269
9254	616	944	3189	1644	92	23	1112	90
9255	9	13	1627	65	1362	9	24	43
9256	2	1	3896	332	132	1	17	152
9257	15	432	3897	25	21	520	20	244
9258	2	82	135	164	1363	29	7	8
9259	2	2	3898	148	105	69	3	6
9260	2	2	3899	131	11	1	1	2
9261	56	3	3900	1	11	10	4	8
9262	934	47	75	8	2	10	4	1270
9263	14	1168	3901	2455	993	17	56	1271
9264	14	27	3902	2456	42	84	82	90
9265	42	1169	553	121	92	17	39	15
9266	178	76	1586	962	640	737	505	629
9267	56	1170	3903	2457	1364	1	4	142
9268	20	3	3904	108	11	38	10	8
9269	802	73	72	887	92	17	39	15
9270	1	81	3874	339	44	280	181	386
9271	948	9	83	8	8	35	47	6
9272	2	1	58	6	1365	29	7	8
9273	2	1	58	6	1366	29	7	8
9274	2	4	74	2460	8	7	15	12
9275	2	2	2	55	8	204	15	12
9276	2	2	2	2461	8	7	15	12
9277	4	4	3906	1	44	15	140	165
9278	2	127	3907	8	2	2	121	125
9279	12	2	135	8	1367	2	4	2
9280	6	3	2	661	8	7	15	12
9281	12	2	135	8	4	1666	4	2
9282	949	22	379	2462	31	28	30	2
9283	2	1	3072	89	46	1667	7	58
9284	13	31	210	2463	31	1	30	6
9285	4	1	572	2464	38	15	18	1
9286	2	3	3908	219	38	1	182	1
9287	2	2	2	12	8	1668	15	12
9288	2	82	110	91	70	1	63	1272
9289	2	2	2	317	8	282	15	12
9290	20	75	3911	2466	8	10	278	2
9291	950	1	177	137	100	1	81	85
9292	2	82	110	2467	70	1	63	1173
9293	2	2	2	12	8	1150	1114	12
9294	2	2	2	12	8	7	1115	12
9295	2	2	2	12	8	1150	1116	12
9296	12	2	135	8	4	1670	4	2
9297	13	61	2728	2468	196	40	59	6
9298	38	61	89	134	46	17	56	58
9299	15	487	3543	2469	1250	127	232	117
9300	383	283	3255	2471	181	643	72	1273
9301	14	27	3912	24	92	17	56	15
9302	38	61	89	134	46	60	56	58
9303	48	2	3913	193	92	17	39	15
9304	14	1172	159	113	95	17	41	15
9305	14	77	1836	853	20	1424	39	15
9306	14	44	161	24	1369	17	39	15
9307	952	481	3915	506	92	17	39	15
9308	15	487	503	409	1293	1671	1050	1187
9309	13	67	392	313	46	17	39	304
9310	14	77	493	80	1370	17	56	1274
9311	14	27	2089	2472	110	17	56	15
9312	13	3	3916	487	110	74	39	15
9313	15	148	950	681	129	100	1023	135
9314	14	299	556	80	315	17	56	1274
9315	14	73	170	146	78	17	41	15
9316	42	27	3917	121	92	17	39	15
9317	82	27	480	192	135	1672	1119	90
9318	2	2	2	2474	8	7	15	12
9319	6	35	3918	43	1	10	4	30
9320	2	29	3919	1	5	1	27	27
9321	953	2	2	2475	8	7	15	12
9322	12	30	41	35	71	1	1120	28
9323	3	3	3920	1	3	1	4	3
9324	3	3	3	1	3	1674	4	3
9325	3	3	3921	1	3	1	4	3
9326	3	3	3	1	3	1	1121	3
9327	6	1173	10	2	4	2	3	2
9328	3	3	3922	1	3	1	4	3
9329	22	3	46	1	11	317	4	8
9330	46	2	185	116	46	5	1	58
9331	6	7	269	749	157	5	1	1
9332	2	1	3924	6	38	29	641	8
9333	4	1	572	2476	38	15	18	1
9334	2	2	2	12	986	7	15	12
9335	3	3	3	1	3	166	1123	3
9336	2	2	3925	12	8	7	1124	12
9337	6	3	2	12	1373	7	15	12
9338	12	1	3926	131	11	1	199	1
9339	12	1174	23	2479	1375	1675	1	1276
9340	954	3	3927	131	372	341	1126	1277
9341	12	1	737	131	11	1	199	1278
9342	956	82	135	8	4	12	4	2
9343	99	147	353	1	575	1676	140	139
9344	3	3	2689	1	3	166	4	3
9345	3	1176	3	1	3	1	4	3
9346	2	1177	1057	18	17	1	17	152
9347	13	3	75	8	448	40	59	1280
9348	347	45	794	6	1380	572	28	8
9349	4	1	889	2485	8	1	28	8
9350	2	1	864	607	360	1	1129	83
9351	959	4	10	2	53	2	3	2
9352	4	9	3934	217	8	7	7	6
9353	2	82	263	599	2	1	1	6
9354	310	686	2	2486	8	7	15	12
9355	12	2	135	2488	4	2	4	2
9356	20	654	3935	1	1383	2	3	6
9357	61	328	3936	2491	71	1679	1130	1
9358	2	28	87	2492	8	1680	10	1285
9359	6	3	2	2493	8	7	15	12
9360	20	3	3937	12	119	7	7	104
9361	6	3	2	2495	8	7	15	12
9362	2	9	3938	8	8	7	47	6
9363	961	1180	3939	2496	8	7	15	1286
9364	2	2	2	2497	8	1681	15	12
9365	2	2	2	12	8	1683	15	12
9366	3	3	3	2498	3	1684	4	3
9367	2	2	2	2499	8	7	15	12
9368	6	404	303	131	1385	30	3	2
9369	6	1181	77	8	2	10	4	2
9370	2	16	573	389	46	1	7	19
9371	12	2	70	56	1386	30	4	1287
9372	12	2	660	2501	8	1	7	107
9373	22	147	352	231	71	10	143	1288
9374	13	18	24	2503	18	12	4	6
9375	2	2	3941	2504	2	2	3	2
9376	2	22	3942	42	31	28	30	6
9377	12	2	135	8	4	1685	4	2
9378	2	2	2	12	8	1686	15	12
9379	2	2	2	2507	8	7	15	12
9380	2	82	865	349	265	1	4	1291
9381	2	2	2	2509	8	7	15	12
9382	2	2	2	12	8	7	15	1292
9383	2	82	3947	91	70	1	63	1
9384	4	5	14	2510	5	1	5	4
9385	964	22	3949	28	1388	1688	7	6
9386	6	3	2	12	8	7	15	1294
9387	6	3	2	12	8	7	15	1295
9388	2	2	2	2512	8	7	15	12
9389	5	143	659	229	1	424	147	1
9390	12	3	23	19	10	1690	1	1
9391	2	3	129	8	8	7	84	108
9392	349	3	75	12	8	40	1134	6
9393	3	1185	3951	1	3	10	422	413
9394	2	3	3952	19	10	1	1	1
9395	95	45	3953	1	8	1	4	5
9396	2	82	135	8	4	1691	4	2
9397	202	3	3954	8	8	40	59	6
9398	49	7	155	2517	71	1	4	74
9399	4	5	14	4	5	1692	5	4
9400	360	61	678	408	46	21	7	6
9401	4	222	88	406	8	1	4	1296
9402	4	2	3955	235	28	504	271	153
9403	968	195	734	339	7	1	61	171
9404	49	7	155	125	71	1627	4	74
9405	1	1	3956	1	1	1	2	1
9406	2	3	3957	8	8	7	7	6
9407	2	9	3958	8	8	40	3	6
9408	20	75	3959	8	2	10	17	51
9409	20	3	3960	131	71	15	28	380
9410	6	3	2	12	8	7	1135	12
9411	969	24	3961	630	1394	9	22	22
9412	2	596	2	12	8	7	15	12
9413	2	596	2	12	8	1693	15	12
9414	3	3	3	1	3	1694	4	3
9415	12	2	135	2519	4	2	4	2
9416	6	3	2	376	8	7	15	12
9417	17	3	3962	28	8	21	7	6
9418	2	28	87	12	8	1695	10	46
9419	6	47	175	8	2	32	4	1297
9420	94	2	3964	208	7	1165	132	1
9421	2	15	18	12	13	10	4	1298
9422	970	102	10	235	70	1	1	6
9423	2	2	3965	131	11	1	1	2
9424	13	31	750	246	359	324	1136	6
9425	971	89	3966	12	8	10	4	2
9426	30	46	3967	8	138	103	28	2
9427	2	28	3968	12	26	2	3	26
9428	22	3	46	1	1395	10	4	8
9429	56	1187	1083	212	1396	1	4	128
9430	2	1	58	2521	38	29	7	8
9431	2	28	87	2522	8	38	10	46
9432	2	1	58	2524	1397	29	7	8
9433	13	31	43	38	8	10	4	1299
9434	6	3	2	12	8	1014	15	12
9435	6	3	2	1409	8	1696	15	12
9436	6	3	3970	12	8	7	15	12
9437	6	3	2	12	8	7	1137	12
9438	4	23	3971	29	8	22	7	19
9439	12	2	135	8	4	1697	4	2
9440	12	3	23	19	10	1	1	1300
9441	690	61	3124	89	46	10	137	1301
9442	2	3	7	2527	8	7	333	6
9443	13	1188	3973	349	3	15	287	634
9444	2	1	58	6	38	1249	7	8
9445	2	28	87	376	8	38	10	46
9446	2	9	83	8	8	35	1138	6
9447	2	28	87	1612	287	38	10	815
9448	973	1189	23	19	10	1	1	1
9449	13	31	3974	246	359	324	7	6
9450	49	7	155	1	159	1	2	1303
9451	2	2	2	2529	8	7	15	12
9452	2	4	74	12	8	1698	15	12
9453	2	1	58	6	38	1699	7	8
9454	64	140	869	28	354	1700	40	6
9455	2	131	944	2530	166	155	157	72
9456	17	22	160	28	8	21	7	215
9457	279	12	13	12	11	1	10	8
9458	974	3	652	200	140	15	40	1
9459	2	1190	3976	366	1400	29	676	8
9460	2	1	58	366	38	29	676	8
9461	2	3	3977	2532	78	28	30	1
9462	975	22	12	28	8	10	7	6
9463	6	102	10	235	70	1	1139	6
9464	17	22	12	2534	8	10	7	6
9465	6	3	3978	12	8	7	15	12
9466	2	1	58	2535	38	29	7	8
9467	2	82	3979	131	1	38	10	46
9468	4	4	3980	268	4	517	4	2
9469	2	82	930	8	1401	1	4	2
9470	211	82	135	8	4	12	4	1304
9471	2	193	13	12	1227	1	10	8
9472	2	9	631	12	4	1701	4	6
9473	12	30	3982	308	78	1	28	1305
9474	20	30	3983	35	835	1	28	1305
9475	15	441	3984	839	296	55	72	1307
9476	15	116	840	925	1402	100	478	462
9477	13	3	3986	2537	1404	1392	1	2
9478	14	27	72	58	1405	17	41	15
9479	42	2	159	71	69	17	39	15
9480	42	27	553	121	92	1704	39	15
9481	9	24	1633	31	23	9	520	22
9482	2	1	2565	2538	17	1	1140	152
9483	12	2	1434	228	348	10	283	1
9484	17	22	12	28	8	1705	7	6
9485	976	4	3987	12	137	2	4	6
9486	284	61	67	89	78	10	4	1
9487	17	22	3988	28	8	1706	7	6
9488	2	1193	135	8	4	7	15	12
9489	977	31	49	12	174	10	4	54
9490	99	147	353	2539	71	1	140	139
9491	6	1194	2	12	8	7	15	12
9492	12	30	41	2540	71	1	28	28
9493	6	3	2	12	8	7	15	1308
9494	2	1	58	6	38	1707	7	8
9495	2	1195	3989	6	38	1708	7	1309
9496	978	1	58	6	38	1710	7	8
9497	2	2	3991	2542	1407	7	15	12
9498	2	2	2	2544	8	7	15	12
9499	2	1	3994	6	38	29	7	8
9500	979	2	2	12	8	7	15	12
9501	2	2	3995	12	8	7	15	12
9502	4	2	3996	112	44	1	17	68
9503	2	127	335	8	2	1712	121	125
9504	6	3	3997	100	83	1	1	66
9505	2	1198	10	12	186	15	4	8
9506	4	30	41	35	1411	10	28	28
9507	17	22	3998	28	8	21	7	6
9508	2	1	58	2545	459	29	7	8
9509	17	1199	12	28	8	10	7	6
9510	2	28	87	12	8	38	1142	46
9511	12	2	135	2546	4	2	4	2
9512	12	2	135	2547	4	2	4	2
9513	2	2	2	12	8	1713	15	12
9514	2	2	2	12	8	1714	15	12
9515	2	2	2	12	8	1715	15	12
9516	12	3	342	19	10	1	1	1
9517	2	16	20	131	8	1647	7	19
9518	6	3	2	12	8	345	15	12
9519	6	3	3488	12	8	172	15	12
9520	980	193	13	12	11	1	10	8
9521	981	210	568	264	217	1	4	24
9522	2	127	335	8	1412	2	121	125
9523	2	2	2	2548	8	7	15	12
9524	70	1200	229	12	8	93	430	24
9525	2	2	4000	12	8	7	15	12
9526	982	444	169	131	11	1	1	2
9527	12	30	41	35	71	1717	28	28
9528	2	2	2	12	8	204	15	12
9529	2	140	373	1	182	117	4	1
9530	12	2	135	8	4	1718	4	2
9531	2	16	4002	1	11	64	14	8
9532	117	1	4003	131	132	132	17	152
9533	122	1	2048	6	38	29	7	8
9534	17	22	160	2551	8	21	7	6
9535	606	16	573	131	8	1	7	2
9536	280	1201	49	12	174	10	4	54
9537	2	1	4004	6	38	29	7	8
9538	2	1	4005	6	38	29	7	8
9539	2	1	58	6	38	1708	7	8
9540	983	2	135	8	4	2	4	2
9541	984	2	2	12	8	7	15	12
9542	17	22	12	28	8	1719	7	6
9543	2	2	2	12	1414	7	15	12
9544	13	3	75	2553	8	40	59	6
9545	2	4	74	12	8	1720	15	12
9546	6	3	2	2554	8	222	15	12
9547	6	2	4007	8	465	10	7	6
9548	6	102	10	235	70	1721	1	6
9549	985	1	1	1	1	1	2	1
9550	4	5	14	2555	5	1	5	4
9551	12	2	135	2556	4	2	4	2
9552	17	1203	12	28	8	10	7	6
9553	17	22	12	28	8	10	1145	6
9554	2	1204	241	8	8	1	1	108
9555	12	2	993	28	1317	10	7	6
9556	986	30	41	35	71	1722	1146	28
9557	12	2	4009	8	4	2	4	2
9558	2	1205	58	6	38	29	7	8
9559	12	2	135	8	1415	2	4	2
9560	3	3	4010	1	3	180	4	3
9561	3	3	3	1	1416	1	4	3
9562	2	4	252	12	127	1723	4	6
9563	2	82	135	8	1418	12	4	2
9564	12	1206	4011	12	2	10	3	6
9565	2	35	50	8	4	152	4	2
9566	13	67	4012	20	8	47	4	6
9567	17	22	4013	6	38	1630	7	8
9568	2	2	4015	12	8	7	15	12
9569	988	3	2	12	8	7	15	12
9570	6	35	50	2559	1	10	4	30
9571	6	1209	2	12	8	7	15	12
9572	2	4	74	2561	8	491	15	12
9573	6	102	4018	235	70	1	1	6
9574	7	2	4019	2562	69	5	1	164
9575	56	1	177	137	100	1	1148	85
9576	2	127	335	8	2	1724	121	125
9577	17	22	4020	28	8	21	7	6
9578	5	143	659	229	199	1725	116	1
9579	2	22	48	2563	31	28	30	6
9580	12	2	4021	8	4	2	4	2
9581	990	3	4022	100	83	1	1	66
9582	204	152	4023	12	146	69	3	122
9583	3	3	3	1	3	1	4	1311
9584	2	127	335	8	2	2	121	1312
9585	4	1	572	345	38	1726	18	1
9586	4	11	1084	413	203	1	1	1
9587	17	22	12	28	8	334	7	6
9588	56	82	676	131	38	1	4	1
9589	17	22	12	94	1420	1727	51	1
9590	13	3	75	8	329	40	59	6
9591	6	505	10	12	8	1728	7	19
9592	991	2	241	8	8	1	1	108
9593	992	5	4025	12	1421	1	10	8
9594	4	4	385	2564	44	1729	140	165
9595	70	1	229	2565	8	1730	4	24
9596	2	1	266	131	132	1731	1149	152
9597	4	133	321	2566	151	1	124	1
9598	2	82	135	8	4	1732	4	2
9599	2	248	4026	6	38	29	7	8
9600	2	2	2	12	1422	7	15	12
9601	2	1	4027	6	38	29	7	8
9602	2	2	2	12	8	1733	15	12
9603	2	2	2	12	8	7	15	1313
9604	2	2	4028	12	8	7	15	12
9605	993	3	3	1	3	1	4	3
9606	994	35	54	43	1	10	4	30
9607	6	3	2	12	1423	7	15	12
9608	6	3	2	12	8	873	15	12
9609	2	1	58	2567	38	29	7	8
9610	3	3	3	1	3	1734	4	3
9611	3	3	3	1	3	1	4	1314
9612	2	248	4029	6	38	29	7	8
9613	2	1	4030	6	38	29	1151	8
9614	3	3	3	1	3	1	1152	3
9615	2	1	58	2569	38	29	7	8
9616	6	3	2	12	8	1736	15	12
9617	2	1	58	6	38	29	1153	8
9618	2	2	3834	12	8	7	1154	12
9619	2	1	58	6	1424	29	7	8
9620	345	3	3	1	3	1	1155	3
9621	21	65	75	8	2	32	4	1
9622	2	1	4031	2569	38	29	7	8
9623	6	3	2	12	1425	7	15	12
9624	995	3	3	1	3	1	4	3
9625	2	1	4032	2571	38	29	7	8
9626	2	1	58	6	1426	29	7	8
9627	2	248	2192	6	1427	29	7	8
9628	2	248	4033	6	38	29	7	8
9629	46	45	67	389	46	10	4	72
9630	6	140	154	2573	8	116	4	5
9631	996	3	2	12	1428	7	15	12
9632	15	1211	2791	2574	319	1738	241	252
9633	14	299	4034	78	321	17	99	269
9634	14	27	4035	2575	110	17	39	15
9635	356	13	4036	1249	23	9	23	100
9636	9	13	128	237	1429	9	23	43
9637	42	72	159	113	1430	17	82	245
9638	12	1212	41	35	71	1	28	28
9639	997	147	353	1	71	1	140	139
9640	12	2	135	8	4	1739	4	2
9641	12	1	4037	1	1	1	1156	1
9642	2	22	48	42	31	28	30	1316
9643	2	1	58	6	459	29	7	8
9644	2	1	4038	6	38	29	7	8
9645	13	31	750	2576	359	1740	7	6
9646	6	3	2	12	8	1741	15	12
9647	14	44	1296	2577	1431	1742	153	50
9648	2	2	2	2578	2	2	3	2
9649	3	3	3	1	3	1743	1157	3
9650	3	3	4039	1	3	1	4	3
9651	46	45	67	1162	46	1	1	1317
9652	12	1213	23	19	10	1	1	1
9653	46	45	67	389	46	1	1	1
9654	2	2	2	742	8	7	15	12
9655	2	2	198	12	8	7	15	12
9656	56	3	455	1	232	1	17	68
9657	12	30	41	35	71	766	28	1319
9658	21	22	12	2579	17	10	7	6
9659	100	16	162	108	11	54	3	8
9660	2	2	2508	12	8	531	15	12
9661	998	3	2	12	8	1744	15	12
9662	6	3	4041	12	8	7	15	12
9663	2	2	2	281	8	1745	15	12
9664	2	2	2	12	8	1746	15	12
9665	2	2	2	281	8	531	15	12
9666	6	3	2	2580	8	7	15	12
9667	2	2	2	12	8	531	1158	12
9668	2	2	2	12	8	531	1159	12
9669	2	2	2	12	8	531	1160	12
9670	2	2	4042	12	8	531	15	12
9671	2	2	2	12	8	1747	15	12
9672	2	2	2	12	8	1748	15	12
9673	339	2	4043	12	8	531	15	12
9674	339	2	2	12	8	1749	15	12
9675	2	2	2	1318	8	531	15	12
9676	2	2	4044	12	8	531	15	12
9677	2	1	4045	131	1	1	7	1320
9678	2	45	4046	1	11	10	4	8
9679	2	28	4047	12	26	2	3	26
9680	46	61	89	71	59	1750	23	49
9681	9	13	4048	76	23	9	322	1321
9682	46	61	1572	129	17	60	56	15
9683	999	1	1	1	1	1	2	1
9684	2	15	18	2582	13	10	4	2
9685	20	3	1	2583	119	7	7	104
9686	2	16	20	21	19	1	838	14
9687	4	1	307	209	38	424	315	107
9688	14	77	187	78	1432	68	76	1322
9689	14	27	170	1773	290	17	258	109
9690	15	771	2626	493	1433	127	1162	81
9691	811	4	4049	27	8	1751	3	6
9692	9	13	225	2584	66	1752	16	32
9693	6	16	20	21	146	1	3	2
9694	14	27	4050	113	103	17	522	15
9695	2	4	74	12	8	7	1163	12
9696	2	82	135	2585	4	12	4	1323
9697	6	35	158	8	1434	32	4	1
9698	6	3	4051	12	8	7	15	12
9699	2	1011	4052	1	1215	1439	1006	1108
9700	1000	31	112	12	31	1	30	6
9701	2	82	188	91	1435	1	63	1
9702	2	2	1145	12	8	2	4	6
9703	2	3	4053	131	7	1	61	55
9704	2	7	4054	228	38	15	40	180
9705	2	82	4055	8	4	12	4	2
9706	22	147	353	2586	71	1	140	139
9707	1001	2	1010	1	219	1754	28	184
9708	4	1	307	209	38	1	28	1324
9709	2	4	252	12	127	1755	4	6
9710	724	3	1024	8	8	40	59	6
9711	2	4	4056	12	8	7	15	12
9712	2	2	3055	131	11	1	1	2
9713	4	5	4057	4	5	1	5	4
9714	12	1	70	161	1	1	4	163
9715	2	22	368	42	31	28	1164	6
9716	1002	3	23	19	10	1	1	1325
9717	483	2	2	12	8	7	15	12
9718	1	1	1	1	1	159	2	1
9719	1003	3	129	100	1437	1	1	66
9720	6	3	129	100	83	836	1	66
9721	21	5	296	241	224	1756	4	2
9722	1	1	4058	1	1	1	2	1
9723	1	1	1	2587	1	1	2	1
9724	1	1	1	1	1438	1	2	1
9725	2	15	18	2588	13	10	4	2
9726	1	1	1	14	1	1	2	1
9727	4	1215	14	4	5	1	5	4
9728	164	192	129	100	83	1757	226	66
9729	4	5	4060	4	5	1	5	4
9730	2	1	58	6	38	1759	7	8
9731	13	18	4061	8	8	7	84	108
9732	4	293	4062	214	11	1	4	8
9733	4	5	4063	4	5	1	5	4
9734	1004	30	3430	35	71	1	28	28
9735	5	3	4064	2590	7	1	61	55
9736	1	1	4065	1	1	1	2	1
9737	129	9	3380	2591	2	10	17	1
9738	6	35	54	43	1	10	838	30
9739	13	18	129	8	8	7	84	108
9740	1	1	1	2592	1	1	208	1
9741	95	1	4067	131	8	1	4	5
9742	2	139	4068	12	8	10	4	2
9743	1005	1	1	1	1	1	2	1
9744	2	2	2	12	67	7	15	12
9745	2	1	4069	6	38	29	7	8
9746	3	3	4071	1	3	1	4	3
9747	79	2	185	116	46	7	7	2
9748	13	67	4072	20	8	47	4	6
9749	1	1	4073	1	1	1	2	1
9750	17	22	12	28	8	1760	7	6
9751	22	147	352	231	1439	10	143	140
9752	3	3	3	1	3	1	727	3
9753	20	3	55	46	1	1	32	1326
9754	20	3	4074	46	1	1	32	5
9755	20	1218	4075	1691	8	1	4	6
9756	13	31	112	12	31	1761	30	6
9757	3	1219	3	1	3	1	4	3
9758	2	3	1713	1020	2	1762	7	551
9759	1	1	1	2593	1	1	2	1
9760	2	1220	1284	12	8	38	10	421
9761	6	35	4076	43	1	10	4	30
9762	1006	2	135	8	4	2	4	2
9763	2	1221	110	243	180	1763	4	1
9764	7	145	12	231	71	125	135	175
9765	22	3	4077	1	11	10	4	8
9766	94	2	336	208	7	122	132	1328
9767	12	3	4078	200	140	15	1166	1
9768	6	4	10	2	4	1764	129	2
9769	1	1	4079	1	1	1	2	1
9770	79	45	67	2594	8	7	15	12
9771	1007	82	2804	8	4	12	4	2
9772	2	2	1903	12	8	7	15	12
9773	56	1	2	12	8	1765	28	2
9774	2	28	4080	12	8	38	10	421
9775	6	332	4081	43	1	10	4	30
9776	541	31	210	12	31	1	30	6
9777	2	12	4082	12	11	1	10	8
9778	6	107	1200	6	47	1766	132	1
9779	6	3	2	12	8	7	15	1329
9780	3	3	4083	1	3	1	4	3
9781	3	3	3	1	3	1767	4	3
9782	17	22	160	28	8	21	7	1331
9783	46	415	67	389	46	337	309	1
9784	3	3	4084	1	3	1	4	3
9785	2	1222	2073	246	1441	155	194	2
9786	6	35	54	43	1	1768	4	30
9787	13	3	152	123	78	51	16	1
9788	46	338	67	389	46	337	309	1
9789	13	2	347	89	46	9	16	32
9790	13	2	67	129	46	9	1167	58
9791	2	344	74	12	8	7	15	12
9792	22	3	46	1	11	1769	4	1
9793	13	31	102	8	8	1770	1	66
9794	17	1223	160	28	8	21	7	6
9795	9	13	4085	93	66	51	16	67
9796	12	2	135	2598	4	2	4	2
9797	2	1	58	470	38	445	7	8
9798	6	3	4086	12	8	7	15	12
9799	12	2	135	8	4	1771	4	2
9800	2	4	74	2600	8	7	15	12
9801	1	625	1	1	1	1	2	1
9802	1	1	1	1	1442	1	2	1
9803	1	1	4087	1	1	1	2	1
9804	3	1224	3	1	3	1	4	1332
9805	9	1225	1326	30	23	9	445	21
9806	2	1	58	6	38	1772	7	8
9807	7	145	4088	2601	1	1773	1	1
9808	13	3	2919	8	8	40	59	1333
9809	12	3	1223	618	54	117	1168	1
9810	2	2	2	12	8	1774	15	12
9811	4	1	208	269	3	1	1	2
9812	6	48	1159	240	469	1	1169	2
9813	1008	30	4089	1	149	1775	4	11
9814	2	29	4090	1	5	220	27	27
9815	139	1227	47	423	8	1	4	29
9816	5	143	4091	229	1	1	147	1
9817	2	82	263	1218	4	1	4	2
9818	1010	2	135	8	4	2	4	2
9819	12	2	135	455	4	999	4	2
9820	12	2	135	8	4	1776	4	2
9821	12	2	135	8	4	2	4	1335
9822	12	2	135	8	4	1777	4	2
9823	12	2	135	8	1443	2	4	2
9824	2	2	1911	2603	31	1	296	6
9825	2	28	4093	12	8	90	4	46
9826	12	2	135	2604	4	2	4	2
9827	12	1228	23	19	10	1021	1	1
9828	56	1	4094	12	8	103	28	2
9829	2	1	58	2605	38	29	7	8
9830	2	1	58	1295	38	1778	7	8
9831	6	102	4095	235	70	1	1	6
9832	164	192	129	100	83	7	1170	66
9833	12	2	135	8	4	999	4	1336
9834	22	3	46	346	11	10	4	8
9835	17	22	160	2606	8	21	7	6
9836	431	519	4096	891	130	346	72	462
9837	13	3	152	123	78	17	39	1
9838	136	594	1986	493	723	100	482	648
9839	46	61	89	2119	46	17	56	2
9840	42	27	1287	121	1444	17	39	15
9841	14	342	2795	1154	110	1779	82	15
9842	82	77	187	2607	1445	68	112	1337
9843	54	86	4097	24	42	17	39	15
9844	14	2	956	78	89	17	39	15
9845	14	1229	1377	506	25	580	56	25
9846	1012	243	434	101	80	253	70	64
9847	42	72	170	487	110	17	39	260
9848	42	94	2602	1639	110	68	760	15
9849	15	363	4098	675	410	1100	350	231
9850	1013	80	512	1076	92	17	560	15
9851	1014	77	187	78	369	17	39	1338
9852	1015	27	1671	48	92	17	39	15
9853	14	80	161	2610	110	17	203	15
9854	13	509	67	605	46	23	82	58
9855	14	1231	1836	853	20	731	39	15
9856	9	88	3596	2611	16	9	23	20
9857	9	88	3596	136	16	9	23	20
9858	9	13	4100	65	23	9	24	22
9859	9	13	4101	259	23	9	23	195
9860	9	13	2087	30	1446	9	938	57
9861	9	1000	4102	66	56	9	611	22
9862	9	1232	82	2612	23	9	46	42
9863	862	13	499	93	509	9	16	32
9864	9	37	4103	66	23	1782	1172	20
9865	9	13	4104	62	543	9	53	36
9866	1017	1233	4105	47	23	9	24	1340
9867	26	1234	107	88	68	9	53	57
9868	9	236	427	2613	72	9	96	22
9869	9	13	1522	65	23	56	73	1341
9870	26	13	4106	76	16	9	105	32
9871	34	1235	4107	30	46	9	22	246
9872	15	1236	1274	2614	731	516	72	205
9873	42	27	553	121	92	17	39	1342
9874	14	44	4108	144	1447	1783	1173	15
9875	14	105	2597	575	75	23	56	1
9876	14	105	2597	2616	118	23	56	103
9877	14	80	234	128	69	1784	39	1
9878	15	268	488	227	1038	1428	72	135
9879	42	27	1287	822	92	17	82	245
9880	13	1238	152	123	78	17	39	1
9881	13	1239	152	123	78	1785	41	1
9882	1018	1241	251	389	46	540	56	232
9883	42	27	170	48	548	17	830	15
9884	42	27	170	575	75	17	39	1
9885	910	265	4109	363	315	17	56	25
9886	14	1242	1671	48	92	17	39	15
9887	21	35	463	316	46	17	231	15
9888	14	27	1852	153	61	1788	94	429
9889	1019	116	4110	2620	130	585	20	462
9890	146	1245	4111	2621	181	1789	1175	1345
9891	14	1246	147	506	91	17	39	71
9892	1021	3	4112	245	69	17	39	123
9893	297	144	347	2059	17	637	72	1
9894	14	80	493	165	544	17	39	15
9895	15	285	2627	2623	606	100	1178	135
9896	9	13	855	1649	23	9	24	332
9897	9	275	520	30	56	539	249	1346
9898	9	40	60	50	23	9	1179	34
9899	9	24	35	31	23	9	466	22
9900	46	45	67	88	46	9	53	1
9901	9	13	116	62	621	9	1180	36
9902	9	24	963	630	23	9	22	34
9903	9	13	678	342	56	9	22	1
9904	331	13	1625	389	46	624	519	1
9905	9	603	4113	31	23	9	23	100
9906	9	603	4113	31	23	9	23	1347
9907	26	58	107	88	1449	9	53	1038
9908	1023	1	177	137	100	1	81	85
9909	9	13	4114	2624	16	9	23	1348
9910	14	91	4115	2036	1162	98	944	1045
9911	178	272	4117	409	273	1790	230	243
9912	6	11	12	11	1450	1	1	1
9913	72	13	419	970	23	9	23	22
9914	72	528	4119	2625	23	9	979	1349
9915	15	148	4120	2144	304	100	72	250
9916	15	271	4121	521	273	263	603	231
9917	9	13	82	30	1451	9	46	1350
9918	26	13	1420	122	23	9	24	34
9919	14	105	4122	2626	1452	23	82	23
9920	1024	13	79	63	49	33	24	34
9921	9	13	4123	905	23	9	23	22
9922	9	13	2087	30	56	813	239	57
9923	12	3	4124	19	10	1	1	1
9924	9	36	3889	845	72	1791	96	22
9925	6	48	1159	2627	469	1	17	2
9926	9	53	166	65	23	9	1181	78
9927	15	148	4125	2628	723	127	72	443
9928	56	3	362	131	1453	85	1	6
9929	2	3	603	2629	38	120	4	1
9930	1	1	1	1	44	117	4	68
9931	26	13	4126	30	23	9	979	22
9932	376	4	4127	8	2	10	4	2
9933	21	198	12	2630	8	10	7	6
9934	178	76	4128	962	640	737	505	629
9935	17	22	12	28	8	10	7	1351
9936	9	237	485	847	1454	9	201	1352
9937	26	13	150	122	23	9	24	34
9938	19	3	4129	2631	8	7	7	6
9939	17	22	160	2632	8	21	7	6
9940	9	13	1401	885	23	95	23	246
9941	327	3	4130	8	8	40	59	6
9942	9	13	4131	1732	384	9	332	336
9943	6	1247	783	100	83	1	1	66
9944	2	12	1152	131	8	1	5	104
9945	9	17	4132	2633	1262	9	1034	1152
9946	15	580	1927	2634	672	595	570	1048
9947	1025	116	1669	2635	591	263	106	135
9948	4	1	889	341	8	1	28	1
9949	14	27	170	487	1455	17	76	15
9950	2	172	282	288	8	7	84	108
9951	2	2	4133	12	183	7	15	12
9952	9	13	4134	30	56	9	22	246
9953	26	13	3590	79	1029	9	24	34
9954	21	9	47	2637	8	1	4	29
9955	26	13	1359	905	72	9	771	449
9956	6	1	695	2638	202	1	4	1
9957	6	1248	75	8	2	32	4	1
9958	1026	1249	3388	88	1010	9	822	22
9959	9	53	4135	65	23	56	73	20
9960	16	21	4136	2639	22	19	64	1353
9961	9	37	1378	2640	753	9	239	57
9962	26	58	4137	2641	68	9	53	57
9963	14	80	4138	78	722	98	153	646
9964	14	80	1933	111	25	17	39	15
9965	9	603	4113	2643	23	9	23	100
9966	6	107	218	164	38	77	28	776
9967	4	1	307	209	38	1	10	31
9968	6	1250	671	323	17	5	1	58
9969	9	13	4139	31	16	9	46	196
9970	9	627	2080	30	56	393	201	22
9971	9	273	1853	857	23	9	566	22
9972	14	1251	159	421	110	17	39	15
9973	4	96	244	12	8	10	722	2
9974	9	13	4142	2646	23	9	23	22
9975	2	82	4143	8	4	12	4	2
9976	4	9	4144	12	8	10	4	2
9977	9	53	166	65	1457	9	46	78
9978	330	338	1338	854	510	395	533	316
9979	331	13	3200	47	370	9	924	36
9980	97	13	4145	13	167	9	23	138
9981	7	218	576	2647	100	1	4	142
9982	13	31	49	12	266	1792	3	2
9983	9	13	4146	30	23	9	46	42
9984	6	7	269	2537	1404	1392	1	1
9985	9	13	4147	30	23	9	24	43
9986	9	13	3359	30	384	9	204	336
9987	9	13	2007	62	543	9	53	1354
9988	2	16	3076	2648	8	836	7	19
9989	9	13	57	2649	16	9	322	1355
9990	2	82	135	1220	4	12	4	2
9991	20	4	37	2650	4	10	4	62
9992	15	142	1990	2651	273	263	603	231
9993	2	60	110	2652	70	1	214	1
9994	15	76	496	978	273	263	70	231
9995	2	22	48	42	31	1793	30	1356
9996	14	758	170	873	1458	688	565	831
9997	9	13	4148	65	23	9	36	258
9998	222	507	4149	1782	1459	624	1185	929
9999	2	3	152	1589	8	7	84	108
10000	9	502	4150	47	36	9	322	325
10001	22	3	46	2653	11	10	4	8
10002	3	3	3	1296	3	1	4	3
10003	9	13	460	30	56	9	446	1357
10004	9	523	1701	2654	23	9	23	22
10005	13	1253	285	323	17	12	4	162
10006	56	5	75	1220	8	40	59	6
10007	20	238	4151	8	2	10	17	51
10008	1027	22	4152	10	9	547	9	1
10009	1028	338	4153	10	46	547	9	97
10010	336	61	67	338	17	9	1186	57
10011	9	1101	78	62	48	9	23	39
10012	9	1254	82	30	23	9	46	42
10013	26	13	4154	2655	240	1794	46	42
10014	9	13	4155	30	23	9	46	342
10015	9	61	89	71	55	9	49	58
10016	9	24	1658	31	1460	590	23	526
10017	9	1255	2655	30	23	9	96	22
10018	26	13	1348	76	16	9	16	1358
10019	9	3	3705	123	78	1559	73	1
10020	9	45	67	89	46	9	23	58
10021	434	13	1625	970	950	9	510	1
10022	13	3	152	83	78	33	23	1
10023	1029	13	15	2656	12	9	11	9
10024	9	13	15	2657	12	9	11	9
10025	9	13	15	2658	12	9	11	9
10026	9	13	15	2659	12	9	11	9
10027	9	13	4156	13	12	9	11	9
10028	9	13	1423	641	56	539	22	246
10029	31	49	4158	869	526	57	457	451
10030	9	13	15	2660	12	9	11	9
10031	9	13	15	2661	12	9	11	9
10032	9	13	15	2662	12	9	11	9
10033	9	13	15	2663	12	9	11	9
10034	9	13	15	2664	12	9	11	9
10035	9	1256	15	2665	12	9	11	9
10036	9	13	15	2658	1461	9	11	9
10037	9	13	4160	13	1462	9	11	9
10038	9	1257	15	13	12	9	11	9
10039	9	13	15	13	12	1795	11	9
10040	9	13	3320	541	1463	218	23	1072
10041	9	36	4161	30	72	9	96	22
10042	26	37	4162	76	16	9	105	32
10043	9	13	4163	2033	23	9	940	532
10044	1031	1258	1518	936	16	9	23	42
10045	9	13	4164	88	68	9	53	57
10046	9	1259	4165	76	23	9	201	254
10047	9	45	921	389	46	378	23	1
10048	9	13	460	30	56	492	322	246
10049	9	275	4166	30	56	539	249	246
10050	26	13	552	122	23	9	33	36
10051	9	37	4167	2666	23	1796	322	20
10052	9	55	4168	871	530	9	459	452
10053	26	13	552	2667	56	9	471	530
10054	9	13	1822	76	23	1797	23	1359
10055	9	37	420	531	81	1798	204	263
10056	9	13	4169	122	93	9	16	32
10057	9	13	452	2668	23	9	600	100
10058	9	1260	3613	2248	23	9	24	1260
10059	9	13	1423	244	56	33	22	222
10060	9	13	817	617	72	33	23	1360
10061	9	13	4170	62	48	9	23	39
10062	26	13	200	1647	23	9	16	32
10063	26	275	520	30	23	9	1187	254
10064	9	1261	82	2669	23	9	46	42
10065	2	127	10	235	8	40	121	29
10066	20	75	2047	2670	46	10	17	1
10067	1032	2	4171	112	44	1	17	68
10068	2	1262	48	42	31	28	30	6
10069	6	2	749	2671	138	103	28	2
10070	20	1263	738	39	8	10	7	6
10071	17	22	12	2672	8	10	7	6
10072	5	1264	659	538	1	1	116	1
10073	1033	147	353	1	71	1	140	139
10074	56	3	455	131	8	1799	1188	128
10075	6	3	2	12	8	7	15	1361
10076	22	147	352	231	71	256	143	1362
10077	9	13	96	65	23	9	24	22
10078	2	2	2	2673	8	7	15	12
10079	3	3	4172	1	3	1	4	3
10080	4	1	4173	209	38	1	10	107
10081	12	1265	135	8	4	2	4	2
10082	6	1266	2	12	8	7	15	12
10083	12	2	4174	8	4	2	4	2
10084	6	3	4175	12	8	7	15	12
10085	2	1267	58	6	38	29	7	1363
10086	2	82	2334	1345	4	12	4	2
10087	1034	2	135	8	4	2	4	2
10088	4	1	572	228	38	1800	18	1
10089	2	131	944	246	166	1801	157	72
10090	2	2	4176	55	8	7	15	12
10091	2	2	2	12	8	1802	15	12
10092	2	1268	1698	8	8	1	295	2
10093	2	1	58	6	38	1803	7	8
10094	2	2	4177	12	8	7	15	12
10095	12	2	2365	8	4	2	1056	2
10096	1035	1269	145	117	90	55	72	81
10097	330	338	4178	10	9	395	229	1364
10098	9	13	4179	75	66	9	16	32
10099	2	193	13	12	11	335	10	8
10100	2	193	4180	12	11	1	10	8
10101	9	1270	4181	2674	23	9	24	22
10102	2	82	4182	8	4	12	4	2
10103	1036	1271	70	131	11	1	199	1
10104	4	2	88	12	8	1	1190	8
10105	5	143	1436	229	1	1804	116	1
10106	4	2	1039	8	2	10	1191	2
10107	2	4	4183	12	8	491	15	1365
10108	4	1	307	209	553	196	4	107
10109	2	4	74	2675	8	491	15	12
10110	2	22	48	42	31	1806	30	6
10111	56	5	4184	11	10	1	1	1
10112	56	1272	4184	11	10	166	1192	1
10113	4	1	581	2676	32	10	4	2
10114	3	3	3	16	3	159	4	3
10115	6	1273	129	100	83	1	1	66
10116	6	147	4185	2677	100	10	7	142
10117	9	13	4186	30	23	9	23	21
10118	2	7	4187	1	1464	15	4	24
10119	1037	240	433	101	249	18	70	117
10120	1038	116	1486	2230	1465	575	482	1366
10121	373	502	4188	2678	240	1807	1194	1367
10122	1039	13	4190	660	1263	1506	52	42
10123	15	285	4191	409	129	127	72	1368
10124	2	1	58	6	38	29	1195	8
10125	1	1	4192	1	1	1	2	1
10126	2	1	58	6	38	29	7	1369
10127	6	3	2	12	1108	7	15	12
10128	21	4	92	8	8	40	51	1370
10129	56	2	208	2680	1466	10	28	1
10130	6	1	695	2682	403	1	4	1
10131	2	2	2	12	8	7	1196	12
10132	12	2	1743	8	4	1808	4	2
10133	130	210	568	264	217	915	4	24
10134	2	1	58	6	1468	29	7	1371
10135	4	65	608	12	1	10	4	2
10136	2	12	4195	12	11	1	10	8
10137	1040	9	4196	8	2	1	3	6
10138	49	7	4197	223	71	1	4	74
10139	13	31	112	12	31	1	30	1372
10140	1041	35	54	43	1	10	4	30
10141	4	1	572	1582	38	1809	18	1
10142	2	394	58	1565	38	29	7	8
10143	12	2	135	8	4	1810	1197	2
10144	13	34	49	12	32	469	4	2
10145	6	4	4198	8	2	7	84	2
10146	4	1	572	1582	38	1811	18	1
10147	6	3	2	12	8	959	15	1373
10148	244	1	266	131	720	1812	17	1374
10149	20	1276	37	3	4	7	1	62
10150	5	3	4199	338	1	1	116	1
10151	4	1	572	228	38	1813	18	1
10152	12	2	135	327	4	1814	4	2
10153	1043	143	659	2684	199	1	116	1
10154	3	3	3	1	3	1815	4	3
10155	2	1	1057	18	17	496	17	152
10156	12	2	4201	8	4	2	4	2
10157	12	2	135	2685	4	2	4	2
10158	2	82	135	8	4	1816	4	2
10159	2	16	4202	131	8	1	7	19
10160	2	2	2	12	8	1818	15	12
10161	3	3	3	1	3	1819	4	3
10162	2	82	135	8	4	12	4	1376
10163	2	2	2	1886	8	7	15	12
10164	2	2	2	12	8	1820	15	12
10165	12	2	135	2686	4	1821	4	2
10166	200	68	75	2687	8	40	59	6
10167	2	1	4203	131	132	1	17	152
10168	5	143	659	229	199	1822	116	1
10169	4	1	889	341	8	1823	28	8
10170	29	3	71	57	44	31	40	1377
10171	2	82	135	1909	4	12	4	2
10172	2	2	2	12	8	1824	15	12
10173	117	1	743	131	132	1825	17	152
10174	56	1	2	12	8	1826	28	2
10175	1044	22	48	42	31	28	30	6
10176	2	2	2	12	8	1827	15	12
10177	2	82	135	2690	4	12	4	2
10178	2	1	58	2691	38	29	7	8
10179	56	1	177	2692	100	1	81	85
10180	2	2	2	12	8	172	15	12
10181	56	1	177	2693	100	1	81	85
10182	4	82	327	217	8	1828	15	2
10183	2	28	4205	12	8	38	10	46
10184	1045	3	46	1	11	10	4	8
10185	30	46	135	2695	8	10	129	2
10186	2	2	1010	1	1469	203	28	184
10187	12	30	41	35	71	1520	28	28
10188	13	34	49	12	1470	1829	4	1379
10189	9	13	1423	65	23	9	23	341
10190	26	13	3230	30	56	9	22	246
10191	64	140	869	1301	354	1	40	6
10192	7	67	4206	6	38	29	7	8
10193	117	1	1005	371	132	132	17	152
10194	12	2	70	2697	1	1	4	163
10195	6	1278	2	12	8	7	15	12
10196	56	82	1	235	70	1831	1	6
10197	1046	13	1628	122	56	9	22	520
10198	9	13	128	237	23	9	1198	43
10199	9	13	4207	30	23	9	46	42
10200	3	3	3	2699	3	1	4	3
10201	597	1	58	6	38	29	7	8
10202	6	3	2	1710	8	7	15	12
10203	4	196	361	2700	70	1	4	14
10204	6	3	2	328	8	7	15	12
10205	1047	13	4208	2701	23	9	1199	49
10206	1048	1	58	366	38	29	7	8
10207	6	7	6	6	1473	5	1	1
10208	1	1	1	1	1	1832	211	1
10209	6	3	4210	100	83	2	4	66
10210	20	1279	1	12	119	7	7	104
10211	99	147	4211	1	71	1	140	139
10212	17	22	12	28	8	1833	7	6
10213	9	13	460	2081	1474	9	239	57
10214	1	1	1	1	1	1	1200	1
10215	1050	144	4212	761	38	29	7	8
10216	2	3	284	200	140	15	40	1
10217	6	3	2	12	8	1834	15	12
10218	2	1150	13	12	1475	1	10	8
10219	9	13	2087	30	56	9	239	1381
10220	14	27	1933	111	110	17	56	15
10221	2	2	642	1	1476	1	2	1
10222	2	1280	4213	379	8	7	28	8
10223	2	1	58	6	1477	29	7	8
10224	356	13	4214	857	1478	9	445	21
10225	2	2	2	2705	1479	7	15	12
10226	2	1281	930	8	4	1	4	1382
10227	3	3	3	2706	3	1	4	3
10228	2	259	1117	228	7	291	7	995
10229	14	522	4216	165	670	17	39	15
10230	2	1	58	6	1480	29	7	8
10231	6	16	322	2708	4	3	1	2
10232	46	45	67	389	46	1	7	1
10233	2	1	58	2709	38	29	7	8
10234	46	61	4219	116	89	1	4	58
10235	42	27	181	24	92	17	39	15
10236	6	3	4220	100	83	1	1	66
10237	49	7	4221	2711	11	10	100	8
10238	17	22	2263	2710	8	21	7	6
10239	658	2	4224	134	46	29	7	58
10240	1051	3	738	39	8	10	7	6
10241	5	143	659	229	199	1	116	1383
10242	13	3	152	1323	78	9	239	1
10243	13	3	152	30	78	9	239	1
10244	7	3	152	1323	78	9	239	1
10245	13	3	460	30	78	9	239	1
10246	336	3	152	1323	78	9	239	1
10247	336	3	152	30	78	9	239	1
10248	13	3	4225	1323	78	9	239	1
10249	7	3	152	30	78	9	239	1
10250	336	13	460	30	78	9	239	1
10251	1052	13	152	30	78	9	239	1
10252	1053	13	152	30	78	9	239	1
10253	13	13	152	1323	78	9	239	1
10254	336	13	152	30	78	9	239	1
10255	9	13	4226	62	48	9	23	39
10256	12	2	135	8	4	2	1201	2
10257	13	3	152	123	78	9	24	1
10258	38	61	89	134	196	15	4	2
10259	202	3	152	123	78	29	7	1
10260	21	3	152	123	78	399	3	1
10261	21	45	67	89	1483	540	56	58
10262	200	61	12	2713	46	29	7	2
10263	2	1283	4227	1272	1484	1	4	6
10264	21	2	649	2714	220	32	4	58
10265	13	2	4228	2715	75	29	7	8
10266	13	1	4229	2716	38	29	7	1
10267	613	1284	4230	8	4	10	7	6
10268	20	4	4231	2717	8	636	4	24
10269	200	61	3124	89	46	9	105	58
10270	129	210	3165	8	2	10	17	1
10271	9	263	4233	2718	288	9	1202	1385
10272	811	4	4234	27	8	1751	3	6
10273	14	342	4235	165	92	17	805	646
10274	46	61	956	116	46	9	105	32
10275	1055	1286	200	76	16	9	105	32
10276	17	1287	12	28	8	10	7	6
10277	6	3	4236	8	2	2	3	1386
10278	9	13	351	69	169	9	145	1387
10279	17	22	4237	28	8	10	7	6
10280	2	1288	2	12	8	7	15	12
10281	13	31	739	57	44	1839	4	148
10282	13	31	739	2719	44	146	4	148
10283	2	65	425	89	8	7	47	6
10284	17	22	282	2720	4	114	5	127
10285	2	1	58	2721	38	29	7	8
10286	20	4	4238	3	4	10	4	62
10287	6	4	110	301	137	2	4	6
10288	7	3	152	123	78	10	4	1
10289	20	1289	738	39	8	10	7	6
10290	12	120	1014	2727	260	114	15	1
10291	46	28	3103	12	8	90	4	46
10292	17	1290	12	28	8	10	7	6
10293	4	89	244	12	8	90	4	2
10294	38	61	89	134	46	1	1	58
10295	2	45	642	228	38	1	27	1
10296	2	1291	48	42	31	1840	30	6
10297	4	75	928	12	1486	152	191	2
10298	6	16	322	3	4	3	276	2
10299	49	7	4240	223	71	1	4	74
10300	2	190	4241	7	100	10	166	8
10301	56	1	4242	12	8	1765	28	2
10302	56	1	177	2731	100	1	81	85
10303	20	3	70	161	1	1842	4	19
10304	2	4	326	43	1	40	1203	83
10305	20	3	738	39	8	1843	35	6
10306	2	1	58	2732	38	29	7	8
10307	2	28	87	2733	8	38	10	46
10308	14	27	4243	113	103	17	522	15
10309	14	80	4244	48	45	17	41	15
10310	47	268	4245	409	1487	55	72	1388
10311	42	27	553	121	92	17	39	1389
10312	14	1292	3352	121	110	98	251	109
10313	14	516	4246	2232	1231	688	565	578
10314	136	226	4247	2734	21	100	72	1390
10315	14	106	216	163	114	1844	82	1391
10316	1058	240	486	492	291	100	72	236
10317	9	1293	4248	30	56	9	23	32
10318	9	13	4249	79	16	1845	23	20
10319	9	13	2823	2735	23	9	1204	32
10320	9	13	33	30	16	9	1205	20
10321	9	55	100	83	23	33	23	52
10322	2	2	1226	12	8	7	15	12
10323	6	3	2	12	8	7	15	1392
10324	2	82	4250	8	4	12	4	2
10325	136	432	4251	2736	1488	127	72	436
10326	14	27	72	58	45	1846	41	15
10327	13	61	67	193	46	395	354	7
10328	1059	338	1338	854	510	395	354	316
10329	330	338	2622	10	9	817	9	7
10330	9	37	4252	660	16	9	36	1393
10331	9	1294	4253	30	56	9	201	22
10332	53	1295	4254	2440	23	1847	455	1394
10333	9	13	349	237	23	1848	23	22
10334	9	1296	1444	903	288	9	471	143
10335	136	432	3319	1245	1186	535	20	81
10336	26	58	2859	88	68	9	53	57
10337	9	13	4255	641	23	9	96	482
10338	9	13	4256	2737	570	526	204	143
10339	15	230	4257	274	129	18	230	252
10340	1060	13	349	237	23	9	23	22
10341	14	72	159	113	95	17	1206	15
10342	9	13	33	30	16	9	1207	20
10343	9	1297	3356	62	1489	9	446	42
10344	9	13	4258	65	51	34	45	41
10345	1030	13	4259	857	23	9	929	20
10346	9	13	1444	903	288	9	24	624
10347	9	13	421	31	23	9	24	57
10348	9	13	4260	65	23	9	36	259
10349	9	13	1719	999	16	9	1208	256
10350	200	61	67	62	46	9	23	58
10351	9	13	4261	523	23	9	36	259
10352	1061	13	4262	30	23	1849	96	22
10353	9	13	3384	888	23	95	23	254
10354	9	1299	963	630	23	9	22	34
10355	13	3	152	123	78	98	39	1
10356	2	65	204	28	8	1850	4	2
10357	6	3	2	299	8	7	1209	12
10358	15	271	348	274	406	726	72	351
10359	54	86	439	2739	92	17	56	15
10360	14	19	4263	24	1490	1851	1173	15
10361	178	442	503	409	273	127	1210	231
10362	6	102	10	2740	70	1	1	6
10363	47	76	4264	117	90	55	72	81
10364	9	13	33	2741	16	9	22	20
10365	15	615	4266	342	55	276	259	58
10366	14	1300	4267	78	1255	73	1211	1395
10367	200	61	1430	338	17	68	56	93
10368	14	27	179	139	86	17	56	1396
10369	1062	1301	4268	1282	135	70	1212	90
10370	14	80	234	2742	120	17	39	1397
10371	175	1302	4269	2743	1491	262	1213	1398
10372	15	269	1600	493	181	1852	431	420
10373	15	230	458	274	1492	18	230	227
10374	15	116	1486	921	130	100	1214	475
10375	15	76	1376	227	533	849	636	454
10376	15	493	4270	1133	1494	728	72	1399
10377	42	80	4271	822	321	65	56	232
10378	15	142	4272	409	273	18	618	231
10379	14	19	26	24	20	1854	19	15
10380	46	45	4273	389	46	17	82	1
10381	1063	91	2084	2072	779	98	56	15
10382	14	27	3329	929	303	1408	76	15
10383	42	300	159	106	25	17	39	15
10384	54	86	173	24	42	1403	39	15
10385	14	1303	4274	2745	556	580	86	90
10386	52	80	165	48	37	17	34	15
10387	1064	275	520	30	56	1855	249	246
10388	26	948	200	76	16	9	105	32
10389	9	17	4275	17	16	666	16	105
10390	9	13	1420	122	23	1856	23	100
10391	9	263	3227	30	66	9	22	22
10392	9	258	448	30	56	539	22	222
10393	46	45	67	563	46	1857	22	273
10394	9	24	4276	2735	23	9	38	195
10395	9	13	827	66	583	604	255	256
10396	9	13	1387	76	23	9	23	1400
10397	9	35	427	30	72	9	96	22
10398	9	36	754	18	17	9	96	58
10399	26	45	67	389	46	9	24	1
10400	28	45	844	18	17	9	250	58
10401	9	13	4277	65	23	9	1216	195
10402	9	13	82	30	23	9	46	1401
10403	14	58	280	89	46	9	53	58
10404	184	13	4278	2746	306	666	253	253
10405	21	9	4279	41	8	1	4	29
10406	6	126	292	131	11	1	1	2
10407	2	2	4280	12	8	7	15	12
10408	2	1	58	6	38	1858	7	8
10409	2	2	1598	12	8	7	15	12
10410	3	3	4281	346	3	1	4	3
10411	244	1	4282	6	38	29	7	8
10412	3	3	3	1	3	1	1217	3
10413	3	3	3	1	3	190	4	3
10414	2	2	2	12	8	1860	15	12
10415	2	159	109	3	4	3	1	759
10416	12	2	135	8	4	1861	4	2
10417	12	2	135	2747	4	2	4	2
10418	285	7	269	6	7	5	1	1
10419	12	2	135	2748	4	2	4	2
10420	2	4	109	2749	4	3	1	2
10421	2	1	58	6	38	1862	7	8
10422	12	2	135	8	1368	2	4	2
10423	2	2	2	2750	8	7	15	12
10424	36	1	58	2751	38	29	7	8
10425	3	3	3	1482	3	1	4	3
10426	3	3	4281	1	3	1	4	3
10427	1065	2	2	301	8	7	15	12
10428	12	2	135	2752	4	1864	4	2
10429	2	4	109	2753	4	3	1	2
10430	2	2	2	12	8	1865	15	12
10431	8	3	8	1	8	1	1218	1
10432	2	1	4283	6	38	29	7	8
10433	2	2	2	12	8	7	15	1402
10434	2	1	58	6	38	29	7	1403
10435	12	30	1106	35	71	1	28	1404
10436	12	145	666	228	38	15	40	1405
10437	2	2	2	2755	8	7	15	12
10438	2	82	135	2756	4	867	4	2
10439	56	82	1	235	70	1	1219	6
10440	2	1305	20	1	11	64	14	8
10441	56	201	625	8	138	1	302	2
10442	2	308	647	94	8	7	7	24
10443	2	82	1237	211	8	1	1	1
10444	17	22	4284	6	38	29	7	8
10445	2	1	88	12	54	1	135	1
10446	6	246	642	1	1496	1	61	1
10447	14	27	3304	111	534	1866	39	455
10448	9	1307	448	30	56	539	22	222
10449	56	5	4286	12	8	1	1220	24
10450	17	22	12	28	8	1867	7	6
10451	2	2	2	12	8	501	15	12